#
# A fatal error has been detected by the Java Runtime Environment:
#
#  EXCEPTION_ACCESS_VIOLATION (0xc0000005) at pc=0x00007ff91e13e823, pid=9800, tid=22716
#
# JRE version: OpenJDK Runtime Environment (21.0.9) (build 21.0.9+-14787801-b1163.94)
# Java VM: OpenJDK 64-Bit Server VM (21.0.9+-14787801-b1163.94, mixed mode, tiered, compressed oops, compressed class ptrs, g1 gc, windows-amd64)
# Problematic frame:
# V  [jvm.dll+0x3be823]
#
# No core dump will be written. Minidumps are not enabled by default on client versions of Windows
#
# If you would like to submit a bug report, please visit:
#   https://youtrack.jetbrains.com/issues/JBR
#

---------------  S U M M A R Y ------------

Command Line: --add-opens=java.base/java.lang=ALL-UNNAMED --add-opens=java.base/java.lang.invoke=ALL-UNNAMED --add-opens=java.base/java.util=ALL-UNNAMED --add-opens=java.prefs/java.util.prefs=ALL-UNNAMED --add-exports=jdk.compiler/com.sun.tools.javac.api=ALL-UNNAMED --add-exports=jdk.compiler/com.sun.tools.javac.util=ALL-UNNAMED --add-opens=java.base/java.util=ALL-UNNAMED --add-opens=java.prefs/java.util.prefs=ALL-UNNAMED --add-opens=java.base/java.nio.charset=ALL-UNNAMED --add-opens=java.base/java.net=ALL-UNNAMED --add-opens=java.base/java.util.concurrent=ALL-UNNAMED --add-opens=java.base/java.util.concurrent.atomic=ALL-UNNAMED --add-opens=java.xml/javax.xml.namespace=ALL-UNNAMED --add-opens=java.base/java.time=ALL-UNNAMED -Xmx2048m -Dfile.encoding=UTF-8 -Duser.country=ES -Duser.language=es -Duser.variant -javaagent:C:\Users\cerez\.gradle\wrapper\dists\gradle-9.3.1-bin\23ovyewtku6u96viwx3xl3oks\gradle-9.3.1\lib\agents\gradle-instrumentation-agent-9.3.1.jar org.gradle.launcher.daemon.bootstrap.GradleDaemon 9.3.1

Host: AMD Ryzen 7 5800X 8-Core Processor             , 16 cores, 31G,  Windows 11 , 64 bit Build 26100 (10.0.26100.7920)
Time: Sat Mar 14 11:53:31 2026 Hora estándar romance elapsed time: 12.584479 seconds (0d 0h 0m 12s)

---------------  T H R E A D  ---------------

Current thread (0x0000026716316e20):  JavaThread "C2 CompilerThread0" daemon [_thread_in_native, id=22716, stack(0x000000adae700000,0x000000adae800000) (1024K)]


Current CompileTask:
C2:12584 23299 %     4       com.android.tools.r8.internal.mu1::a @ 1755 (4153 bytes)

Stack: [0x000000adae700000,0x000000adae800000],  sp=0x000000adae7fc610,  free space=1009k
Native frames: (J=compiled Java code, j=interpreted, Vv=VM code, C=native code)
V  [jvm.dll+0x3be823]
V  [jvm.dll+0x3b7fdd]
V  [jvm.dll+0x1dfaf8]
V  [jvm.dll+0x2495b4]
V  [jvm.dll+0x248a31]
V  [jvm.dll+0x1c7344]
V  [jvm.dll+0x2581ae]
V  [jvm.dll+0x2566f6]
V  [jvm.dll+0x3f48a6]
V  [jvm.dll+0x80f118]
V  [jvm.dll+0x6d54ed]
C  [ucrtbase.dll+0x37b0]
C  [KERNEL32.DLL+0x2e8d7]
C  [ntdll.dll+0x8c48c]


siginfo: EXCEPTION_ACCESS_VIOLATION (0xc0000005), reading address 0x000000c0000006a0


Registers:
RAX=0x00000267236f9820, RBX=0x000000adae7fc730, RCX=0x00000267236f9840, RDX=0x0000000000000034
RSP=0x000000adae7fc610, RBP=0x000000adae7fe1b0, RSI=0x0000000000001860, RDI=0x000000000000030c
R8 =0x000000000400001e, R9 =0x00000000005de1f0, R10=0x0000000000000000, R11=0x000000adae7fc4b0
R12=0x000002672bf88920, R13=0x00007ff91e9203d0, R14=0x000000c0000006a0, R15=0x000002672f8ea7a0
RIP=0x00007ff91e13e823, EFLAGS=0x0000000000010202

XMM[0]=0x0000000000000000 0x0000000000000000
XMM[1]=0x0000000000000000 0x0000000000000000
XMM[2]=0x0000000000000000 0x0000000000000000
XMM[3]=0x0000000000000000 0x0000000000000000
XMM[4]=0x0000000000000000 0x0000000000000000
XMM[5]=0x0000000000000000 0x0000000000000000
XMM[6]=0x0000000000000000 0x0000000000000000
XMM[7]=0x0000000000000000 0x0000000000000000
XMM[8]=0x0000000000000000 0x0000000000000000
XMM[9]=0x0000000000000000 0x0000000000000000
XMM[10]=0x0000000000000000 0x0000000000000000
XMM[11]=0x0000000000000000 0x0000000000000000
XMM[12]=0x0000000000000000 0x0000000000000000
XMM[13]=0x0000000000000000 0x0000000000000000
XMM[14]=0x0000000000000000 0x0000000000000000
XMM[15]=0x0000000000000000 0x0000000000000000
  MXCSR=0x00001fa0


Register to memory mapping:

RAX=0x00000267236f9820 points into unknown readable memory: 0x00000267282b4160 | 60 41 2b 28 67 02 00 00
RBX=0x000000adae7fc730 is pointing into the stack for thread: 0x0000026716316e20
RCX=0x00000267236f9840 points into unknown readable memory: 0x0000000000000000 | 00 00 00 00 00 00 00 00
RDX=0x0000000000000034 is an unknown value
RSP=0x000000adae7fc610 is pointing into the stack for thread: 0x0000026716316e20
RBP=0x000000adae7fe1b0 is pointing into the stack for thread: 0x0000026716316e20
RSI=0x0000000000001860 is an unknown value
RDI=0x000000000000030c is an unknown value
R8 =0x000000000400001e is an unknown value
R9 =0x00000000005de1f0 is an unknown value
R10=0x0 is null
R11=0x000000adae7fc4b0 is pointing into the stack for thread: 0x0000026716316e20
R12=0x000002672bf88920 points into unknown readable memory: 0x00000267162998b0 | b0 98 29 16 67 02 00 00
R13=0x00007ff91e9203d0 jvm.dll
R14=0x000000c0000006a0 is an unknown value
R15=0x000002672f8ea7a0 points into unknown readable memory: 0x000000130000000e | 0e 00 00 00 13 00 00 00

Top of Stack: (sp=0x000000adae7fc610)
0x000000adae7fc610:   0000000000000000 000000adae7fc730
0x000000adae7fc620:   0000000000000020 00000267236fa040
0x000000adae7fc630:   000000000000000a 00000267167400a0
0x000000adae7fc640:   0000000000000008 000000adae7fc760
0x000000adae7fc650:   000000adae7fccc0 00007ff91e137fdd
0x000000adae7fc660:   000002672deac8a0 0000000000000000
0x000000adae7fc670:   000000000000000a 00007ff9b1ce3cb1
0x000000adae7fc680:   000000adae7fc6a0 00007ff900000006
0x000000adae7fc690:   00000008ffffffff 000002670000000a
0x000000adae7fc6a0:   0000000a00000000 0000000e00000000
0x000000adae7fc6b0:   0000000000000000 0000000a00000003
0x000000adae7fc6c0:   0000000d00000008 00007ff900000000
0x000000adae7fc6d0:   0000026700000009 000002672deac8a0
0x000000adae7fc6e0:   000000010000016a 0000000000000000
0x000000adae7fc6f0:   0000000000000000 0000000200001278
0x000000adae7fc700:   0000001300000013 00000267236fa040
0x000000adae7fc710:   00000267208f7ec0 000000adae7fc730
0x000000adae7fc720:   000002672deaca6c 000002672deaca74
0x000000adae7fc730:   000000130000000e 0000026735fab050
0x000000adae7fc740:   0000000000000133 0000000000000998
0x000000adae7fc750:   000002672c99def0 00000000000006d8
0x000000adae7fc760:   000002672c99def0 00007ff91e36097a
0x000000adae7fc770:   000000000000001d 000000adae7fc819
0x000000adae7fc780:   0000000000000000 000000adae7fc819
0x000000adae7fc790:   000000adae7fc808 00007ff91e5a28c0
0x000000adae7fc7a0:   000002672bf88920 0000000000000998
0x000000adae7fc7b0:   0000026700000010 00000267162958d0
0x000000adae7fc7c0:   000002670400001e 0000026700000000
0x000000adae7fc7d0:   0000026716290000 0000000000000000
0x000000adae7fc7e0:   00000267162958d0 000002672c99de00
0x000000adae7fc7f0:   0000000000278740 00007ff91e7020a8
0x000000adae7fc800:   0000000000000000 0000000000000000 

Instructions: (pc=0x00007ff91e13e823)
0x00007ff91e13e723:   00 48 8b 4c 3d 00 41 8b d0 48 c1 e2 03 48 8b 81
0x00007ff91e13e733:   68 06 00 00 48 8b 88 80 00 00 00 4c 8b 89 d0 08
0x00007ff91e13e743:   00 00 49 8b 49 18 49 8b 41 20 48 2b c1 48 3b c2
0x00007ff91e13e753:   72 0a 48 8d 04 11 49 89 41 18 eb 0e 45 33 c0 49
0x00007ff91e13e763:   8b c9 e8 96 24 d0 ff 48 8b c8 44 8b 83 90 00 00
0x00007ff91e13e773:   00 ba 34 00 00 00 33 ff 48 89 4b 08 45 85 c0 0f
0x00007ff91e13e783:   84 d5 00 00 00 65 48 8b 04 25 58 00 00 00 4c 89
0x00007ff91e13e793:   64 24 50 4c 89 6c 24 58 4c 8d 2d 2e 1c 7e 00 4c
0x00007ff91e13e7a3:   89 74 24 60 4c 8d 24 f0 0f 1f 44 00 00 49 8b 47
0x00007ff91e13e7b3:   08 48 8d 34 fd 00 00 00 00 4c 8b 34 06 4d 3b f5
0x00007ff91e13e7c3:   75 0a 48 8b 43 08 4c 89 2c 06 eb 6c 49 8b 2c 24
0x00007ff91e13e7d3:   8b c2 80 3c 28 00 75 05 e8 2c 85 4d 00 b8 20 00
0x00007ff91e13e7e3:   00 00 48 8b 0c 28 48 8b 81 68 06 00 00 48 8b a8
0x00007ff91e13e7f3:   80 00 00 00 48 8b 8d d8 08 00 00 48 85 c9 75 0c
0x00007ff91e13e803:   e8 78 0b 00 00 48 8b 8d d8 08 00 00 48 8b 01 0f
0x00007ff91e13e813:   57 c0 48 89 85 d8 08 00 00 0f 11 01 0f 11 41 10
0x00007ff91e13e823:   41 0f 10 06 0f 11 01 41 0f 10 4e 10 0f 11 49 10
0x00007ff91e13e833:   48 8b 43 08 48 89 0c 06 ff c7 ba 34 00 00 00 3b
0x00007ff91e13e843:   bb 90 00 00 00 0f 82 62 ff ff ff 4c 8b 74 24 60
0x00007ff91e13e853:   4c 8b 6c 24 58 4c 8b 64 24 50 48 8b c3 48 83 c4
0x00007ff91e13e863:   20 41 5f 5f 5e 5d 5b c3 cc cc cc cc cc 40 53 48
0x00007ff91e13e873:   83 ec 20 8b 51 0c 48 8b d9 83 fa 04 73 2a 4c 8b
0x00007ff91e13e883:   59 18 66 66 66 0f 1f 84 00 00 00 00 00 44 8b d2
0x00007ff91e13e893:   44 8d 4a 01 4b 83 3c d3 00 0f 85 8f 00 00 00 41
0x00007ff91e13e8a3:   8b d1 41 83 f9 04 72 e5 48 89 74 24 30 48 89 7c
0x00007ff91e13e8b3:   24 38 8b 79 10 3b 79 14 73 62 48 8d 35 0c 1b 7e
0x00007ff91e13e8c3:   00 0f 1f 40 00 0f 1f 84 00 00 00 00 00 48 8b 43
0x00007ff91e13e8d3:   20 8b cf 48 8b 14 c8 48 3b d6 74 39 33 c0 48 89
0x00007ff91e13e8e3:   53 18 33 c9 66 0f 1f 84 00 00 00 00 00 48 83 3c
0x00007ff91e13e8f3:   11 00 44 8d 48 01 75 6f 48 83 c1 08 41 8b c1 41
0x00007ff91e13e903:   83 f9 04 72 e8 48 8b 4b 28 48 85 c9 74 07 8b d7
0x00007ff91e13e913:   e8 58 01 00 00 ff c7 3b 7b 14 72 b1 48 8b 74 24 


Stack slot to memory mapping:

stack at sp + 0 slots: 0x0 is null
stack at sp + 1 slots: 0x000000adae7fc730 is pointing into the stack for thread: 0x0000026716316e20
stack at sp + 2 slots: 0x0000000000000020 is an unknown value
stack at sp + 3 slots: 0x00000267236fa040 points into unknown readable memory: 0x0000000000000000 | 00 00 00 00 00 00 00 00
stack at sp + 4 slots: 0x000000000000000a is an unknown value
stack at sp + 5 slots: 0x00000267167400a0 points into unknown readable memory: 0x00007ff91e6b4548 | 48 45 6b 1e f9 7f 00 00
stack at sp + 6 slots: 0x0000000000000008 is an unknown value
stack at sp + 7 slots: 0x000000adae7fc760 is pointing into the stack for thread: 0x0000026716316e20


---------------  P R O C E S S  ---------------

Threads class SMR info:
_java_thread_list=0x000002672f2df6d0, length=261, elements={
0x000002677b677ac0, 0x00000267162d2a20, 0x00000267162f8020, 0x00000267162f8690,
0x0000026716311850, 0x00000267163122b0, 0x0000026716312d10, 0x0000026716313f10,
0x0000026716316e20, 0x00000267163158b0, 0x000002671639bb60, 0x00000267163984e0,
0x0000026716718340, 0x0000026716398bb0, 0x000002671639adc0, 0x0000026716399280,
0x0000026716399950, 0x000002671bc94ad0, 0x000002671d86c990, 0x000002671dcc98a0,
0x000002671da3ec60, 0x000002671c416c20, 0x000002671dbf23b0, 0x000002671d635600,
0x000002671d6369b0, 0x000002671d636320, 0x000002671d635c90, 0x000002671d6348e0,
0x000002671d634f70, 0x000002671d633530, 0x0000026720ad52c0, 0x0000026720ad5fe0,
0x0000026720ad6670, 0x0000026720ad31f0, 0x0000026720ad6d00, 0x0000026720ad3880,
0x0000026720ad7a20, 0x0000026720ad80b0, 0x0000026720ad8dd0, 0x0000026720ada180,
0x000002671639a020, 0x0000026720ada810, 0x0000026720de6b90, 0x0000026720de7220,
0x0000026720de57e0, 0x0000026720de5e70, 0x0000026720de3da0, 0x0000026720de4ac0,
0x0000026720de78b0, 0x0000026720de4430, 0x0000026720de85d0, 0x0000026720de7f40,
0x0000026720de5150, 0x0000026720de8c60, 0x0000026720de9980, 0x0000026720de92f0,
0x0000026720dea010, 0x0000026720dea6a0, 0x0000026720dead30, 0x0000026720deb3c0,
0x00000267216f9650, 0x00000267216f8930, 0x00000267216f82a0, 0x00000267216f8fc0,
0x00000267216fa370, 0x00000267216f6ef0, 0x00000267216f7580, 0x00000267216f9ce0,
0x00000267216f7c10, 0x00000267216fbdb0, 0x00000267216fd160, 0x00000267216fd7f0,
0x00000267216fb090, 0x00000267216fb720, 0x00000267216fde80, 0x00000267216faa00,
0x00000267216fc440, 0x00000267216fe510, 0x0000026721697460, 0x0000026721696740,
0x0000026721694d00, 0x00000267216960b0, 0x0000026721696dd0, 0x0000026721698810,
0x0000026721695390, 0x0000026721698ea0, 0x0000026721695a20, 0x0000026721699530,
0x0000026721699bc0, 0x000002672169a250, 0x000002672169a8e0, 0x000002672169b600,
0x000002672169af70, 0x00000267216fef10, 0x0000026721702390, 0x0000026721702a20,
0x00000267217002c0, 0x00000267216ffc30, 0x0000026721700950, 0x0000026721701d00,
0x0000026721700fe0, 0x0000026721701670, 0x00000267216ff5a0, 0x00000267217030b0,
0x0000026721705180, 0x0000026721706530, 0x0000026721704af0, 0x0000026721703740,
0x0000026721703dd0, 0x0000026721705810, 0x0000026721704460, 0x0000026721705ea0,
0x0000026720219930, 0x0000026720217ef0, 0x000002672021b370, 0x0000026720218580,
0x000002672021c090, 0x000002672021a650, 0x000002672021ace0, 0x000002672021ba00,
0x0000026720218c10, 0x00000267202192a0, 0x000002672021d440, 0x000002672021cdb0,
0x0000026720219fc0, 0x000002672211a790, 0x000002672211a100, 0x000002672211c1d0,
0x0000026722120a00, 0x000002672211f650, 0x000002672211d580, 0x0000026722121720,
0x0000026722121090, 0x000002672211e930, 0x0000026722120370, 0x000002672021e7f0,
0x000002672021c720, 0x000002672021f510, 0x000002672021dad0, 0x000002672021ee80,
0x0000026720ad9460, 0x00000267213ee940, 0x00000267213eefd0, 0x00000267213ed590,
0x00000267213ef660, 0x00000267213edc20, 0x00000267213ee2b0, 0x00000267213f0380,
0x00000267213ecf00, 0x00000267213f0a10, 0x00000267213f1730, 0x00000267213f3170,
0x00000267213f2ae0, 0x00000267213f1dc0, 0x00000267213f3e90, 0x00000267213f3800,
0x00000267213f4520, 0x00000267213f10a0, 0x00000267213f4bb0, 0x00000267213f5240,
0x000002671c2db6a0, 0x000002671c2dfed0, 0x000002671c2e0560, 0x000002671c2df1b0,
0x000002671c2dd770, 0x000002671c2dde00, 0x000002671c2dd0e0, 0x000002671c2de490,
0x000002672211efc0, 0x00000267219cc600, 0x00000267219cfa80, 0x00000267219ced60,
0x00000267219cf3f0, 0x00000267219d0110, 0x00000267219ccc90, 0x00000267213f9a70,
0x00000267213f65f0, 0x00000267213fa100, 0x00000267213fa790, 0x00000267213f7310,
0x00000267213fc1d0, 0x00000267213fae20, 0x00000267213fb4b0, 0x00000267213fbb40,
0x000002671c2d95d0, 0x000002671c2db010, 0x000002671c2df840, 0x000002671c2deb20,
0x000002671c2e0bf0, 0x00000267212d5150, 0x00000267212d4430, 0x00000267212d6500,
0x00000267212d3710, 0x00000267212d3da0, 0x00000267212d5e70, 0x00000267212d57e0,
0x00000267212d4ac0, 0x00000267212d3080, 0x00000267212d9980, 0x00000267212d7220,
0x00000267212d8c60, 0x00000267212d7f40, 0x00000267212da010, 0x00000267212d85d0,
0x00000267212d6b90, 0x00000267212d92f0, 0x00000267212d78b0, 0x000002672268ed60,
0x000002672268d9b0, 0x000002672268f3f0, 0x000002672268cc90, 0x000002672268e040,
0x000002672268bf70, 0x000002672268e6d0, 0x000002672268fa80, 0x000002672268d320,
0x000002672268c600, 0x0000026722691b50, 0x0000026722692870, 0x0000026722692f00,
0x00000267226914c0, 0x00000267226921e0, 0x0000026722693590, 0x0000026722690110,
0x00000267226907a0, 0x0000026722690e30, 0x00000267219cd320, 0x00000267219ce6d0,
0x00000267219d14c0, 0x00000267219ce040, 0x000002671cdc96c0, 0x000002671cdcab30,
0x000002672338fb70, 0x00000267233850d0, 0x0000026723386480, 0x0000026723389f90,
0x00000267233871a0, 0x000002672338daa0, 0x000002672338c6f0, 0x000002672338b340,
0x000002672338b9d0, 0x000002672338a620, 0x000002672338cd80, 0x000002672338e130,
0x000002672338d410, 0x000002672338acb0, 0x0000026723390890, 0x0000026723390200,
0x000002672338f4e0, 0x0000026723390f20, 0x000002672338c060, 0x0000026723392ff0,
0x0000026723393d10, 0x00000267233943a0, 0x000002671ecfc140, 0x0000026728e64660,
0x0000026728e61f00, 0x0000026728e66dc0, 0x0000026728e64cf0, 0x0000026728e68800,
0x0000026728e65380
}

Java Threads: ( => current thread )
  0x000002677b677ac0 JavaThread "main"                              [_thread_blocked, id=22472, stack(0x000000adad800000,0x000000adad900000) (1024K)]
  0x00000267162d2a20 JavaThread "Common-Cleaner"             daemon [_thread_blocked, id=9676, stack(0x000000adae000000,0x000000adae100000) (1024K)]
  0x00000267162f8020 JavaThread "Reference Handler"          daemon [_thread_blocked, id=13512, stack(0x000000adae100000,0x000000adae200000) (1024K)]
  0x00000267162f8690 JavaThread "Finalizer"                  daemon [_thread_blocked, id=16680, stack(0x000000adae200000,0x000000adae300000) (1024K)]
  0x0000026716311850 JavaThread "Signal Dispatcher"          daemon [_thread_blocked, id=11312, stack(0x000000adae300000,0x000000adae400000) (1024K)]
  0x00000267163122b0 JavaThread "Attach Listener"            daemon [_thread_blocked, id=15300, stack(0x000000adae400000,0x000000adae500000) (1024K)]
  0x0000026716312d10 JavaThread "Service Thread"             daemon [_thread_blocked, id=7908, stack(0x000000adae500000,0x000000adae600000) (1024K)]
  0x0000026716313f10 JavaThread "Monitor Deflation Thread"   daemon [_thread_blocked, id=15060, stack(0x000000adae600000,0x000000adae700000) (1024K)]
=>0x0000026716316e20 JavaThread "C2 CompilerThread0"         daemon [_thread_in_native, id=22716, stack(0x000000adae700000,0x000000adae800000) (1024K)]
  0x00000267163158b0 JavaThread "C1 CompilerThread0"         daemon [_thread_blocked, id=7312, stack(0x000000adae800000,0x000000adae900000) (1024K)]
  0x000002671639bb60 JavaThread "C1 CompilerThread1"         daemon [_thread_blocked, id=15044, stack(0x000000adae900000,0x000000adaea00000) (1024K)]
  0x00000267163984e0 JavaThread "C1 CompilerThread2"         daemon [_thread_blocked, id=13544, stack(0x000000adaea00000,0x000000adaeb00000) (1024K)]
  0x0000026716718340 JavaThread "Notification Thread"        daemon [_thread_blocked, id=9112, stack(0x000000adaeb00000,0x000000adaec00000) (1024K)]
  0x0000026716398bb0 JavaThread "C2 CompilerThread1"         daemon [_thread_in_native, id=15820, stack(0x000000adaec00000,0x000000adaed00000) (1024K)]
  0x000002671639adc0 JavaThread "C2 CompilerThread2"         daemon [_thread_in_native, id=14940, stack(0x000000adaed00000,0x000000adaee00000) (1024K)]
  0x0000026716399280 JavaThread "C2 CompilerThread3"         daemon [_thread_in_native, id=17688, stack(0x000000adaf900000,0x000000adafa00000) (1024K)]
  0x0000026716399950 JavaThread "C1 CompilerThread3"         daemon [_thread_blocked, id=26480, stack(0x000000adafa00000,0x000000adafb00000) (1024K)]
  0x000002671bc94ad0 JavaThread "Daemon health stats"               [_thread_blocked, id=6288, stack(0x000000adafb00000,0x000000adafc00000) (1024K)]
  0x000002671d86c990 JavaThread "Incoming local TCP Connector on port 50412"        [_thread_in_native, id=10720, stack(0x000000adafc00000,0x000000adafd00000) (1024K)]
  0x000002671dcc98a0 JavaThread "Daemon periodic checks"            [_thread_blocked, id=15308, stack(0x000000adafd00000,0x000000adafe00000) (1024K)]
  0x000002671da3ec60 JavaThread "Daemon"                            [_thread_blocked, id=2136, stack(0x000000adafe00000,0x000000adaff00000) (1024K)]
  0x000002671c416c20 JavaThread "Handler for socket connection from /127.0.0.1:50412 to /127.0.0.1:50414"        [_thread_in_native, id=21620, stack(0x000000adaff00000,0x000000adb0000000) (1024K)]
  0x000002671dbf23b0 JavaThread "Cancel handler"                    [_thread_blocked, id=25980, stack(0x000000adb0000000,0x000000adb0100000) (1024K)]
  0x000002671d635600 JavaThread "Daemon worker"                     [_thread_blocked, id=4412, stack(0x000000adb0400000,0x000000adb0500000) (1024K)]
  0x000002671d6369b0 JavaThread "Asynchronous log dispatcher for DefaultDaemonConnection: socket connection from /127.0.0.1:50412 to /127.0.0.1:50414"        [_thread_blocked, id=22752, stack(0x000000adb0500000,0x000000adb0600000) (1024K)]
  0x000002671d636320 JavaThread "Stdin handler"                     [_thread_blocked, id=25208, stack(0x000000adb0600000,0x000000adb0700000) (1024K)]
  0x000002671d635c90 JavaThread "Daemon client event forwarder"        [_thread_blocked, id=17108, stack(0x000000adb0700000,0x000000adb0800000) (1024K)]
  0x000002671d6348e0 JavaThread "Cache worker for journal cache (C:\Users\cerez\.gradle\caches\journal-1)"        [_thread_blocked, id=7904, stack(0x000000adb0800000,0x000000adb0900000) (1024K)]
  0x000002671d634f70 JavaThread "File lock request listener"        [_thread_in_native, id=15268, stack(0x000000adb0900000,0x000000adb0a00000) (1024K)]
  0x000002671d633530 JavaThread "Cache worker for file hash cache (C:\Users\cerez\.gradle\caches\9.3.1\fileHashes)"        [_thread_blocked, id=16800, stack(0x000000adb0a00000,0x000000adb0b00000) (1024K)]
  0x0000026720ad52c0 JavaThread "Cache worker for file hash cache (C:\Users\cerez\Documents\Proyectos\Grabadora Legal\.gradle\9.3.1\fileHashes)"        [_thread_blocked, id=12252, stack(0x000000adb0b00000,0x000000adb0c00000) (1024K)]
  0x0000026720ad5fe0 JavaThread "Cache worker for Build Output Cleanup Cache (C:\Users\cerez\Documents\Proyectos\Grabadora Legal\.gradle\buildOutputCleanup)"        [_thread_blocked, id=25388, stack(0x000000adb0c00000,0x000000adb0d00000) (1024K)]
  0x0000026720ad6670 JavaThread "File watcher server"        daemon [_thread_in_native, id=21460, stack(0x000000adb0d00000,0x000000adb0e00000) (1024K)]
  0x0000026720ad31f0 JavaThread "File watcher consumer"      daemon [_thread_blocked, id=11392, stack(0x000000adb0e00000,0x000000adb0f00000) (1024K)]
  0x0000026720ad6d00 JavaThread "Cache worker for checksums cache (C:\Users\cerez\Documents\Proyectos\Grabadora Legal\.gradle\9.3.1\checksums)"        [_thread_blocked, id=20344, stack(0x000000adb0f00000,0x000000adb1000000) (1024K)]
  0x0000026720ad3880 JavaThread "Cache worker for file content cache (C:\Users\cerez\.gradle\caches\9.3.1\fileContent)"        [_thread_blocked, id=17340, stack(0x000000adb1000000,0x000000adb1100000) (1024K)]
  0x0000026720ad7a20 JavaThread "Cache worker for cache directory md-supplier (C:\Users\cerez\.gradle\caches\9.3.1\md-supplier)"        [_thread_blocked, id=3436, stack(0x000000adb1100000,0x000000adb1200000) (1024K)]
  0x0000026720ad80b0 JavaThread "Cache worker for cache directory md-rule (C:\Users\cerez\.gradle\caches\9.3.1\md-rule)"        [_thread_blocked, id=24152, stack(0x000000adb1200000,0x000000adb1300000) (1024K)]
  0x0000026720ad8dd0 JavaThread "jar transforms"                    [_thread_blocked, id=16332, stack(0x000000adb1300000,0x000000adb1400000) (1024K)]
  0x0000026720ada180 JavaThread "jar transforms Thread 2"           [_thread_blocked, id=9092, stack(0x000000adb1400000,0x000000adb1500000) (1024K)]
  0x000002671639a020 JavaThread "C2 CompilerThread4"         daemon [_thread_in_native, id=304, stack(0x000000adb1500000,0x000000adb1600000) (1024K)]
  0x0000026720ada810 JavaThread "jar transforms Thread 3"           [_thread_blocked, id=2140, stack(0x000000adb1700000,0x000000adb1800000) (1024K)]
  0x0000026720de6b90 JavaThread "Unconstrained build operations"        [_thread_blocked, id=24408, stack(0x000000adb1800000,0x000000adb1900000) (1024K)]
  0x0000026720de7220 JavaThread "Unconstrained build operations Thread 2"        [_thread_blocked, id=10396, stack(0x000000adb1900000,0x000000adb1a00000) (1024K)]
  0x0000026720de57e0 JavaThread "Unconstrained build operations Thread 3"        [_thread_blocked, id=2204, stack(0x000000adb1a00000,0x000000adb1b00000) (1024K)]
  0x0000026720de5e70 JavaThread "Unconstrained build operations Thread 4"        [_thread_blocked, id=15292, stack(0x000000adb1b00000,0x000000adb1c00000) (1024K)]
  0x0000026720de3da0 JavaThread "Unconstrained build operations Thread 5"        [_thread_blocked, id=22440, stack(0x000000adb1c00000,0x000000adb1d00000) (1024K)]
  0x0000026720de4ac0 JavaThread "Unconstrained build operations Thread 6"        [_thread_blocked, id=10224, stack(0x000000adb1d00000,0x000000adb1e00000) (1024K)]
  0x0000026720de78b0 JavaThread "Unconstrained build operations Thread 7"        [_thread_blocked, id=3840, stack(0x000000adb1e00000,0x000000adb1f00000) (1024K)]
  0x0000026720de4430 JavaThread "Unconstrained build operations Thread 8"        [_thread_blocked, id=22812, stack(0x000000adb1f00000,0x000000adb2000000) (1024K)]
  0x0000026720de85d0 JavaThread "Unconstrained build operations Thread 9"        [_thread_blocked, id=7020, stack(0x000000adb2000000,0x000000adb2100000) (1024K)]
  0x0000026720de7f40 JavaThread "Unconstrained build operations Thread 10"        [_thread_blocked, id=26468, stack(0x000000adb2100000,0x000000adb2200000) (1024K)]
  0x0000026720de5150 JavaThread "Unconstrained build operations Thread 11"        [_thread_blocked, id=24456, stack(0x000000adb2200000,0x000000adb2300000) (1024K)]
  0x0000026720de8c60 JavaThread "Unconstrained build operations Thread 12"        [_thread_blocked, id=19940, stack(0x000000adb2300000,0x000000adb2400000) (1024K)]
  0x0000026720de9980 JavaThread "Unconstrained build operations Thread 13"        [_thread_blocked, id=5096, stack(0x000000adb2400000,0x000000adb2500000) (1024K)]
  0x0000026720de92f0 JavaThread "Unconstrained build operations Thread 14"        [_thread_blocked, id=13912, stack(0x000000adb2500000,0x000000adb2600000) (1024K)]
  0x0000026720dea010 JavaThread "Unconstrained build operations Thread 15"        [_thread_blocked, id=18252, stack(0x000000adb2600000,0x000000adb2700000) (1024K)]
  0x0000026720dea6a0 JavaThread "Unconstrained build operations Thread 16"        [_thread_blocked, id=11972, stack(0x000000adb2700000,0x000000adb2800000) (1024K)]
  0x0000026720dead30 JavaThread "Unconstrained build operations Thread 17"        [_thread_blocked, id=25824, stack(0x000000adb2800000,0x000000adb2900000) (1024K)]
  0x0000026720deb3c0 JavaThread "Unconstrained build operations Thread 18"        [_thread_blocked, id=17184, stack(0x000000adb2900000,0x000000adb2a00000) (1024K)]
  0x00000267216f9650 JavaThread "Unconstrained build operations Thread 19"        [_thread_blocked, id=476, stack(0x000000adb2a00000,0x000000adb2b00000) (1024K)]
  0x00000267216f8930 JavaThread "Unconstrained build operations Thread 20"        [_thread_blocked, id=26336, stack(0x000000adb2b00000,0x000000adb2c00000) (1024K)]
  0x00000267216f82a0 JavaThread "jar transforms Thread 4"           [_thread_blocked, id=12364, stack(0x000000adb2c00000,0x000000adb2d00000) (1024K)]
  0x00000267216f8fc0 JavaThread "jar transforms Thread 5"           [_thread_blocked, id=24336, stack(0x000000adb2d00000,0x000000adb2e00000) (1024K)]
  0x00000267216fa370 JavaThread "Unconstrained build operations Thread 21"        [_thread_blocked, id=21660, stack(0x000000adb2e00000,0x000000adb2f00000) (1024K)]
  0x00000267216f6ef0 JavaThread "Unconstrained build operations Thread 22"        [_thread_blocked, id=18964, stack(0x000000adb2f00000,0x000000adb3000000) (1024K)]
  0x00000267216f7580 JavaThread "Unconstrained build operations Thread 23"        [_thread_blocked, id=8528, stack(0x000000adb3000000,0x000000adb3100000) (1024K)]
  0x00000267216f9ce0 JavaThread "Unconstrained build operations Thread 24"        [_thread_blocked, id=24224, stack(0x000000adb3100000,0x000000adb3200000) (1024K)]
  0x00000267216f7c10 JavaThread "Unconstrained build operations Thread 25"        [_thread_blocked, id=2828, stack(0x000000adb3200000,0x000000adb3300000) (1024K)]
  0x00000267216fbdb0 JavaThread "Unconstrained build operations Thread 26"        [_thread_blocked, id=24472, stack(0x000000adb3300000,0x000000adb3400000) (1024K)]
  0x00000267216fd160 JavaThread "Unconstrained build operations Thread 27"        [_thread_blocked, id=9868, stack(0x000000adb3400000,0x000000adb3500000) (1024K)]
  0x00000267216fd7f0 JavaThread "Unconstrained build operations Thread 28"        [_thread_blocked, id=8596, stack(0x000000adb3500000,0x000000adb3600000) (1024K)]
  0x00000267216fb090 JavaThread "Unconstrained build operations Thread 29"        [_thread_blocked, id=2036, stack(0x000000adb3600000,0x000000adb3700000) (1024K)]
  0x00000267216fb720 JavaThread "Unconstrained build operations Thread 30"        [_thread_blocked, id=17320, stack(0x000000adb3700000,0x000000adb3800000) (1024K)]
  0x00000267216fde80 JavaThread "jar transforms Thread 6"           [_thread_blocked, id=6784, stack(0x000000adb3800000,0x000000adb3900000) (1024K)]
  0x00000267216faa00 JavaThread "jar transforms Thread 7"           [_thread_blocked, id=21948, stack(0x000000adb3900000,0x000000adb3a00000) (1024K)]
  0x00000267216fc440 JavaThread "jar transforms Thread 8"           [_thread_blocked, id=24452, stack(0x000000adb3a00000,0x000000adb3b00000) (1024K)]
  0x00000267216fe510 JavaThread "Unconstrained build operations Thread 31"        [_thread_blocked, id=11304, stack(0x000000adb3b00000,0x000000adb3c00000) (1024K)]
  0x0000026721697460 JavaThread "Unconstrained build operations Thread 32"        [_thread_blocked, id=25024, stack(0x000000adb3c00000,0x000000adb3d00000) (1024K)]
  0x0000026721696740 JavaThread "Unconstrained build operations Thread 33"        [_thread_blocked, id=6368, stack(0x000000adb3d00000,0x000000adb3e00000) (1024K)]
  0x0000026721694d00 JavaThread "Unconstrained build operations Thread 34"        [_thread_blocked, id=9480, stack(0x000000adb3e00000,0x000000adb3f00000) (1024K)]
  0x00000267216960b0 JavaThread "Unconstrained build operations Thread 35"        [_thread_blocked, id=7588, stack(0x000000adb3f00000,0x000000adb4000000) (1024K)]
  0x0000026721696dd0 JavaThread "Unconstrained build operations Thread 36"        [_thread_blocked, id=24912, stack(0x000000adb4000000,0x000000adb4100000) (1024K)]
  0x0000026721698810 JavaThread "Unconstrained build operations Thread 37"        [_thread_blocked, id=26412, stack(0x000000adb4100000,0x000000adb4200000) (1024K)]
  0x0000026721695390 JavaThread "Unconstrained build operations Thread 38"        [_thread_blocked, id=4036, stack(0x000000adb4200000,0x000000adb4300000) (1024K)]
  0x0000026721698ea0 JavaThread "Unconstrained build operations Thread 39"        [_thread_blocked, id=15448, stack(0x000000adb4300000,0x000000adb4400000) (1024K)]
  0x0000026721695a20 JavaThread "Unconstrained build operations Thread 40"        [_thread_blocked, id=17308, stack(0x000000adb4400000,0x000000adb4500000) (1024K)]
  0x0000026721699530 JavaThread "Unconstrained build operations Thread 41"        [_thread_blocked, id=11016, stack(0x000000adb4500000,0x000000adb4600000) (1024K)]
  0x0000026721699bc0 JavaThread "Unconstrained build operations Thread 42"        [_thread_blocked, id=4800, stack(0x000000adb4600000,0x000000adb4700000) (1024K)]
  0x000002672169a250 JavaThread "Unconstrained build operations Thread 43"        [_thread_blocked, id=19360, stack(0x000000adb4700000,0x000000adb4800000) (1024K)]
  0x000002672169a8e0 JavaThread "Unconstrained build operations Thread 44"        [_thread_blocked, id=9608, stack(0x000000adb4800000,0x000000adb4900000) (1024K)]
  0x000002672169b600 JavaThread "Unconstrained build operations Thread 45"        [_thread_blocked, id=22784, stack(0x000000adb4900000,0x000000adb4a00000) (1024K)]
  0x000002672169af70 JavaThread "Unconstrained build operations Thread 46"        [_thread_blocked, id=3392, stack(0x000000adb4a00000,0x000000adb4b00000) (1024K)]
  0x00000267216fef10 JavaThread "Unconstrained build operations Thread 47"        [_thread_blocked, id=9464, stack(0x000000adb4b00000,0x000000adb4c00000) (1024K)]
  0x0000026721702390 JavaThread "Unconstrained build operations Thread 48"        [_thread_blocked, id=9788, stack(0x000000adb4c00000,0x000000adb4d00000) (1024K)]
  0x0000026721702a20 JavaThread "Unconstrained build operations Thread 49"        [_thread_blocked, id=18308, stack(0x000000adb4d00000,0x000000adb4e00000) (1024K)]
  0x00000267217002c0 JavaThread "Unconstrained build operations Thread 50"        [_thread_blocked, id=25948, stack(0x000000adb4e00000,0x000000adb4f00000) (1024K)]
  0x00000267216ffc30 JavaThread "Unconstrained build operations Thread 51"        [_thread_blocked, id=23744, stack(0x000000adb4f00000,0x000000adb5000000) (1024K)]
  0x0000026721700950 JavaThread "Unconstrained build operations Thread 52"        [_thread_blocked, id=15440, stack(0x000000adb5000000,0x000000adb5100000) (1024K)]
  0x0000026721701d00 JavaThread "Unconstrained build operations Thread 53"        [_thread_blocked, id=24588, stack(0x000000adb5100000,0x000000adb5200000) (1024K)]
  0x0000026721700fe0 JavaThread "Unconstrained build operations Thread 54"        [_thread_blocked, id=8004, stack(0x000000adb5200000,0x000000adb5300000) (1024K)]
  0x0000026721701670 JavaThread "Unconstrained build operations Thread 55"        [_thread_blocked, id=4956, stack(0x000000adb5300000,0x000000adb5400000) (1024K)]
  0x00000267216ff5a0 JavaThread "Unconstrained build operations Thread 56"        [_thread_blocked, id=14980, stack(0x000000adb5400000,0x000000adb5500000) (1024K)]
  0x00000267217030b0 JavaThread "Unconstrained build operations Thread 57"        [_thread_blocked, id=1412, stack(0x000000adb5500000,0x000000adb5600000) (1024K)]
  0x0000026721705180 JavaThread "Unconstrained build operations Thread 58"        [_thread_blocked, id=20172, stack(0x000000adb5600000,0x000000adb5700000) (1024K)]
  0x0000026721706530 JavaThread "Unconstrained build operations Thread 59"        [_thread_blocked, id=26012, stack(0x000000adb5700000,0x000000adb5800000) (1024K)]
  0x0000026721704af0 JavaThread "Unconstrained build operations Thread 60"        [_thread_blocked, id=10376, stack(0x000000adb5800000,0x000000adb5900000) (1024K)]
  0x0000026721703740 JavaThread "Unconstrained build operations Thread 61"        [_thread_blocked, id=5256, stack(0x000000adb5900000,0x000000adb5a00000) (1024K)]
  0x0000026721703dd0 JavaThread "Unconstrained build operations Thread 62"        [_thread_blocked, id=14920, stack(0x000000adb5a00000,0x000000adb5b00000) (1024K)]
  0x0000026721705810 JavaThread "Unconstrained build operations Thread 63"        [_thread_blocked, id=15244, stack(0x000000adb5b00000,0x000000adb5c00000) (1024K)]
  0x0000026721704460 JavaThread "Unconstrained build operations Thread 64"        [_thread_blocked, id=6876, stack(0x000000adb5c00000,0x000000adb5d00000) (1024K)]
  0x0000026721705ea0 JavaThread "Unconstrained build operations Thread 65"        [_thread_blocked, id=24184, stack(0x000000adb5d00000,0x000000adb5e00000) (1024K)]
  0x0000026720219930 JavaThread "Unconstrained build operations Thread 66"        [_thread_blocked, id=4204, stack(0x000000adb5e00000,0x000000adb5f00000) (1024K)]
  0x0000026720217ef0 JavaThread "Unconstrained build operations Thread 67"        [_thread_blocked, id=1712, stack(0x000000adb5f00000,0x000000adb6000000) (1024K)]
  0x000002672021b370 JavaThread "Unconstrained build operations Thread 68"        [_thread_blocked, id=18200, stack(0x000000adb6000000,0x000000adb6100000) (1024K)]
  0x0000026720218580 JavaThread "Unconstrained build operations Thread 69"        [_thread_blocked, id=26048, stack(0x000000adb6100000,0x000000adb6200000) (1024K)]
  0x000002672021c090 JavaThread "Unconstrained build operations Thread 70"        [_thread_blocked, id=11508, stack(0x000000adb6200000,0x000000adb6300000) (1024K)]
  0x000002672021a650 JavaThread "Unconstrained build operations Thread 71"        [_thread_blocked, id=25332, stack(0x000000adb6300000,0x000000adb6400000) (1024K)]
  0x000002672021ace0 JavaThread "Unconstrained build operations Thread 72"        [_thread_blocked, id=25544, stack(0x000000adb6400000,0x000000adb6500000) (1024K)]
  0x000002672021ba00 JavaThread "Unconstrained build operations Thread 73"        [_thread_blocked, id=9088, stack(0x000000adb6500000,0x000000adb6600000) (1024K)]
  0x0000026720218c10 JavaThread "Unconstrained build operations Thread 74"        [_thread_blocked, id=18096, stack(0x000000adb6600000,0x000000adb6700000) (1024K)]
  0x00000267202192a0 JavaThread "Unconstrained build operations Thread 75"        [_thread_blocked, id=25932, stack(0x000000adb6700000,0x000000adb6800000) (1024K)]
  0x000002672021d440 JavaThread "Unconstrained build operations Thread 76"        [_thread_blocked, id=9352, stack(0x000000adb6800000,0x000000adb6900000) (1024K)]
  0x000002672021cdb0 JavaThread "Unconstrained build operations Thread 77"        [_thread_blocked, id=12132, stack(0x000000adb6900000,0x000000adb6a00000) (1024K)]
  0x0000026720219fc0 JavaThread "Unconstrained build operations Thread 78"        [_thread_blocked, id=22552, stack(0x000000adb6a00000,0x000000adb6b00000) (1024K)]
  0x000002672211a790 JavaThread "build event listener"              [_thread_blocked, id=24812, stack(0x000000adb6b00000,0x000000adb6c00000) (1024K)]
  0x000002672211a100 JavaThread "Memory manager"                    [_thread_blocked, id=18960, stack(0x000000adb6c00000,0x000000adb6d00000) (1024K)]
  0x000002672211c1d0 JavaThread "build event listener"              [_thread_blocked, id=7600, stack(0x000000adb6d00000,0x000000adb6e00000) (1024K)]
  0x0000026722120a00 JavaThread "included builds"                   [_thread_blocked, id=1576, stack(0x000000adb1600000,0x000000adb1700000) (1024K)]
  0x000002672211f650 JavaThread "Execution worker"                  [_thread_blocked, id=21476, stack(0x000000adb6e00000,0x000000adb6f00000) (1024K)]
  0x000002672211d580 JavaThread "Execution worker Thread 2"         [_thread_blocked, id=7364, stack(0x000000adb6f00000,0x000000adb7000000) (1024K)]
  0x0000026722121720 JavaThread "Execution worker Thread 3"         [_thread_blocked, id=17856, stack(0x000000adb7000000,0x000000adb7100000) (1024K)]
  0x0000026722121090 JavaThread "Execution worker Thread 4"         [_thread_blocked, id=3564, stack(0x000000adb7100000,0x000000adb7200000) (1024K)]
  0x000002672211e930 JavaThread "Execution worker Thread 5"         [_thread_blocked, id=9552, stack(0x000000adb7200000,0x000000adb7300000) (1024K)]
  0x0000026722120370 JavaThread "Execution worker Thread 6"         [_thread_blocked, id=14596, stack(0x000000adb7300000,0x000000adb7400000) (1024K)]
  0x000002672021e7f0 JavaThread "Execution worker Thread 7"         [_thread_blocked, id=14816, stack(0x000000adb7400000,0x000000adb7500000) (1024K)]
  0x000002672021c720 JavaThread "Execution worker Thread 8"         [_thread_blocked, id=12160, stack(0x000000adb7500000,0x000000adb7600000) (1024K)]
  0x000002672021f510 JavaThread "Execution worker Thread 9"         [_thread_blocked, id=16356, stack(0x000000adb7600000,0x000000adb7700000) (1024K)]
  0x000002672021dad0 JavaThread "Execution worker Thread 10"        [_thread_blocked, id=12480, stack(0x000000adb7700000,0x000000adb7800000) (1024K)]
  0x000002672021ee80 JavaThread "Execution worker Thread 11"        [_thread_blocked, id=12412, stack(0x000000adb7800000,0x000000adb7900000) (1024K)]
  0x0000026720ad9460 JavaThread "Execution worker Thread 12"        [_thread_blocked, id=18304, stack(0x000000adb7900000,0x000000adb7a00000) (1024K)]
  0x00000267213ee940 JavaThread "Execution worker Thread 13"        [_thread_blocked, id=18168, stack(0x000000adb7a00000,0x000000adb7b00000) (1024K)]
  0x00000267213eefd0 JavaThread "Execution worker Thread 14"        [_thread_blocked, id=13328, stack(0x000000adb7b00000,0x000000adb7c00000) (1024K)]
  0x00000267213ed590 JavaThread "Execution worker Thread 15"        [_thread_blocked, id=23776, stack(0x000000adb7c00000,0x000000adb7d00000) (1024K)]
  0x00000267213ef660 JavaThread "Cache worker for execution history cache (C:\Users\cerez\Documents\Proyectos\Grabadora Legal\.gradle\9.3.1\executionHistory)"        [_thread_blocked, id=14552, stack(0x000000adb7d00000,0x000000adb7e00000) (1024K)]
  0x00000267213edc20 JavaThread "Unconstrained build operations Thread 79"        [_thread_blocked, id=16168, stack(0x000000adb7e00000,0x000000adb7f00000) (1024K)]
  0x00000267213ee2b0 JavaThread "Unconstrained build operations Thread 80"        [_thread_blocked, id=13460, stack(0x000000adb7f00000,0x000000adb8000000) (1024K)]
  0x00000267213f0380 JavaThread "Unconstrained build operations Thread 81"        [_thread_blocked, id=7292, stack(0x000000adb8000000,0x000000adb8100000) (1024K)]
  0x00000267213ecf00 JavaThread "Unconstrained build operations Thread 82"        [_thread_blocked, id=26092, stack(0x000000adb8100000,0x000000adb8200000) (1024K)]
  0x00000267213f0a10 JavaThread "Unconstrained build operations Thread 83"        [_thread_blocked, id=1684, stack(0x000000adb8200000,0x000000adb8300000) (1024K)]
  0x00000267213f1730 JavaThread "Unconstrained build operations Thread 84"        [_thread_blocked, id=26452, stack(0x000000adb8300000,0x000000adb8400000) (1024K)]
  0x00000267213f3170 JavaThread "Unconstrained build operations Thread 85"        [_thread_blocked, id=12200, stack(0x000000adb8400000,0x000000adb8500000) (1024K)]
  0x00000267213f2ae0 JavaThread "Unconstrained build operations Thread 86"        [_thread_blocked, id=8416, stack(0x000000adb8500000,0x000000adb8600000) (1024K)]
  0x00000267213f1dc0 JavaThread "Unconstrained build operations Thread 87"        [_thread_blocked, id=15172, stack(0x000000adb8600000,0x000000adb8700000) (1024K)]
  0x00000267213f3e90 JavaThread "Unconstrained build operations Thread 88"        [_thread_blocked, id=26004, stack(0x000000adb8700000,0x000000adb8800000) (1024K)]
  0x00000267213f3800 JavaThread "Unconstrained build operations Thread 89"        [_thread_blocked, id=26108, stack(0x000000adb8800000,0x000000adb8900000) (1024K)]
  0x00000267213f4520 JavaThread "Unconstrained build operations Thread 90"        [_thread_blocked, id=12400, stack(0x000000adb8900000,0x000000adb8a00000) (1024K)]
  0x00000267213f10a0 JavaThread "Unconstrained build operations Thread 91"        [_thread_blocked, id=10756, stack(0x000000adb8a00000,0x000000adb8b00000) (1024K)]
  0x00000267213f4bb0 JavaThread "Unconstrained build operations Thread 92"        [_thread_blocked, id=9908, stack(0x000000adb8b00000,0x000000adb8c00000) (1024K)]
  0x00000267213f5240 JavaThread "Unconstrained build operations Thread 93"        [_thread_blocked, id=19904, stack(0x000000adb8c00000,0x000000adb8d00000) (1024K)]
  0x000002671c2db6a0 JavaThread "Unconstrained build operations Thread 94"        [_thread_blocked, id=14520, stack(0x000000adb8d00000,0x000000adb8e00000) (1024K)]
  0x000002671c2dfed0 JavaThread "Unconstrained build operations Thread 95"        [_thread_blocked, id=1856, stack(0x000000adb8e00000,0x000000adb8f00000) (1024K)]
  0x000002671c2e0560 JavaThread "Unconstrained build operations Thread 96"        [_thread_blocked, id=10300, stack(0x000000adb8f00000,0x000000adb9000000) (1024K)]
  0x000002671c2df1b0 JavaThread "Unconstrained build operations Thread 97"        [_thread_blocked, id=18888, stack(0x000000adb9000000,0x000000adb9100000) (1024K)]
  0x000002671c2dd770 JavaThread "Unconstrained build operations Thread 98"        [_thread_blocked, id=5716, stack(0x000000adb9100000,0x000000adb9200000) (1024K)]
  0x000002671c2dde00 JavaThread "Unconstrained build operations Thread 99"        [_thread_blocked, id=14268, stack(0x000000adb9200000,0x000000adb9300000) (1024K)]
  0x000002671c2dd0e0 JavaThread "Unconstrained build operations Thread 100"        [_thread_blocked, id=12280, stack(0x000000adb9300000,0x000000adb9400000) (1024K)]
  0x000002671c2de490 JavaThread "Unconstrained build operations Thread 101"        [_thread_blocked, id=24144, stack(0x000000adb9400000,0x000000adb9500000) (1024K)]
  0x000002672211efc0 JavaThread "Unconstrained build operations Thread 102"        [_thread_blocked, id=2124, stack(0x000000adb9500000,0x000000adb9600000) (1024K)]
  0x00000267219cc600 JavaThread "Unconstrained build operations Thread 103"        [_thread_blocked, id=24128, stack(0x000000adb9600000,0x000000adb9700000) (1024K)]
  0x00000267219cfa80 JavaThread "Unconstrained build operations Thread 104"        [_thread_blocked, id=16096, stack(0x000000adb9700000,0x000000adb9800000) (1024K)]
  0x00000267219ced60 JavaThread "Unconstrained build operations Thread 105"        [_thread_blocked, id=18708, stack(0x000000adb9800000,0x000000adb9900000) (1024K)]
  0x00000267219cf3f0 JavaThread "Unconstrained build operations Thread 106"        [_thread_blocked, id=19140, stack(0x000000adb9900000,0x000000adb9a00000) (1024K)]
  0x00000267219d0110 JavaThread "Unconstrained build operations Thread 107"        [_thread_blocked, id=24316, stack(0x000000adb9a00000,0x000000adb9b00000) (1024K)]
  0x00000267219ccc90 JavaThread "Unconstrained build operations Thread 108"        [_thread_blocked, id=4184, stack(0x000000adb9b00000,0x000000adb9c00000) (1024K)]
  0x00000267213f9a70 JavaThread "Unconstrained build operations Thread 109"        [_thread_blocked, id=8660, stack(0x000000adb9c00000,0x000000adb9d00000) (1024K)]
  0x00000267213f65f0 JavaThread "Unconstrained build operations Thread 110"        [_thread_blocked, id=5628, stack(0x000000adb9d00000,0x000000adb9e00000) (1024K)]
  0x00000267213fa100 JavaThread "Unconstrained build operations Thread 111"        [_thread_blocked, id=8376, stack(0x000000adb9e00000,0x000000adb9f00000) (1024K)]
  0x00000267213fa790 JavaThread "Unconstrained build operations Thread 112"        [_thread_blocked, id=9336, stack(0x000000adb9f00000,0x000000adba000000) (1024K)]
  0x00000267213f7310 JavaThread "Unconstrained build operations Thread 113"        [_thread_blocked, id=2120, stack(0x000000adba000000,0x000000adba100000) (1024K)]
  0x00000267213fc1d0 JavaThread "Unconstrained build operations Thread 114"        [_thread_blocked, id=24308, stack(0x000000adba100000,0x000000adba200000) (1024K)]
  0x00000267213fae20 JavaThread "Unconstrained build operations Thread 115"        [_thread_blocked, id=26312, stack(0x000000adba200000,0x000000adba300000) (1024K)]
  0x00000267213fb4b0 JavaThread "Unconstrained build operations Thread 116"        [_thread_blocked, id=9524, stack(0x000000adba300000,0x000000adba400000) (1024K)]
  0x00000267213fbb40 JavaThread "Unconstrained build operations Thread 117"        [_thread_blocked, id=5108, stack(0x000000adba400000,0x000000adba500000) (1024K)]
  0x000002671c2d95d0 JavaThread "Unconstrained build operations Thread 118"        [_thread_blocked, id=24804, stack(0x000000adba500000,0x000000adba600000) (1024K)]
  0x000002671c2db010 JavaThread "Unconstrained build operations Thread 119"        [_thread_blocked, id=4536, stack(0x000000adba600000,0x000000adba700000) (1024K)]
  0x000002671c2df840 JavaThread "Unconstrained build operations Thread 120"        [_thread_blocked, id=6848, stack(0x000000adba700000,0x000000adba800000) (1024K)]
  0x000002671c2deb20 JavaThread "Unconstrained build operations Thread 121"        [_thread_blocked, id=3372, stack(0x000000adba800000,0x000000adba900000) (1024K)]
  0x000002671c2e0bf0 JavaThread "Unconstrained build operations Thread 122"        [_thread_blocked, id=18300, stack(0x000000adba900000,0x000000adbaa00000) (1024K)]
  0x00000267212d5150 JavaThread "Unconstrained build operations Thread 123"        [_thread_blocked, id=6116, stack(0x000000adbaa00000,0x000000adbab00000) (1024K)]
  0x00000267212d4430 JavaThread "Unconstrained build operations Thread 124"        [_thread_blocked, id=4444, stack(0x000000adbab00000,0x000000adbac00000) (1024K)]
  0x00000267212d6500 JavaThread "Unconstrained build operations Thread 125"        [_thread_blocked, id=14472, stack(0x000000adbac00000,0x000000adbad00000) (1024K)]
  0x00000267212d3710 JavaThread "Unconstrained build operations Thread 126"        [_thread_blocked, id=12844, stack(0x000000adbad00000,0x000000adbae00000) (1024K)]
  0x00000267212d3da0 JavaThread "Unconstrained build operations Thread 127"        [_thread_blocked, id=1300, stack(0x000000adbae00000,0x000000adbaf00000) (1024K)]
  0x00000267212d5e70 JavaThread "Unconstrained build operations Thread 128"        [_thread_blocked, id=4304, stack(0x000000adbaf00000,0x000000adbb000000) (1024K)]
  0x00000267212d57e0 JavaThread "Unconstrained build operations Thread 129"        [_thread_blocked, id=15364, stack(0x000000adbb000000,0x000000adbb100000) (1024K)]
  0x00000267212d4ac0 JavaThread "Unconstrained build operations Thread 130"        [_thread_blocked, id=10764, stack(0x000000adbb100000,0x000000adbb200000) (1024K)]
  0x00000267212d3080 JavaThread "Unconstrained build operations Thread 131"        [_thread_blocked, id=17084, stack(0x000000adbb200000,0x000000adbb300000) (1024K)]
  0x00000267212d9980 JavaThread "Unconstrained build operations Thread 132"        [_thread_blocked, id=3452, stack(0x000000adbb300000,0x000000adbb400000) (1024K)]
  0x00000267212d7220 JavaThread "Unconstrained build operations Thread 133"        [_thread_blocked, id=14020, stack(0x000000adbb400000,0x000000adbb500000) (1024K)]
  0x00000267212d8c60 JavaThread "Unconstrained build operations Thread 134"        [_thread_blocked, id=13548, stack(0x000000adbb500000,0x000000adbb600000) (1024K)]
  0x00000267212d7f40 JavaThread "Unconstrained build operations Thread 135"        [_thread_blocked, id=25764, stack(0x000000adbb600000,0x000000adbb700000) (1024K)]
  0x00000267212da010 JavaThread "Unconstrained build operations Thread 136"        [_thread_blocked, id=16248, stack(0x000000adbb700000,0x000000adbb800000) (1024K)]
  0x00000267212d85d0 JavaThread "Unconstrained build operations Thread 137"        [_thread_blocked, id=26332, stack(0x000000adbb800000,0x000000adbb900000) (1024K)]
  0x00000267212d6b90 JavaThread "Unconstrained build operations Thread 138"        [_thread_blocked, id=26160, stack(0x000000adbb900000,0x000000adbba00000) (1024K)]
  0x00000267212d92f0 JavaThread "Unconstrained build operations Thread 139"        [_thread_blocked, id=2764, stack(0x000000adbba00000,0x000000adbbb00000) (1024K)]
  0x00000267212d78b0 JavaThread "Unconstrained build operations Thread 140"        [_thread_blocked, id=9624, stack(0x000000adbbb00000,0x000000adbbc00000) (1024K)]
  0x000002672268ed60 JavaThread "Unconstrained build operations Thread 141"        [_thread_blocked, id=2628, stack(0x000000adbbc00000,0x000000adbbd00000) (1024K)]
  0x000002672268d9b0 JavaThread "Unconstrained build operations Thread 142"        [_thread_blocked, id=26616, stack(0x000000adbbd00000,0x000000adbbe00000) (1024K)]
  0x000002672268f3f0 JavaThread "Unconstrained build operations Thread 143"        [_thread_blocked, id=7984, stack(0x000000adbbe00000,0x000000adbbf00000) (1024K)]
  0x000002672268cc90 JavaThread "Unconstrained build operations Thread 144"        [_thread_blocked, id=24888, stack(0x000000adbbf00000,0x000000adbc000000) (1024K)]
  0x000002672268e040 JavaThread "Unconstrained build operations Thread 145"        [_thread_blocked, id=9812, stack(0x000000adbc000000,0x000000adbc100000) (1024K)]
  0x000002672268bf70 JavaThread "Unconstrained build operations Thread 146"        [_thread_blocked, id=26080, stack(0x000000adbc100000,0x000000adbc200000) (1024K)]
  0x000002672268e6d0 JavaThread "Unconstrained build operations Thread 147"        [_thread_blocked, id=3648, stack(0x000000adbc200000,0x000000adbc300000) (1024K)]
  0x000002672268fa80 JavaThread "Unconstrained build operations Thread 148"        [_thread_blocked, id=11940, stack(0x000000adbc300000,0x000000adbc400000) (1024K)]
  0x000002672268d320 JavaThread "Unconstrained build operations Thread 149"        [_thread_blocked, id=1272, stack(0x000000adbc400000,0x000000adbc500000) (1024K)]
  0x000002672268c600 JavaThread "Unconstrained build operations Thread 150"        [_thread_blocked, id=6600, stack(0x000000adbc500000,0x000000adbc600000) (1024K)]
  0x0000026722691b50 JavaThread "Unconstrained build operations Thread 151"        [_thread_blocked, id=24512, stack(0x000000adbc600000,0x000000adbc700000) (1024K)]
  0x0000026722692870 JavaThread "Unconstrained build operations Thread 152"        [_thread_blocked, id=25568, stack(0x000000adbc700000,0x000000adbc800000) (1024K)]
  0x0000026722692f00 JavaThread "Unconstrained build operations Thread 153"        [_thread_blocked, id=15960, stack(0x000000adbc800000,0x000000adbc900000) (1024K)]
  0x00000267226914c0 JavaThread "Unconstrained build operations Thread 154"        [_thread_blocked, id=19392, stack(0x000000adbc900000,0x000000adbca00000) (1024K)]
  0x00000267226921e0 JavaThread "Unconstrained build operations Thread 155"        [_thread_blocked, id=4716, stack(0x000000adbca00000,0x000000adbcb00000) (1024K)]
  0x0000026722693590 JavaThread "Unconstrained build operations Thread 156"        [_thread_blocked, id=15340, stack(0x000000adbcb00000,0x000000adbcc00000) (1024K)]
  0x0000026722690110 JavaThread "Unconstrained build operations Thread 157"        [_thread_blocked, id=5928, stack(0x000000adbcc00000,0x000000adbcd00000) (1024K)]
  0x00000267226907a0 JavaThread "Unconstrained build operations Thread 158"        [_thread_blocked, id=3376, stack(0x000000adbcd00000,0x000000adbce00000) (1024K)]
  0x0000026722690e30 JavaThread "Unconstrained build operations Thread 159"        [_thread_blocked, id=17028, stack(0x000000adbce00000,0x000000adbcf00000) (1024K)]
  0x00000267219cd320 JavaThread "Unconstrained build operations Thread 160"        [_thread_blocked, id=4316, stack(0x000000adbcf00000,0x000000adbd000000) (1024K)]
  0x00000267219ce6d0 JavaThread "WorkerExecutor Queue"              [_thread_blocked, id=20104, stack(0x000000adbd000000,0x000000adbd100000) (1024K)]
  0x00000267219d14c0 JavaThread "WorkerExecutor Queue Thread 2"        [_thread_blocked, id=5588, stack(0x000000adbd100000,0x000000adbd200000) (1024K)]
  0x00000267219ce040 JavaThread "WorkerExecutor Queue Thread 3"        [_thread_blocked, id=12208, stack(0x000000adbd200000,0x000000adbd300000) (1024K)]
  0x000002671cdc96c0 JavaThread "C2 CompilerThread5"         daemon [_thread_in_vm, id=17148, stack(0x000000adbd300000,0x000000adbd400000) (1024K)]
  0x000002671cdcab30 JavaThread "C2 CompilerThread6"         daemon [_thread_in_vm, id=18908, stack(0x000000adbd600000,0x000000adbd700000) (1024K)]
  0x000002672338fb70 JavaThread "WorkerExecutor Queue Thread 4"        [_thread_blocked, id=14152, stack(0x000000adbd800000,0x000000adbd900000) (1024K)]
  0x00000267233850d0 JavaThread "WorkerExecutor Queue Thread 5"        [_thread_blocked, id=5880, stack(0x000000adbd900000,0x000000adbda00000) (1024K)]
  0x0000026723386480 JavaThread "ForkJoinPool-1-worker-1"    daemon [_thread_blocked, id=26500, stack(0x000000adbda00000,0x000000adbdb00000) (1024K)]
  0x0000026723389f90 JavaThread "ForkJoinPool-1-worker-2"    daemon [_thread_blocked, id=17092, stack(0x000000adbdb00000,0x000000adbdc00000) (1024K)]
  0x00000267233871a0 JavaThread "ForkJoinPool-1-worker-3"    daemon [_thread_blocked, id=9432, stack(0x000000adbdc00000,0x000000adbdd00000) (1024K)]
  0x000002672338daa0 JavaThread "ForkJoinPool-1-worker-4"    daemon [_thread_blocked, id=24904, stack(0x000000adbdd00000,0x000000adbde00000) (1024K)]
  0x000002672338c6f0 JavaThread "ForkJoinPool-1-worker-5"    daemon [_thread_in_Java, id=7988, stack(0x000000adbde00000,0x000000adbdf00000) (1024K)]
  0x000002672338b340 JavaThread "ForkJoinPool-1-worker-6"    daemon [_thread_in_Java, id=16524, stack(0x000000adbdf00000,0x000000adbe000000) (1024K)]
  0x000002672338b9d0 JavaThread "ForkJoinPool-1-worker-7"    daemon [_thread_in_Java, id=19212, stack(0x000000adbe000000,0x000000adbe100000) (1024K)]
  0x000002672338a620 JavaThread "ForkJoinPool-1-worker-8"    daemon [_thread_blocked, id=1580, stack(0x000000adbe100000,0x000000adbe200000) (1024K)]
  0x000002672338cd80 JavaThread "ForkJoinPool-1-worker-9"    daemon [_thread_blocked, id=9012, stack(0x000000adbe200000,0x000000adbe300000) (1024K)]
  0x000002672338e130 JavaThread "ForkJoinPool-1-worker-10"   daemon [_thread_blocked, id=11748, stack(0x000000adbe300000,0x000000adbe400000) (1024K)]
  0x000002672338d410 JavaThread "ForkJoinPool-1-worker-11"   daemon [_thread_in_Java, id=11204, stack(0x000000adbe400000,0x000000adbe500000) (1024K)]
  0x000002672338acb0 JavaThread "ForkJoinPool-1-worker-12"   daemon [_thread_blocked, id=19944, stack(0x000000adbe500000,0x000000adbe600000) (1024K)]
  0x0000026723390890 JavaThread "ForkJoinPool-1-worker-13"   daemon [_thread_blocked, id=11756, stack(0x000000adbe600000,0x000000adbe700000) (1024K)]
  0x0000026723390200 JavaThread "ForkJoinPool-1-worker-14"   daemon [_thread_blocked, id=11384, stack(0x000000adbe700000,0x000000adbe800000) (1024K)]
  0x000002672338f4e0 JavaThread "ForkJoinPool-1-worker-15"   daemon [_thread_blocked, id=13660, stack(0x000000adbe800000,0x000000adbe900000) (1024K)]
  0x0000026723390f20 JavaThread "ForkJoinPool-1-worker-16"   daemon [_thread_blocked, id=4936, stack(0x000000adbe900000,0x000000adbea00000) (1024K)]
  0x000002672338c060 JavaThread "DefaultDispatcher-worker-1" daemon [_thread_blocked, id=24116, stack(0x000000adbd700000,0x000000adbd800000) (1024K)]
  0x0000026723392ff0 JavaThread "DefaultDispatcher-worker-2" daemon [_thread_blocked, id=17036, stack(0x000000adbea00000,0x000000adbeb00000) (1024K)]
  0x0000026723393d10 JavaThread "DefaultDispatcher-worker-3" daemon [_thread_blocked, id=12256, stack(0x000000adbeb00000,0x000000adbec00000) (1024K)]
  0x00000267233943a0 JavaThread "DefaultDispatcher-worker-4" daemon [_thread_blocked, id=5816, stack(0x000000adbec00000,0x000000adbed00000) (1024K)]
  0x000002671ecfc140 JavaThread "C2 CompilerThread7"         daemon [_thread_in_native, id=13520, stack(0x000000adbed00000,0x000000adbee00000) (1024K)]
  0x0000026728e64660 JavaThread "Periodic tasks thread"      daemon [_thread_blocked, id=10904, stack(0x000000adbee00000,0x000000adbef00000) (1024K)]
  0x0000026728e61f00 JavaThread "ApplicationImpl pooled thread 1"        [_thread_blocked, id=3020, stack(0x000000adbef00000,0x000000adbf000000) (1024K)]
  0x0000026728e66dc0 JavaThread "ForkJoinPool.commonPool-worker-1" daemon [_thread_blocked, id=20384, stack(0x000000adbf000000,0x000000adbf100000) (1024K)]
  0x0000026728e64cf0 JavaThread "Java2D Disposer"            daemon [_thread_blocked, id=9764, stack(0x000000adbf100000,0x000000adbf200000) (1024K)]
  0x0000026728e68800 JavaThread "AWT-Shutdown"                      [_thread_blocked, id=6412, stack(0x000000adbf200000,0x000000adbf300000) (1024K)]
  0x0000026728e65380 JavaThread "AWT-Windows"                daemon [_thread_in_native, id=25984, stack(0x000000adbf300000,0x000000adbf400000) (1024K)]
Total: 261

Other Threads:
  0x000002677b64efe0 VMThread "VM Thread"                           [id=6964, stack(0x000000adadf00000,0x000000adae000000) (1024K)]
  0x00000267161bd0e0 WatcherThread "VM Periodic Task Thread"        [id=24132, stack(0x000000adade00000,0x000000adadf00000) (1024K)]
  0x000002677b650200 WorkerThread "GC Thread#0"                     [id=5084, stack(0x000000adad900000,0x000000adada00000) (1024K)]
  0x000002677b64f720 WorkerThread "GC Thread#1"                     [id=14276, stack(0x000000adaee00000,0x000000adaef00000) (1024K)]
  0x000002677b64fac0 WorkerThread "GC Thread#2"                     [id=3340, stack(0x000000adaef00000,0x000000adaf000000) (1024K)]
  0x000002677b64fe60 WorkerThread "GC Thread#3"                     [id=12112, stack(0x000000adaf000000,0x000000adaf100000) (1024K)]
  0x000002671695ca50 WorkerThread "GC Thread#4"                     [id=7044, stack(0x000000adaf100000,0x000000adaf200000) (1024K)]
  0x000002671695c310 WorkerThread "GC Thread#5"                     [id=12916, stack(0x000000adaf200000,0x000000adaf300000) (1024K)]
  0x000002671695c6b0 WorkerThread "GC Thread#6"                     [id=7592, stack(0x000000adaf300000,0x000000adaf400000) (1024K)]
  0x000002671695b830 WorkerThread "GC Thread#7"                     [id=25320, stack(0x000000adaf400000,0x000000adaf500000) (1024K)]
  0x000002671695cdf0 WorkerThread "GC Thread#8"                     [id=25920, stack(0x000000adaf500000,0x000000adaf600000) (1024K)]
  0x000002671695b0f0 WorkerThread "GC Thread#9"                     [id=25556, stack(0x000000adaf600000,0x000000adaf700000) (1024K)]
  0x000002671695bbd0 WorkerThread "GC Thread#10"                    [id=15436, stack(0x000000adaf700000,0x000000adaf800000) (1024K)]
  0x000002671695b490 WorkerThread "GC Thread#11"                    [id=21668, stack(0x000000adaf800000,0x000000adaf900000) (1024K)]
  0x000002671695a610 WorkerThread "GC Thread#12"                    [id=9856, stack(0x000000adb0100000,0x000000adb0200000) (1024K)]
  0x000002677dbd6f50 ConcurrentGCThread "G1 Main Marker"            [id=14560, stack(0x000000adada00000,0x000000adadb00000) (1024K)]
  0x000002677b6505a0 WorkerThread "G1 Conc#0"                       [id=3364, stack(0x000000adadb00000,0x000000adadc00000) (1024K)]
  0x000002671695a9b0 WorkerThread "G1 Conc#1"                       [id=12044, stack(0x000000adb0200000,0x000000adb0300000) (1024K)]
  0x000002671695ad50 WorkerThread "G1 Conc#2"                       [id=11800, stack(0x000000adb0300000,0x000000adb0400000) (1024K)]
  0x000002677fc6b060 ConcurrentGCThread "G1 Refine#0"               [id=22888, stack(0x000000adadc00000,0x000000adadd00000) (1024K)]
  0x000002677fc6d8a0 ConcurrentGCThread "G1 Service"                [id=10848, stack(0x000000adadd00000,0x000000adade00000) (1024K)]
Total: 21

Threads with active compile tasks:
C2 CompilerThread0  12662 23299 %     4       com.android.tools.r8.internal.mu1::a @ 1755 (4153 bytes)
C2 CompilerThread1  12662 23812       4       com.android.tools.r8.dex.j0$$Lambda/0x0000000101a59aa8::accept (12 bytes)
C2 CompilerThread2  12662 23819       4       com.android.tools.r8.graph.d6$$Lambda/0x0000000101a5a088::compare (16 bytes)
C2 CompilerThread3  12662 23813       4       com.android.tools.r8.dex.j0::a (66 bytes)
C2 CompilerThread4  12662 23796       4       com.android.tools.r8.internal.mk0::a (44 bytes)
C2 CompilerThread5  12662 23808       4       com.android.tools.r8.dex.j0::a (795 bytes)
C2 CompilerThread6  12662 23814       4       com.android.tools.r8.graph.d6::a (225 bytes)
C2 CompilerThread7  12662 23570       4       com.android.tools.r8.graph.dc::a (133 bytes)
Total: 8

VM state: not at safepoint (normal execution)

VM Mutex/Monitor currently owned by a thread:  ([mutex/lock_event])
[0x00007ff91e938d10] SystemDictionary_lock - owner thread: 0x0000000000000000

Heap address: 0x0000000080000000, size: 2048 MB, Compressed Oops mode: 32-bit

CDS archive(s) not mapped
Compressed class space mapped at: 0x0000000100000000-0x0000000140000000, reserved size: 1073741824
Narrow klass base: 0x0000000000000000, Narrow klass shift: 3, Narrow klass range: 0x140000000

GC Precious Log:
 CardTable entry size: 512
 Card Set container configuration: InlinePtr #cards 5 size 8 Array Of Cards #cards 12 size 40 Howl #buckets 4 coarsen threshold 1843 Howl Bitmap #cards 512 size 80 coarsen threshold 460 Card regions per heap region 1 cards per card region 2048
 CPUs: 16 total, 16 available
 Memory: 32675M
 Large Page Support: Disabled
 NUMA Support: Disabled
 Compressed Oops: Enabled (32-bit)
 Heap Region Size: 1M
 Heap Min Capacity: 8M
 Heap Initial Capacity: 512M
 Heap Max Capacity: 2G
 Pre-touch: Disabled
 Parallel Workers: 13
 Concurrent Workers: 3
 Concurrent Refinement Workers: 13
 Periodic GC: Disabled

Heap:
 garbage-first heap   total 1197056K, used 771804K [0x0000000080000000, 0x0000000100000000)
  region size 1024K, 75 young (76800K), 39 survivors (39936K)
 Metaspace       used 193735K, committed 196352K, reserved 1245184K
  class space    used 26047K, committed 27328K, reserved 1048576K

Heap Regions: E=young(eden), S=young(survivor), O=old, HS=humongous(starts), HC=humongous(continues), CS=collection set, F=free, TAMS=top-at-mark-start, PB=parsable bottom
|   0|0x0000000080000000, 0x0000000080100000, 0x0000000080100000|100%|HS|  |TAMS 0x0000000080100000| PB 0x0000000080000000| Complete 
|   1|0x0000000080100000, 0x0000000080200000, 0x0000000080200000|100%|HC|  |TAMS 0x0000000080200000| PB 0x0000000080100000| Complete 
|   2|0x0000000080200000, 0x0000000080300000, 0x0000000080300000|100%|HC|  |TAMS 0x0000000080300000| PB 0x0000000080200000| Complete 
|   3|0x0000000080300000, 0x0000000080400000, 0x0000000080400000|100%|HC|  |TAMS 0x0000000080400000| PB 0x0000000080300000| Complete 
|   4|0x0000000080400000, 0x0000000080500000, 0x0000000080500000|100%| O|  |TAMS 0x0000000080500000| PB 0x0000000080400000| Untracked 
|   5|0x0000000080500000, 0x0000000080600000, 0x0000000080600000|100%| O|  |TAMS 0x0000000080600000| PB 0x0000000080500000| Untracked 
|   6|0x0000000080600000, 0x0000000080700000, 0x0000000080700000|100%|HS|  |TAMS 0x0000000080700000| PB 0x0000000080600000| Complete 
|   7|0x0000000080700000, 0x0000000080800000, 0x0000000080800000|100%| O|  |TAMS 0x0000000080800000| PB 0x0000000080700000| Untracked 
|   8|0x0000000080800000, 0x0000000080900000, 0x0000000080900000|100%| O|  |TAMS 0x0000000080900000| PB 0x0000000080800000| Untracked 
|   9|0x0000000080900000, 0x0000000080a00000, 0x0000000080a00000|100%| O|  |TAMS 0x0000000080a00000| PB 0x0000000080900000| Untracked 
|  10|0x0000000080a00000, 0x0000000080b00000, 0x0000000080b00000|100%| O|  |TAMS 0x0000000080b00000| PB 0x0000000080a00000| Untracked 
|  11|0x0000000080b00000, 0x0000000080c00000, 0x0000000080c00000|100%| O|  |TAMS 0x0000000080c00000| PB 0x0000000080b00000| Untracked 
|  12|0x0000000080c00000, 0x0000000080d00000, 0x0000000080d00000|100%| O|  |TAMS 0x0000000080d00000| PB 0x0000000080c00000| Untracked 
|  13|0x0000000080d00000, 0x0000000080e00000, 0x0000000080e00000|100%| O|  |TAMS 0x0000000080e00000| PB 0x0000000080d00000| Untracked 
|  14|0x0000000080e00000, 0x0000000080f00000, 0x0000000080f00000|100%| O|  |TAMS 0x0000000080f00000| PB 0x0000000080e00000| Untracked 
|  15|0x0000000080f00000, 0x0000000081000000, 0x0000000081000000|100%| O|  |TAMS 0x0000000081000000| PB 0x0000000080f00000| Untracked 
|  16|0x0000000081000000, 0x0000000081100000, 0x0000000081100000|100%| O|  |TAMS 0x0000000081100000| PB 0x0000000081000000| Untracked 
|  17|0x0000000081100000, 0x0000000081200000, 0x0000000081200000|100%| O|  |TAMS 0x0000000081200000| PB 0x0000000081100000| Untracked 
|  18|0x0000000081200000, 0x0000000081300000, 0x0000000081300000|100%| O|  |TAMS 0x0000000081300000| PB 0x0000000081200000| Untracked 
|  19|0x0000000081300000, 0x0000000081400000, 0x0000000081400000|100%| O|  |TAMS 0x0000000081400000| PB 0x0000000081300000| Untracked 
|  20|0x0000000081400000, 0x0000000081500000, 0x0000000081500000|100%| O|  |TAMS 0x0000000081500000| PB 0x0000000081400000| Untracked 
|  21|0x0000000081500000, 0x0000000081600000, 0x0000000081600000|100%| O|  |TAMS 0x0000000081600000| PB 0x0000000081500000| Untracked 
|  22|0x0000000081600000, 0x0000000081700000, 0x0000000081700000|100%| O|  |TAMS 0x0000000081700000| PB 0x0000000081600000| Untracked 
|  23|0x0000000081700000, 0x0000000081800000, 0x0000000081800000|100%|HS|  |TAMS 0x0000000081800000| PB 0x0000000081700000| Complete 
|  24|0x0000000081800000, 0x0000000081900000, 0x0000000081900000|100%| O|  |TAMS 0x0000000081900000| PB 0x0000000081800000| Untracked 
|  25|0x0000000081900000, 0x0000000081a00000, 0x0000000081a00000|100%| O|  |TAMS 0x0000000081a00000| PB 0x0000000081900000| Untracked 
|  26|0x0000000081a00000, 0x0000000081b00000, 0x0000000081b00000|100%| O|  |TAMS 0x0000000081b00000| PB 0x0000000081a00000| Untracked 
|  27|0x0000000081b00000, 0x0000000081c00000, 0x0000000081c00000|100%| O|  |TAMS 0x0000000081c00000| PB 0x0000000081b00000| Untracked 
|  28|0x0000000081c00000, 0x0000000081d00000, 0x0000000081d00000|100%| O|  |TAMS 0x0000000081d00000| PB 0x0000000081c00000| Untracked 
|  29|0x0000000081d00000, 0x0000000081e00000, 0x0000000081e00000|100%| O|  |TAMS 0x0000000081e00000| PB 0x0000000081d00000| Untracked 
|  30|0x0000000081e00000, 0x0000000081f00000, 0x0000000081f00000|100%| O|  |TAMS 0x0000000081f00000| PB 0x0000000081e00000| Untracked 
|  31|0x0000000081f00000, 0x0000000082000000, 0x0000000082000000|100%| O|  |TAMS 0x0000000082000000| PB 0x0000000081f00000| Untracked 
|  32|0x0000000082000000, 0x0000000082100000, 0x0000000082100000|100%|HS|  |TAMS 0x0000000082100000| PB 0x0000000082000000| Complete 
|  33|0x0000000082100000, 0x0000000082200000, 0x0000000082200000|100%|HC|  |TAMS 0x0000000082200000| PB 0x0000000082100000| Complete 
|  34|0x0000000082200000, 0x0000000082300000, 0x0000000082300000|100%| O|  |TAMS 0x0000000082300000| PB 0x0000000082200000| Untracked 
|  35|0x0000000082300000, 0x0000000082400000, 0x0000000082400000|100%| O|  |TAMS 0x0000000082400000| PB 0x0000000082300000| Untracked 
|  36|0x0000000082400000, 0x0000000082500000, 0x0000000082500000|100%| O|  |TAMS 0x0000000082500000| PB 0x0000000082400000| Untracked 
|  37|0x0000000082500000, 0x0000000082600000, 0x0000000082600000|100%| O|  |TAMS 0x0000000082600000| PB 0x0000000082500000| Untracked 
|  38|0x0000000082600000, 0x0000000082700000, 0x0000000082700000|100%| O|  |TAMS 0x0000000082700000| PB 0x0000000082600000| Untracked 
|  39|0x0000000082700000, 0x0000000082800000, 0x0000000082800000|100%| O|  |TAMS 0x0000000082800000| PB 0x0000000082700000| Untracked 
|  40|0x0000000082800000, 0x0000000082900000, 0x0000000082900000|100%| O|  |TAMS 0x0000000082900000| PB 0x0000000082800000| Untracked 
|  41|0x0000000082900000, 0x0000000082a00000, 0x0000000082a00000|100%| O|  |TAMS 0x0000000082a00000| PB 0x0000000082900000| Untracked 
|  42|0x0000000082a00000, 0x0000000082b00000, 0x0000000082b00000|100%| O|  |TAMS 0x0000000082b00000| PB 0x0000000082a00000| Untracked 
|  43|0x0000000082b00000, 0x0000000082c00000, 0x0000000082c00000|100%| O|  |TAMS 0x0000000082c00000| PB 0x0000000082b00000| Untracked 
|  44|0x0000000082c00000, 0x0000000082d00000, 0x0000000082d00000|100%| O|  |TAMS 0x0000000082d00000| PB 0x0000000082c00000| Untracked 
|  45|0x0000000082d00000, 0x0000000082e00000, 0x0000000082e00000|100%| O|  |TAMS 0x0000000082e00000| PB 0x0000000082d00000| Untracked 
|  46|0x0000000082e00000, 0x0000000082f00000, 0x0000000082f00000|100%| O|  |TAMS 0x0000000082f00000| PB 0x0000000082e00000| Untracked 
|  47|0x0000000082f00000, 0x0000000083000000, 0x0000000083000000|100%| O|  |TAMS 0x0000000083000000| PB 0x0000000082f00000| Untracked 
|  48|0x0000000083000000, 0x0000000083100000, 0x0000000083100000|100%| O|  |TAMS 0x0000000083100000| PB 0x0000000083000000| Untracked 
|  49|0x0000000083100000, 0x0000000083200000, 0x0000000083200000|100%| O|  |TAMS 0x0000000083200000| PB 0x0000000083100000| Untracked 
|  50|0x0000000083200000, 0x0000000083300000, 0x0000000083300000|100%| O|  |TAMS 0x0000000083300000| PB 0x0000000083200000| Untracked 
|  51|0x0000000083300000, 0x0000000083400000, 0x0000000083400000|100%| O|  |TAMS 0x0000000083400000| PB 0x0000000083300000| Untracked 
|  52|0x0000000083400000, 0x0000000083500000, 0x0000000083500000|100%| O|  |TAMS 0x0000000083500000| PB 0x0000000083400000| Untracked 
|  53|0x0000000083500000, 0x0000000083600000, 0x0000000083600000|100%| O|  |TAMS 0x0000000083600000| PB 0x0000000083500000| Untracked 
|  54|0x0000000083600000, 0x0000000083700000, 0x0000000083700000|100%| O|  |TAMS 0x0000000083700000| PB 0x0000000083600000| Untracked 
|  55|0x0000000083700000, 0x0000000083800000, 0x0000000083800000|100%| O|  |TAMS 0x0000000083800000| PB 0x0000000083700000| Untracked 
|  56|0x0000000083800000, 0x0000000083900000, 0x0000000083900000|100%| O|  |TAMS 0x0000000083900000| PB 0x0000000083800000| Untracked 
|  57|0x0000000083900000, 0x0000000083a00000, 0x0000000083a00000|100%|HS|  |TAMS 0x0000000083a00000| PB 0x0000000083900000| Complete 
|  58|0x0000000083a00000, 0x0000000083b00000, 0x0000000083b00000|100%|HS|  |TAMS 0x0000000083b00000| PB 0x0000000083a00000| Complete 
|  59|0x0000000083b00000, 0x0000000083c00000, 0x0000000083c00000|100%|HC|  |TAMS 0x0000000083c00000| PB 0x0000000083b00000| Complete 
|  60|0x0000000083c00000, 0x0000000083d00000, 0x0000000083d00000|100%|HS|  |TAMS 0x0000000083d00000| PB 0x0000000083c00000| Complete 
|  61|0x0000000083d00000, 0x0000000083e00000, 0x0000000083e00000|100%|HS|  |TAMS 0x0000000083e00000| PB 0x0000000083d00000| Complete 
|  62|0x0000000083e00000, 0x0000000083f00000, 0x0000000083f00000|100%| O|  |TAMS 0x0000000083f00000| PB 0x0000000083e00000| Untracked 
|  63|0x0000000083f00000, 0x0000000084000000, 0x0000000084000000|100%|HS|  |TAMS 0x0000000084000000| PB 0x0000000083f00000| Complete 
|  64|0x0000000084000000, 0x0000000084100000, 0x0000000084100000|100%| O|  |TAMS 0x0000000084100000| PB 0x0000000084000000| Untracked 
|  65|0x0000000084100000, 0x0000000084200000, 0x0000000084200000|100%| O|  |TAMS 0x0000000084200000| PB 0x0000000084100000| Untracked 
|  66|0x0000000084200000, 0x0000000084300000, 0x0000000084300000|100%| O|  |TAMS 0x0000000084300000| PB 0x0000000084200000| Untracked 
|  67|0x0000000084300000, 0x0000000084400000, 0x0000000084400000|100%|HS|  |TAMS 0x0000000084400000| PB 0x0000000084300000| Complete 
|  68|0x0000000084400000, 0x0000000084500000, 0x0000000084500000|100%|HS|  |TAMS 0x0000000084500000| PB 0x0000000084400000| Complete 
|  69|0x0000000084500000, 0x0000000084600000, 0x0000000084600000|100%|HS|  |TAMS 0x0000000084600000| PB 0x0000000084500000| Complete 
|  70|0x0000000084600000, 0x0000000084700000, 0x0000000084700000|100%|HC|  |TAMS 0x0000000084700000| PB 0x0000000084600000| Complete 
|  71|0x0000000084700000, 0x0000000084800000, 0x0000000084800000|100%| O|  |TAMS 0x0000000084800000| PB 0x0000000084700000| Untracked 
|  72|0x0000000084800000, 0x0000000084900000, 0x0000000084900000|100%| O|  |TAMS 0x0000000084900000| PB 0x0000000084800000| Untracked 
|  73|0x0000000084900000, 0x0000000084a00000, 0x0000000084a00000|100%| O|  |TAMS 0x0000000084a00000| PB 0x0000000084900000| Untracked 
|  74|0x0000000084a00000, 0x0000000084b00000, 0x0000000084b00000|100%| O|  |TAMS 0x0000000084b00000| PB 0x0000000084a00000| Untracked 
|  75|0x0000000084b00000, 0x0000000084c00000, 0x0000000084c00000|100%| O|  |TAMS 0x0000000084c00000| PB 0x0000000084b00000| Untracked 
|  76|0x0000000084c00000, 0x0000000084d00000, 0x0000000084d00000|100%| O|  |TAMS 0x0000000084d00000| PB 0x0000000084c00000| Untracked 
|  77|0x0000000084d00000, 0x0000000084e00000, 0x0000000084e00000|100%| O|  |TAMS 0x0000000084e00000| PB 0x0000000084d00000| Untracked 
|  78|0x0000000084e00000, 0x0000000084f00000, 0x0000000084f00000|100%| O|  |TAMS 0x0000000084f00000| PB 0x0000000084e00000| Untracked 
|  79|0x0000000084f00000, 0x0000000085000000, 0x0000000085000000|100%| O|  |TAMS 0x0000000085000000| PB 0x0000000084f00000| Untracked 
|  80|0x0000000085000000, 0x0000000085100000, 0x0000000085100000|100%| O|  |TAMS 0x0000000085100000| PB 0x0000000085000000| Untracked 
|  81|0x0000000085100000, 0x0000000085200000, 0x0000000085200000|100%| O|  |TAMS 0x0000000085200000| PB 0x0000000085100000| Untracked 
|  82|0x0000000085200000, 0x0000000085300000, 0x0000000085300000|100%| O|  |TAMS 0x0000000085300000| PB 0x0000000085200000| Untracked 
|  83|0x0000000085300000, 0x0000000085400000, 0x0000000085400000|100%| O|  |TAMS 0x0000000085400000| PB 0x0000000085300000| Untracked 
|  84|0x0000000085400000, 0x0000000085500000, 0x0000000085500000|100%| O|  |TAMS 0x0000000085500000| PB 0x0000000085400000| Untracked 
|  85|0x0000000085500000, 0x0000000085600000, 0x0000000085600000|100%| O|  |TAMS 0x0000000085600000| PB 0x0000000085500000| Untracked 
|  86|0x0000000085600000, 0x0000000085700000, 0x0000000085700000|100%| O|  |TAMS 0x0000000085700000| PB 0x0000000085600000| Untracked 
|  87|0x0000000085700000, 0x0000000085800000, 0x0000000085800000|100%| O|  |TAMS 0x0000000085800000| PB 0x0000000085700000| Untracked 
|  88|0x0000000085800000, 0x0000000085900000, 0x0000000085900000|100%| O|  |TAMS 0x0000000085900000| PB 0x0000000085800000| Untracked 
|  89|0x0000000085900000, 0x0000000085a00000, 0x0000000085a00000|100%| O|  |TAMS 0x0000000085a00000| PB 0x0000000085900000| Untracked 
|  90|0x0000000085a00000, 0x0000000085b00000, 0x0000000085b00000|100%| O|  |TAMS 0x0000000085b00000| PB 0x0000000085a00000| Untracked 
|  91|0x0000000085b00000, 0x0000000085c00000, 0x0000000085c00000|100%| O|  |TAMS 0x0000000085c00000| PB 0x0000000085b00000| Untracked 
|  92|0x0000000085c00000, 0x0000000085d00000, 0x0000000085d00000|100%| O|  |TAMS 0x0000000085d00000| PB 0x0000000085c00000| Untracked 
|  93|0x0000000085d00000, 0x0000000085e00000, 0x0000000085e00000|100%| O|  |TAMS 0x0000000085e00000| PB 0x0000000085d00000| Untracked 
|  94|0x0000000085e00000, 0x0000000085f00000, 0x0000000085f00000|100%| O|  |TAMS 0x0000000085f00000| PB 0x0000000085e00000| Untracked 
|  95|0x0000000085f00000, 0x0000000086000000, 0x0000000086000000|100%| O|  |TAMS 0x0000000086000000| PB 0x0000000085f00000| Untracked 
|  96|0x0000000086000000, 0x0000000086100000, 0x0000000086100000|100%| O|  |TAMS 0x0000000086100000| PB 0x0000000086000000| Untracked 
|  97|0x0000000086100000, 0x0000000086200000, 0x0000000086200000|100%| O|  |TAMS 0x0000000086200000| PB 0x0000000086100000| Untracked 
|  98|0x0000000086200000, 0x0000000086300000, 0x0000000086300000|100%| O|  |TAMS 0x0000000086300000| PB 0x0000000086200000| Untracked 
|  99|0x0000000086300000, 0x0000000086400000, 0x0000000086400000|100%| O|  |TAMS 0x0000000086400000| PB 0x0000000086300000| Untracked 
| 100|0x0000000086400000, 0x0000000086500000, 0x0000000086500000|100%| O|  |TAMS 0x0000000086500000| PB 0x0000000086400000| Untracked 
| 101|0x0000000086500000, 0x0000000086600000, 0x0000000086600000|100%| O|  |TAMS 0x0000000086600000| PB 0x0000000086500000| Untracked 
| 102|0x0000000086600000, 0x0000000086700000, 0x0000000086700000|100%| O|  |TAMS 0x0000000086700000| PB 0x0000000086600000| Untracked 
| 103|0x0000000086700000, 0x0000000086800000, 0x0000000086800000|100%| O|  |TAMS 0x0000000086800000| PB 0x0000000086700000| Untracked 
| 104|0x0000000086800000, 0x0000000086900000, 0x0000000086900000|100%| O|  |TAMS 0x0000000086900000| PB 0x0000000086800000| Untracked 
| 105|0x0000000086900000, 0x0000000086a00000, 0x0000000086a00000|100%| O|  |TAMS 0x0000000086a00000| PB 0x0000000086900000| Untracked 
| 106|0x0000000086a00000, 0x0000000086b00000, 0x0000000086b00000|100%| O|  |TAMS 0x0000000086b00000| PB 0x0000000086a00000| Untracked 
| 107|0x0000000086b00000, 0x0000000086c00000, 0x0000000086c00000|100%| O|  |TAMS 0x0000000086c00000| PB 0x0000000086b00000| Untracked 
| 108|0x0000000086c00000, 0x0000000086d00000, 0x0000000086d00000|100%| O|  |TAMS 0x0000000086d00000| PB 0x0000000086c00000| Untracked 
| 109|0x0000000086d00000, 0x0000000086e00000, 0x0000000086e00000|100%|HS|  |TAMS 0x0000000086e00000| PB 0x0000000086d00000| Complete 
| 110|0x0000000086e00000, 0x0000000086f00000, 0x0000000086f00000|100%|HC|  |TAMS 0x0000000086f00000| PB 0x0000000086e00000| Complete 
| 111|0x0000000086f00000, 0x0000000087000000, 0x0000000087000000|100%| O|  |TAMS 0x0000000087000000| PB 0x0000000086f00000| Untracked 
| 112|0x0000000087000000, 0x0000000087100000, 0x0000000087100000|100%| O|  |TAMS 0x0000000087100000| PB 0x0000000087000000| Untracked 
| 113|0x0000000087100000, 0x0000000087200000, 0x0000000087200000|100%| O|  |TAMS 0x0000000087200000| PB 0x0000000087100000| Untracked 
| 114|0x0000000087200000, 0x0000000087300000, 0x0000000087300000|100%|HS|  |TAMS 0x0000000087300000| PB 0x0000000087200000| Complete 
| 115|0x0000000087300000, 0x0000000087400000, 0x0000000087400000|100%|HC|  |TAMS 0x0000000087400000| PB 0x0000000087300000| Complete 
| 116|0x0000000087400000, 0x0000000087500000, 0x0000000087500000|100%|HC|  |TAMS 0x0000000087500000| PB 0x0000000087400000| Complete 
| 117|0x0000000087500000, 0x0000000087600000, 0x0000000087600000|100%|HC|  |TAMS 0x0000000087600000| PB 0x0000000087500000| Complete 
| 118|0x0000000087600000, 0x0000000087700000, 0x0000000087700000|100%|HC|  |TAMS 0x0000000087700000| PB 0x0000000087600000| Complete 
| 119|0x0000000087700000, 0x0000000087800000, 0x0000000087800000|100%|HC|  |TAMS 0x0000000087800000| PB 0x0000000087700000| Complete 
| 120|0x0000000087800000, 0x0000000087900000, 0x0000000087900000|100%|HC|  |TAMS 0x0000000087900000| PB 0x0000000087800000| Complete 
| 121|0x0000000087900000, 0x0000000087a00000, 0x0000000087a00000|100%|HC|  |TAMS 0x0000000087a00000| PB 0x0000000087900000| Complete 
| 122|0x0000000087a00000, 0x0000000087b00000, 0x0000000087b00000|100%|HC|  |TAMS 0x0000000087b00000| PB 0x0000000087a00000| Complete 
| 123|0x0000000087b00000, 0x0000000087c00000, 0x0000000087c00000|100%|HC|  |TAMS 0x0000000087c00000| PB 0x0000000087b00000| Complete 
| 124|0x0000000087c00000, 0x0000000087d00000, 0x0000000087d00000|100%|HC|  |TAMS 0x0000000087d00000| PB 0x0000000087c00000| Complete 
| 125|0x0000000087d00000, 0x0000000087e00000, 0x0000000087e00000|100%|HC|  |TAMS 0x0000000087e00000| PB 0x0000000087d00000| Complete 
| 126|0x0000000087e00000, 0x0000000087f00000, 0x0000000087f00000|100%|HC|  |TAMS 0x0000000087f00000| PB 0x0000000087e00000| Complete 
| 127|0x0000000087f00000, 0x0000000088000000, 0x0000000088000000|100%|HC|  |TAMS 0x0000000088000000| PB 0x0000000087f00000| Complete 
| 128|0x0000000088000000, 0x0000000088100000, 0x0000000088100000|100%|HC|  |TAMS 0x0000000088100000| PB 0x0000000088000000| Complete 
| 129|0x0000000088100000, 0x0000000088200000, 0x0000000088200000|100%|HC|  |TAMS 0x0000000088200000| PB 0x0000000088100000| Complete 
| 130|0x0000000088200000, 0x0000000088300000, 0x0000000088300000|100%|HC|  |TAMS 0x0000000088300000| PB 0x0000000088200000| Complete 
| 131|0x0000000088300000, 0x0000000088400000, 0x0000000088400000|100%|HC|  |TAMS 0x0000000088400000| PB 0x0000000088300000| Complete 
| 132|0x0000000088400000, 0x0000000088500000, 0x0000000088500000|100%|HC|  |TAMS 0x0000000088500000| PB 0x0000000088400000| Complete 
| 133|0x0000000088500000, 0x0000000088600000, 0x0000000088600000|100%|HC|  |TAMS 0x0000000088600000| PB 0x0000000088500000| Complete 
| 134|0x0000000088600000, 0x0000000088700000, 0x0000000088700000|100%|HC|  |TAMS 0x0000000088700000| PB 0x0000000088600000| Complete 
| 135|0x0000000088700000, 0x0000000088800000, 0x0000000088800000|100%|HC|  |TAMS 0x0000000088800000| PB 0x0000000088700000| Complete 
| 136|0x0000000088800000, 0x0000000088900000, 0x0000000088900000|100%|HC|  |TAMS 0x0000000088900000| PB 0x0000000088800000| Complete 
| 137|0x0000000088900000, 0x0000000088a00000, 0x0000000088a00000|100%|HC|  |TAMS 0x0000000088a00000| PB 0x0000000088900000| Complete 
| 138|0x0000000088a00000, 0x0000000088b00000, 0x0000000088b00000|100%|HC|  |TAMS 0x0000000088b00000| PB 0x0000000088a00000| Complete 
| 139|0x0000000088b00000, 0x0000000088c00000, 0x0000000088c00000|100%|HC|  |TAMS 0x0000000088c00000| PB 0x0000000088b00000| Complete 
| 140|0x0000000088c00000, 0x0000000088d00000, 0x0000000088d00000|100%|HC|  |TAMS 0x0000000088d00000| PB 0x0000000088c00000| Complete 
| 141|0x0000000088d00000, 0x0000000088e00000, 0x0000000088e00000|100%|HC|  |TAMS 0x0000000088e00000| PB 0x0000000088d00000| Complete 
| 142|0x0000000088e00000, 0x0000000088f00000, 0x0000000088f00000|100%|HC|  |TAMS 0x0000000088f00000| PB 0x0000000088e00000| Complete 
| 143|0x0000000088f00000, 0x0000000089000000, 0x0000000089000000|100%|HC|  |TAMS 0x0000000089000000| PB 0x0000000088f00000| Complete 
| 144|0x0000000089000000, 0x0000000089100000, 0x0000000089100000|100%|HS|  |TAMS 0x0000000089100000| PB 0x0000000089000000| Complete 
| 145|0x0000000089100000, 0x0000000089200000, 0x0000000089200000|100%|HC|  |TAMS 0x0000000089200000| PB 0x0000000089100000| Complete 
| 146|0x0000000089200000, 0x0000000089300000, 0x0000000089300000|100%|HC|  |TAMS 0x0000000089300000| PB 0x0000000089200000| Complete 
| 147|0x0000000089300000, 0x0000000089400000, 0x0000000089400000|100%|HC|  |TAMS 0x0000000089400000| PB 0x0000000089300000| Complete 
| 148|0x0000000089400000, 0x0000000089500000, 0x0000000089500000|100%|HC|  |TAMS 0x0000000089500000| PB 0x0000000089400000| Complete 
| 149|0x0000000089500000, 0x0000000089600000, 0x0000000089600000|100%|HC|  |TAMS 0x0000000089600000| PB 0x0000000089500000| Complete 
| 150|0x0000000089600000, 0x0000000089700000, 0x0000000089700000|100%|HC|  |TAMS 0x0000000089700000| PB 0x0000000089600000| Complete 
| 151|0x0000000089700000, 0x0000000089800000, 0x0000000089800000|100%|HC|  |TAMS 0x0000000089800000| PB 0x0000000089700000| Complete 
| 152|0x0000000089800000, 0x0000000089900000, 0x0000000089900000|100%|HC|  |TAMS 0x0000000089900000| PB 0x0000000089800000| Complete 
| 153|0x0000000089900000, 0x0000000089a00000, 0x0000000089a00000|100%|HC|  |TAMS 0x0000000089a00000| PB 0x0000000089900000| Complete 
| 154|0x0000000089a00000, 0x0000000089b00000, 0x0000000089b00000|100%|HS|  |TAMS 0x0000000089b00000| PB 0x0000000089a00000| Complete 
| 155|0x0000000089b00000, 0x0000000089c00000, 0x0000000089c00000|100%|HC|  |TAMS 0x0000000089c00000| PB 0x0000000089b00000| Complete 
| 156|0x0000000089c00000, 0x0000000089d00000, 0x0000000089d00000|100%|HC|  |TAMS 0x0000000089d00000| PB 0x0000000089c00000| Complete 
| 157|0x0000000089d00000, 0x0000000089e00000, 0x0000000089e00000|100%|HC|  |TAMS 0x0000000089e00000| PB 0x0000000089d00000| Complete 
| 158|0x0000000089e00000, 0x0000000089f00000, 0x0000000089f00000|100%|HC|  |TAMS 0x0000000089f00000| PB 0x0000000089e00000| Complete 
| 159|0x0000000089f00000, 0x000000008a000000, 0x000000008a000000|100%|HC|  |TAMS 0x000000008a000000| PB 0x0000000089f00000| Complete 
| 160|0x000000008a000000, 0x000000008a100000, 0x000000008a100000|100%|HC|  |TAMS 0x000000008a100000| PB 0x000000008a000000| Complete 
| 161|0x000000008a100000, 0x000000008a200000, 0x000000008a200000|100%|HC|  |TAMS 0x000000008a200000| PB 0x000000008a100000| Complete 
| 162|0x000000008a200000, 0x000000008a300000, 0x000000008a300000|100%|HC|  |TAMS 0x000000008a300000| PB 0x000000008a200000| Complete 
| 163|0x000000008a300000, 0x000000008a400000, 0x000000008a400000|100%|HC|  |TAMS 0x000000008a400000| PB 0x000000008a300000| Complete 
| 164|0x000000008a400000, 0x000000008a500000, 0x000000008a500000|100%| O|  |TAMS 0x000000008a500000| PB 0x000000008a400000| Untracked 
| 165|0x000000008a500000, 0x000000008a600000, 0x000000008a600000|100%| O|  |TAMS 0x000000008a600000| PB 0x000000008a500000| Untracked 
| 166|0x000000008a600000, 0x000000008a700000, 0x000000008a700000|100%| O|  |TAMS 0x000000008a600000| PB 0x000000008a600000| Untracked 
| 167|0x000000008a700000, 0x000000008a800000, 0x000000008a800000|100%| O|  |TAMS 0x000000008a800000| PB 0x000000008a700000| Untracked 
| 168|0x000000008a800000, 0x000000008a900000, 0x000000008a900000|100%|HS|  |TAMS 0x000000008a900000| PB 0x000000008a800000| Complete 
| 169|0x000000008a900000, 0x000000008aa00000, 0x000000008aa00000|100%|HC|  |TAMS 0x000000008aa00000| PB 0x000000008a900000| Complete 
| 170|0x000000008aa00000, 0x000000008ab00000, 0x000000008ab00000|100%|HS|  |TAMS 0x000000008ab00000| PB 0x000000008aa00000| Complete 
| 171|0x000000008ab00000, 0x000000008ac00000, 0x000000008ac00000|100%|HC|  |TAMS 0x000000008ac00000| PB 0x000000008ab00000| Complete 
| 172|0x000000008ac00000, 0x000000008ad00000, 0x000000008ad00000|100%|HC|  |TAMS 0x000000008ad00000| PB 0x000000008ac00000| Complete 
| 173|0x000000008ad00000, 0x000000008ae00000, 0x000000008ae00000|100%| O|  |TAMS 0x000000008ae00000| PB 0x000000008ad00000| Untracked 
| 174|0x000000008ae00000, 0x000000008af00000, 0x000000008af00000|100%| O|  |TAMS 0x000000008af00000| PB 0x000000008ae00000| Untracked 
| 175|0x000000008af00000, 0x000000008b000000, 0x000000008b000000|100%| O|  |TAMS 0x000000008b000000| PB 0x000000008af00000| Untracked 
| 176|0x000000008b000000, 0x000000008b100000, 0x000000008b100000|100%| O|  |TAMS 0x000000008b100000| PB 0x000000008b000000| Untracked 
| 177|0x000000008b100000, 0x000000008b200000, 0x000000008b200000|100%| O|  |TAMS 0x000000008b100000| PB 0x000000008b100000| Untracked 
| 178|0x000000008b200000, 0x000000008b300000, 0x000000008b300000|100%|HS|  |TAMS 0x000000008b300000| PB 0x000000008b200000| Complete 
| 179|0x000000008b300000, 0x000000008b400000, 0x000000008b400000|100%| O|  |TAMS 0x000000008b400000| PB 0x000000008b300000| Untracked 
| 180|0x000000008b400000, 0x000000008b500000, 0x000000008b500000|100%| O|  |TAMS 0x000000008b500000| PB 0x000000008b400000| Untracked 
| 181|0x000000008b500000, 0x000000008b600000, 0x000000008b600000|100%|HS|  |TAMS 0x000000008b600000| PB 0x000000008b500000| Complete 
| 182|0x000000008b600000, 0x000000008b700000, 0x000000008b700000|100%|HC|  |TAMS 0x000000008b700000| PB 0x000000008b600000| Complete 
| 183|0x000000008b700000, 0x000000008b800000, 0x000000008b800000|100%|HC|  |TAMS 0x000000008b800000| PB 0x000000008b700000| Complete 
| 184|0x000000008b800000, 0x000000008b900000, 0x000000008b900000|100%|HS|  |TAMS 0x000000008b900000| PB 0x000000008b800000| Complete 
| 185|0x000000008b900000, 0x000000008ba00000, 0x000000008ba00000|100%|HC|  |TAMS 0x000000008ba00000| PB 0x000000008b900000| Complete 
| 186|0x000000008ba00000, 0x000000008bb00000, 0x000000008bb00000|100%|HC|  |TAMS 0x000000008bb00000| PB 0x000000008ba00000| Complete 
| 187|0x000000008bb00000, 0x000000008bc00000, 0x000000008bc00000|100%| O|  |TAMS 0x000000008bc00000| PB 0x000000008bb00000| Untracked 
| 188|0x000000008bc00000, 0x000000008bd00000, 0x000000008bd00000|100%| O|  |TAMS 0x000000008bd00000| PB 0x000000008bc00000| Untracked 
| 189|0x000000008bd00000, 0x000000008be00000, 0x000000008be00000|100%| O|  |TAMS 0x000000008be00000| PB 0x000000008bd00000| Untracked 
| 190|0x000000008be00000, 0x000000008bf00000, 0x000000008bf00000|100%| O|  |TAMS 0x000000008bf00000| PB 0x000000008be00000| Untracked 
| 191|0x000000008bf00000, 0x000000008c000000, 0x000000008c000000|100%| O|  |TAMS 0x000000008c000000| PB 0x000000008bf00000| Untracked 
| 192|0x000000008c000000, 0x000000008c100000, 0x000000008c100000|100%| O|  |TAMS 0x000000008c100000| PB 0x000000008c000000| Untracked 
| 193|0x000000008c100000, 0x000000008c200000, 0x000000008c200000|100%| O|  |TAMS 0x000000008c200000| PB 0x000000008c100000| Untracked 
| 194|0x000000008c200000, 0x000000008c300000, 0x000000008c300000|100%| O|  |TAMS 0x000000008c300000| PB 0x000000008c200000| Untracked 
| 195|0x000000008c300000, 0x000000008c400000, 0x000000008c400000|100%| O|  |TAMS 0x000000008c400000| PB 0x000000008c300000| Untracked 
| 196|0x000000008c400000, 0x000000008c500000, 0x000000008c500000|100%| O|  |TAMS 0x000000008c500000| PB 0x000000008c400000| Untracked 
| 197|0x000000008c500000, 0x000000008c600000, 0x000000008c600000|100%| O|  |TAMS 0x000000008c600000| PB 0x000000008c500000| Untracked 
| 198|0x000000008c600000, 0x000000008c700000, 0x000000008c700000|100%| O|  |TAMS 0x000000008c700000| PB 0x000000008c600000| Untracked 
| 199|0x000000008c700000, 0x000000008c800000, 0x000000008c800000|100%| O|  |TAMS 0x000000008c800000| PB 0x000000008c700000| Untracked 
| 200|0x000000008c800000, 0x000000008c900000, 0x000000008c900000|100%| O|  |TAMS 0x000000008c900000| PB 0x000000008c800000| Untracked 
| 201|0x000000008c900000, 0x000000008ca00000, 0x000000008ca00000|100%| O|  |TAMS 0x000000008ca00000| PB 0x000000008c900000| Untracked 
| 202|0x000000008ca00000, 0x000000008cb00000, 0x000000008cb00000|100%| O|  |TAMS 0x000000008ca00000| PB 0x000000008ca00000| Untracked 
| 203|0x000000008cb00000, 0x000000008cc00000, 0x000000008cc00000|100%| O|  |TAMS 0x000000008cb00000| PB 0x000000008cb00000| Untracked 
| 204|0x000000008cc00000, 0x000000008cd00000, 0x000000008cd00000|100%| O|  |TAMS 0x000000008cc00000| PB 0x000000008cc00000| Untracked 
| 205|0x000000008cd00000, 0x000000008ce00000, 0x000000008ce00000|100%|HS|  |TAMS 0x000000008ce00000| PB 0x000000008cd00000| Complete 
| 206|0x000000008ce00000, 0x000000008cf00000, 0x000000008cf00000|100%|HS|  |TAMS 0x000000008cf00000| PB 0x000000008ce00000| Complete 
| 207|0x000000008cf00000, 0x000000008d000000, 0x000000008d000000|100%|HS|  |TAMS 0x000000008d000000| PB 0x000000008cf00000| Complete 
| 208|0x000000008d000000, 0x000000008d100000, 0x000000008d100000|100%|HS|  |TAMS 0x000000008d100000| PB 0x000000008d000000| Complete 
| 209|0x000000008d100000, 0x000000008d200000, 0x000000008d200000|100%|HS|  |TAMS 0x000000008d200000| PB 0x000000008d100000| Complete 
| 210|0x000000008d200000, 0x000000008d300000, 0x000000008d300000|100%|HS|  |TAMS 0x000000008d300000| PB 0x000000008d200000| Complete 
| 211|0x000000008d300000, 0x000000008d400000, 0x000000008d400000|100%|HS|  |TAMS 0x000000008d400000| PB 0x000000008d300000| Complete 
| 212|0x000000008d400000, 0x000000008d500000, 0x000000008d500000|100%|HS|  |TAMS 0x000000008d500000| PB 0x000000008d400000| Complete 
| 213|0x000000008d500000, 0x000000008d600000, 0x000000008d600000|100%|HS|  |TAMS 0x000000008d600000| PB 0x000000008d500000| Complete 
| 214|0x000000008d600000, 0x000000008d700000, 0x000000008d700000|100%|HS|  |TAMS 0x000000008d700000| PB 0x000000008d600000| Complete 
| 215|0x000000008d700000, 0x000000008d800000, 0x000000008d800000|100%|HS|  |TAMS 0x000000008d800000| PB 0x000000008d700000| Complete 
| 216|0x000000008d800000, 0x000000008d900000, 0x000000008d900000|100%|HS|  |TAMS 0x000000008d900000| PB 0x000000008d800000| Complete 
| 217|0x000000008d900000, 0x000000008da00000, 0x000000008da00000|100%| O|  |TAMS 0x000000008d900000| PB 0x000000008d900000| Untracked 
| 218|0x000000008da00000, 0x000000008db00000, 0x000000008db00000|100%| O|  |TAMS 0x000000008da00000| PB 0x000000008da00000| Untracked 
| 219|0x000000008db00000, 0x000000008dc00000, 0x000000008dc00000|100%|HS|  |TAMS 0x000000008dc00000| PB 0x000000008db00000| Complete 
| 220|0x000000008dc00000, 0x000000008dd00000, 0x000000008dd00000|100%|HS|  |TAMS 0x000000008dd00000| PB 0x000000008dc00000| Complete 
| 221|0x000000008dd00000, 0x000000008de00000, 0x000000008de00000|100%| O|  |TAMS 0x000000008dd00000| PB 0x000000008dd00000| Untracked 
| 222|0x000000008de00000, 0x000000008df00000, 0x000000008df00000|100%| O|  |TAMS 0x000000008de00000| PB 0x000000008de00000| Untracked 
| 223|0x000000008df00000, 0x000000008e000000, 0x000000008e000000|100%|HS|  |TAMS 0x000000008e000000| PB 0x000000008df00000| Complete 
| 224|0x000000008e000000, 0x000000008e100000, 0x000000008e100000|100%|HS|  |TAMS 0x000000008e100000| PB 0x000000008e000000| Complete 
| 225|0x000000008e100000, 0x000000008e200000, 0x000000008e200000|100%|HS|  |TAMS 0x000000008e200000| PB 0x000000008e100000| Complete 
| 226|0x000000008e200000, 0x000000008e300000, 0x000000008e300000|100%|HC|  |TAMS 0x000000008e300000| PB 0x000000008e200000| Complete 
| 227|0x000000008e300000, 0x000000008e400000, 0x000000008e400000|100%|HS|  |TAMS 0x000000008e400000| PB 0x000000008e300000| Complete 
| 228|0x000000008e400000, 0x000000008e500000, 0x000000008e500000|100%|HS|  |TAMS 0x000000008e500000| PB 0x000000008e400000| Complete 
| 229|0x000000008e500000, 0x000000008e600000, 0x000000008e600000|100%|HS|  |TAMS 0x000000008e600000| PB 0x000000008e500000| Complete 
| 230|0x000000008e600000, 0x000000008e700000, 0x000000008e700000|100%|HC|  |TAMS 0x000000008e700000| PB 0x000000008e600000| Complete 
| 231|0x000000008e700000, 0x000000008e800000, 0x000000008e800000|100%|HS|  |TAMS 0x000000008e800000| PB 0x000000008e700000| Complete 
| 232|0x000000008e800000, 0x000000008e900000, 0x000000008e900000|100%|HS|  |TAMS 0x000000008e900000| PB 0x000000008e800000| Complete 
| 233|0x000000008e900000, 0x000000008ea00000, 0x000000008ea00000|100%|HS|  |TAMS 0x000000008ea00000| PB 0x000000008e900000| Complete 
| 234|0x000000008ea00000, 0x000000008eb00000, 0x000000008eb00000|100%|HC|  |TAMS 0x000000008eb00000| PB 0x000000008ea00000| Complete 
| 235|0x000000008eb00000, 0x000000008ec00000, 0x000000008ec00000|100%|HS|  |TAMS 0x000000008ec00000| PB 0x000000008eb00000| Complete 
| 236|0x000000008ec00000, 0x000000008ed00000, 0x000000008ed00000|100%|HS|  |TAMS 0x000000008ed00000| PB 0x000000008ec00000| Complete 
| 237|0x000000008ed00000, 0x000000008ee00000, 0x000000008ee00000|100%| O|  |TAMS 0x000000008ee00000| PB 0x000000008ed00000| Untracked 
| 238|0x000000008ee00000, 0x000000008ef00000, 0x000000008ef00000|100%| O|  |TAMS 0x000000008ef00000| PB 0x000000008ee00000| Untracked 
| 239|0x000000008ef00000, 0x000000008f000000, 0x000000008f000000|100%| O|  |TAMS 0x000000008f000000| PB 0x000000008ef00000| Untracked 
| 240|0x000000008f000000, 0x000000008f100000, 0x000000008f100000|100%| O|  |TAMS 0x000000008f100000| PB 0x000000008f000000| Untracked 
| 241|0x000000008f100000, 0x000000008f200000, 0x000000008f200000|100%| O|  |TAMS 0x000000008f200000| PB 0x000000008f100000| Untracked 
| 242|0x000000008f200000, 0x000000008f300000, 0x000000008f300000|100%| O|  |TAMS 0x000000008f300000| PB 0x000000008f200000| Untracked 
| 243|0x000000008f300000, 0x000000008f400000, 0x000000008f400000|100%| O|  |TAMS 0x000000008f400000| PB 0x000000008f300000| Untracked 
| 244|0x000000008f400000, 0x000000008f500000, 0x000000008f500000|100%| O|  |TAMS 0x000000008f500000| PB 0x000000008f400000| Untracked 
| 245|0x000000008f500000, 0x000000008f600000, 0x000000008f600000|100%| O|  |TAMS 0x000000008f600000| PB 0x000000008f500000| Untracked 
| 246|0x000000008f600000, 0x000000008f700000, 0x000000008f700000|100%| O|  |TAMS 0x000000008f700000| PB 0x000000008f600000| Untracked 
| 247|0x000000008f700000, 0x000000008f800000, 0x000000008f800000|100%| O|  |TAMS 0x000000008f800000| PB 0x000000008f700000| Untracked 
| 248|0x000000008f800000, 0x000000008f900000, 0x000000008f900000|100%| O|  |TAMS 0x000000008f900000| PB 0x000000008f800000| Untracked 
| 249|0x000000008f900000, 0x000000008fa00000, 0x000000008fa00000|100%| O|  |TAMS 0x000000008fa00000| PB 0x000000008f900000| Untracked 
| 250|0x000000008fa00000, 0x000000008fb00000, 0x000000008fb00000|100%| O|  |TAMS 0x000000008fb00000| PB 0x000000008fa00000| Untracked 
| 251|0x000000008fb00000, 0x000000008fc00000, 0x000000008fc00000|100%| O|  |TAMS 0x000000008fc00000| PB 0x000000008fb00000| Untracked 
| 252|0x000000008fc00000, 0x000000008fd00000, 0x000000008fd00000|100%| O|  |TAMS 0x000000008fd00000| PB 0x000000008fc00000| Untracked 
| 253|0x000000008fd00000, 0x000000008fe00000, 0x000000008fe00000|100%| O|  |TAMS 0x000000008fe00000| PB 0x000000008fd00000| Untracked 
| 254|0x000000008fe00000, 0x000000008ff00000, 0x000000008ff00000|100%| O|  |TAMS 0x000000008ff00000| PB 0x000000008fe00000| Untracked 
| 255|0x000000008ff00000, 0x0000000090000000, 0x0000000090000000|100%|HS|  |TAMS 0x0000000090000000| PB 0x000000008ff00000| Complete 
| 256|0x0000000090000000, 0x0000000090100000, 0x0000000090100000|100%|HC|  |TAMS 0x0000000090100000| PB 0x0000000090000000| Complete 
| 257|0x0000000090100000, 0x0000000090200000, 0x0000000090200000|100%|HS|  |TAMS 0x0000000090200000| PB 0x0000000090100000| Complete 
| 258|0x0000000090200000, 0x0000000090300000, 0x0000000090300000|100%|HS|  |TAMS 0x0000000090300000| PB 0x0000000090200000| Complete 
| 259|0x0000000090300000, 0x0000000090400000, 0x0000000090400000|100%|HS|  |TAMS 0x0000000090400000| PB 0x0000000090300000| Complete 
| 260|0x0000000090400000, 0x0000000090500000, 0x0000000090500000|100%|HC|  |TAMS 0x0000000090500000| PB 0x0000000090400000| Complete 
| 261|0x0000000090500000, 0x0000000090600000, 0x0000000090600000|100%|HS|  |TAMS 0x0000000090600000| PB 0x0000000090500000| Complete 
| 262|0x0000000090600000, 0x0000000090700000, 0x0000000090700000|100%|HS|  |TAMS 0x0000000090700000| PB 0x0000000090600000| Complete 
| 263|0x0000000090700000, 0x0000000090800000, 0x0000000090800000|100%|HS|  |TAMS 0x0000000090800000| PB 0x0000000090700000| Complete 
| 264|0x0000000090800000, 0x0000000090900000, 0x0000000090900000|100%|HS|  |TAMS 0x0000000090900000| PB 0x0000000090800000| Complete 
| 265|0x0000000090900000, 0x0000000090a00000, 0x0000000090a00000|100%| O|  |TAMS 0x0000000090a00000| PB 0x0000000090900000| Untracked 
| 266|0x0000000090a00000, 0x0000000090b00000, 0x0000000090b00000|100%| O|  |TAMS 0x0000000090b00000| PB 0x0000000090a00000| Untracked 
| 267|0x0000000090b00000, 0x0000000090c00000, 0x0000000090c00000|100%| O|  |TAMS 0x0000000090c00000| PB 0x0000000090b00000| Untracked 
| 268|0x0000000090c00000, 0x0000000090d00000, 0x0000000090d00000|100%| O|  |TAMS 0x0000000090d00000| PB 0x0000000090c00000| Untracked 
| 269|0x0000000090d00000, 0x0000000090e00000, 0x0000000090e00000|100%| O|  |TAMS 0x0000000090e00000| PB 0x0000000090d00000| Untracked 
| 270|0x0000000090e00000, 0x0000000090f00000, 0x0000000090f00000|100%| O|  |TAMS 0x0000000090f00000| PB 0x0000000090e00000| Untracked 
| 271|0x0000000090f00000, 0x0000000091000000, 0x0000000091000000|100%| O|  |TAMS 0x0000000091000000| PB 0x0000000090f00000| Untracked 
| 272|0x0000000091000000, 0x0000000091100000, 0x0000000091100000|100%| O|  |TAMS 0x0000000091100000| PB 0x0000000091000000| Untracked 
| 273|0x0000000091100000, 0x0000000091200000, 0x0000000091200000|100%| O|  |TAMS 0x0000000091200000| PB 0x0000000091100000| Untracked 
| 274|0x0000000091200000, 0x0000000091300000, 0x0000000091300000|100%| O|  |TAMS 0x0000000091300000| PB 0x0000000091200000| Untracked 
| 275|0x0000000091300000, 0x0000000091400000, 0x0000000091400000|100%| O|  |TAMS 0x0000000091400000| PB 0x0000000091300000| Untracked 
| 276|0x0000000091400000, 0x0000000091500000, 0x0000000091500000|100%| O|  |TAMS 0x0000000091500000| PB 0x0000000091400000| Untracked 
| 277|0x0000000091500000, 0x0000000091600000, 0x0000000091600000|100%| O|  |TAMS 0x0000000091600000| PB 0x0000000091500000| Untracked 
| 278|0x0000000091600000, 0x0000000091700000, 0x0000000091700000|100%| O|  |TAMS 0x0000000091700000| PB 0x0000000091600000| Untracked 
| 279|0x0000000091700000, 0x0000000091800000, 0x0000000091800000|100%| O|  |TAMS 0x0000000091800000| PB 0x0000000091700000| Untracked 
| 280|0x0000000091800000, 0x0000000091900000, 0x0000000091900000|100%| O|  |TAMS 0x0000000091900000| PB 0x0000000091800000| Untracked 
| 281|0x0000000091900000, 0x0000000091a00000, 0x0000000091a00000|100%| O|  |TAMS 0x0000000091a00000| PB 0x0000000091900000| Untracked 
| 282|0x0000000091a00000, 0x0000000091b00000, 0x0000000091b00000|100%| O|  |TAMS 0x0000000091b00000| PB 0x0000000091a00000| Untracked 
| 283|0x0000000091b00000, 0x0000000091c00000, 0x0000000091c00000|100%| O|  |TAMS 0x0000000091c00000| PB 0x0000000091b00000| Untracked 
| 284|0x0000000091c00000, 0x0000000091d00000, 0x0000000091d00000|100%| O|  |TAMS 0x0000000091d00000| PB 0x0000000091c00000| Untracked 
| 285|0x0000000091d00000, 0x0000000091e00000, 0x0000000091e00000|100%|HS|  |TAMS 0x0000000091e00000| PB 0x0000000091d00000| Complete 
| 286|0x0000000091e00000, 0x0000000091f00000, 0x0000000091f00000|100%|HC|  |TAMS 0x0000000091f00000| PB 0x0000000091e00000| Complete 
| 287|0x0000000091f00000, 0x0000000092000000, 0x0000000092000000|100%| O|  |TAMS 0x0000000092000000| PB 0x0000000091f00000| Untracked 
| 288|0x0000000092000000, 0x0000000092100000, 0x0000000092100000|100%| O|  |TAMS 0x0000000092100000| PB 0x0000000092000000| Untracked 
| 289|0x0000000092100000, 0x0000000092200000, 0x0000000092200000|100%| O|  |TAMS 0x0000000092200000| PB 0x0000000092100000| Untracked 
| 290|0x0000000092200000, 0x0000000092300000, 0x0000000092300000|100%| O|  |TAMS 0x000000009223a6b0| PB 0x0000000092200000| Untracked 
| 291|0x0000000092300000, 0x0000000092400000, 0x0000000092400000|100%| O|  |TAMS 0x0000000092300000| PB 0x0000000092300000| Untracked 
| 292|0x0000000092400000, 0x0000000092500000, 0x0000000092500000|100%| O|  |TAMS 0x0000000092400000| PB 0x0000000092400000| Untracked 
| 293|0x0000000092500000, 0x0000000092600000, 0x0000000092600000|100%| O|  |TAMS 0x0000000092500000| PB 0x0000000092500000| Untracked 
| 294|0x0000000092600000, 0x0000000092700000, 0x0000000092700000|100%| O|  |TAMS 0x0000000092600000| PB 0x0000000092600000| Untracked 
| 295|0x0000000092700000, 0x0000000092800000, 0x0000000092800000|100%| O|  |TAMS 0x0000000092800000| PB 0x0000000092700000| Untracked 
| 296|0x0000000092800000, 0x0000000092900000, 0x0000000092900000|100%| O|  |TAMS 0x0000000092900000| PB 0x0000000092800000| Untracked 
| 297|0x0000000092900000, 0x0000000092a00000, 0x0000000092a00000|100%| O|  |TAMS 0x0000000092a00000| PB 0x0000000092900000| Untracked 
| 298|0x0000000092a00000, 0x0000000092b00000, 0x0000000092b00000|100%| O|  |TAMS 0x0000000092a00000| PB 0x0000000092a00000| Untracked 
| 299|0x0000000092b00000, 0x0000000092b18030, 0x0000000092c00000|  9%| O|  |TAMS 0x0000000092b00000| PB 0x0000000092b00000| Untracked 
| 300|0x0000000092c00000, 0x0000000092d00000, 0x0000000092d00000|100%| O|  |TAMS 0x0000000092d00000| PB 0x0000000092c00000| Untracked 
| 301|0x0000000092d00000, 0x0000000092e00000, 0x0000000092e00000|100%| O|  |TAMS 0x0000000092e00000| PB 0x0000000092d00000| Untracked 
| 302|0x0000000092e00000, 0x0000000092f00000, 0x0000000092f00000|100%| O|  |TAMS 0x0000000092f00000| PB 0x0000000092e00000| Untracked 
| 303|0x0000000092f00000, 0x0000000093000000, 0x0000000093000000|100%|HS|  |TAMS 0x0000000092f00000| PB 0x0000000092f00000| Complete 
| 304|0x0000000093000000, 0x0000000093100000, 0x0000000093100000|100%|HS|  |TAMS 0x0000000093000000| PB 0x0000000093000000| Complete 
| 305|0x0000000093100000, 0x0000000093200000, 0x0000000093200000|100%|HS|  |TAMS 0x0000000093100000| PB 0x0000000093100000| Complete 
| 306|0x0000000093200000, 0x0000000093300000, 0x0000000093300000|100%|HS|  |TAMS 0x0000000093200000| PB 0x0000000093200000| Complete 
| 307|0x0000000093300000, 0x0000000093400000, 0x0000000093400000|100%|HC|  |TAMS 0x0000000093300000| PB 0x0000000093300000| Complete 
| 308|0x0000000093400000, 0x0000000093500000, 0x0000000093500000|100%|HC|  |TAMS 0x0000000093400000| PB 0x0000000093400000| Complete 
| 309|0x0000000093500000, 0x0000000093600000, 0x0000000093600000|100%|HS|  |TAMS 0x0000000093500000| PB 0x0000000093500000| Complete 
| 310|0x0000000093600000, 0x0000000093700000, 0x0000000093700000|100%|HS|  |TAMS 0x0000000093700000| PB 0x0000000093600000| Complete 
| 311|0x0000000093700000, 0x0000000093800000, 0x0000000093800000|100%|HC|  |TAMS 0x0000000093800000| PB 0x0000000093700000| Complete 
| 312|0x0000000093800000, 0x0000000093900000, 0x0000000093900000|100%|HC|  |TAMS 0x0000000093900000| PB 0x0000000093800000| Complete 
| 313|0x0000000093900000, 0x0000000093a00000, 0x0000000093a00000|100%|HS|  |TAMS 0x0000000093a00000| PB 0x0000000093900000| Complete 
| 314|0x0000000093a00000, 0x0000000093b00000, 0x0000000093b00000|100%|HS|  |TAMS 0x0000000093a00000| PB 0x0000000093a00000| Complete 
| 315|0x0000000093b00000, 0x0000000093c00000, 0x0000000093c00000|100%|HS|  |TAMS 0x0000000093b00000| PB 0x0000000093b00000| Complete 
| 316|0x0000000093c00000, 0x0000000093d00000, 0x0000000093d00000|100%|HC|  |TAMS 0x0000000093c00000| PB 0x0000000093c00000| Complete 
| 317|0x0000000093d00000, 0x0000000093e00000, 0x0000000093e00000|100%|HS|  |TAMS 0x0000000093e00000| PB 0x0000000093d00000| Complete 
| 318|0x0000000093e00000, 0x0000000093f00000, 0x0000000093f00000|100%|HC|  |TAMS 0x0000000093f00000| PB 0x0000000093e00000| Complete 
| 319|0x0000000093f00000, 0x0000000094000000, 0x0000000094000000|100%|HC|  |TAMS 0x0000000094000000| PB 0x0000000093f00000| Complete 
| 320|0x0000000094000000, 0x0000000094100000, 0x0000000094100000|100%| O|  |TAMS 0x0000000094100000| PB 0x0000000094000000| Untracked 
| 321|0x0000000094100000, 0x0000000094200000, 0x0000000094200000|100%| O|  |TAMS 0x0000000094200000| PB 0x0000000094100000| Untracked 
| 322|0x0000000094200000, 0x0000000094300000, 0x0000000094300000|100%| O|  |TAMS 0x0000000094300000| PB 0x0000000094200000| Untracked 
| 323|0x0000000094300000, 0x0000000094400000, 0x0000000094400000|100%| O|  |TAMS 0x0000000094400000| PB 0x0000000094300000| Untracked 
| 324|0x0000000094400000, 0x0000000094500000, 0x0000000094500000|100%| O|  |TAMS 0x0000000094500000| PB 0x0000000094400000| Untracked 
| 325|0x0000000094500000, 0x0000000094600000, 0x0000000094600000|100%| O|  |TAMS 0x0000000094600000| PB 0x0000000094500000| Untracked 
| 326|0x0000000094600000, 0x0000000094700000, 0x0000000094700000|100%| O|  |TAMS 0x0000000094700000| PB 0x0000000094600000| Untracked 
| 327|0x0000000094700000, 0x0000000094800000, 0x0000000094800000|100%| O|  |TAMS 0x0000000094800000| PB 0x0000000094700000| Untracked 
| 328|0x0000000094800000, 0x0000000094900000, 0x0000000094900000|100%| O|  |TAMS 0x0000000094900000| PB 0x0000000094800000| Untracked 
| 329|0x0000000094900000, 0x0000000094a00000, 0x0000000094a00000|100%| O|  |TAMS 0x0000000094a00000| PB 0x0000000094900000| Untracked 
| 330|0x0000000094a00000, 0x0000000094b00000, 0x0000000094b00000|100%| O|  |TAMS 0x0000000094b00000| PB 0x0000000094a00000| Untracked 
| 331|0x0000000094b00000, 0x0000000094c00000, 0x0000000094c00000|100%| O|  |TAMS 0x0000000094c00000| PB 0x0000000094b00000| Untracked 
| 332|0x0000000094c00000, 0x0000000094d00000, 0x0000000094d00000|100%| O|  |TAMS 0x0000000094d00000| PB 0x0000000094c00000| Untracked 
| 333|0x0000000094d00000, 0x0000000094e00000, 0x0000000094e00000|100%| O|  |TAMS 0x0000000094e00000| PB 0x0000000094d00000| Untracked 
| 334|0x0000000094e00000, 0x0000000094f00000, 0x0000000094f00000|100%| O|  |TAMS 0x0000000094f00000| PB 0x0000000094e00000| Untracked 
| 335|0x0000000094f00000, 0x0000000095000000, 0x0000000095000000|100%| O|  |TAMS 0x0000000095000000| PB 0x0000000094f00000| Untracked 
| 336|0x0000000095000000, 0x0000000095100000, 0x0000000095100000|100%| O|  |TAMS 0x0000000095100000| PB 0x0000000095000000| Untracked 
| 337|0x0000000095100000, 0x0000000095200000, 0x0000000095200000|100%| O|  |TAMS 0x0000000095200000| PB 0x0000000095100000| Untracked 
| 338|0x0000000095200000, 0x0000000095300000, 0x0000000095300000|100%| O|  |TAMS 0x0000000095300000| PB 0x0000000095200000| Untracked 
| 339|0x0000000095300000, 0x0000000095400000, 0x0000000095400000|100%| O|  |TAMS 0x0000000095400000| PB 0x0000000095300000| Untracked 
| 340|0x0000000095400000, 0x0000000095500000, 0x0000000095500000|100%| O|  |TAMS 0x0000000095500000| PB 0x0000000095400000| Untracked 
| 341|0x0000000095500000, 0x0000000095600000, 0x0000000095600000|100%| O|  |TAMS 0x0000000095600000| PB 0x0000000095500000| Untracked 
| 342|0x0000000095600000, 0x0000000095700000, 0x0000000095700000|100%| O|  |TAMS 0x0000000095700000| PB 0x0000000095600000| Untracked 
| 343|0x0000000095700000, 0x0000000095800000, 0x0000000095800000|100%| O|  |TAMS 0x0000000095800000| PB 0x0000000095700000| Untracked 
| 344|0x0000000095800000, 0x0000000095900000, 0x0000000095900000|100%| O|  |TAMS 0x0000000095900000| PB 0x0000000095800000| Untracked 
| 345|0x0000000095900000, 0x0000000095a00000, 0x0000000095a00000|100%| O|  |TAMS 0x0000000095a00000| PB 0x0000000095900000| Untracked 
| 346|0x0000000095a00000, 0x0000000095b00000, 0x0000000095b00000|100%| O|  |TAMS 0x0000000095b00000| PB 0x0000000095a00000| Untracked 
| 347|0x0000000095b00000, 0x0000000095c00000, 0x0000000095c00000|100%| O|  |TAMS 0x0000000095c00000| PB 0x0000000095b00000| Untracked 
| 348|0x0000000095c00000, 0x0000000095d00000, 0x0000000095d00000|100%| O|  |TAMS 0x0000000095d00000| PB 0x0000000095c00000| Untracked 
| 349|0x0000000095d00000, 0x0000000095e00000, 0x0000000095e00000|100%| O|  |TAMS 0x0000000095e00000| PB 0x0000000095d00000| Untracked 
| 350|0x0000000095e00000, 0x0000000095f00000, 0x0000000095f00000|100%| O|  |TAMS 0x0000000095f00000| PB 0x0000000095e00000| Untracked 
| 351|0x0000000095f00000, 0x0000000096000000, 0x0000000096000000|100%| O|  |TAMS 0x0000000096000000| PB 0x0000000095f00000| Untracked 
| 352|0x0000000096000000, 0x0000000096100000, 0x0000000096100000|100%| O|  |TAMS 0x0000000096100000| PB 0x0000000096000000| Untracked 
| 353|0x0000000096100000, 0x0000000096200000, 0x0000000096200000|100%| O|  |TAMS 0x0000000096200000| PB 0x0000000096100000| Untracked 
| 354|0x0000000096200000, 0x0000000096300000, 0x0000000096300000|100%| O|  |TAMS 0x0000000096300000| PB 0x0000000096200000| Untracked 
| 355|0x0000000096300000, 0x0000000096400000, 0x0000000096400000|100%| O|  |TAMS 0x0000000096400000| PB 0x0000000096300000| Untracked 
| 356|0x0000000096400000, 0x0000000096500000, 0x0000000096500000|100%| O|  |TAMS 0x0000000096500000| PB 0x0000000096400000| Untracked 
| 357|0x0000000096500000, 0x0000000096600000, 0x0000000096600000|100%| O|  |TAMS 0x0000000096600000| PB 0x0000000096500000| Untracked 
| 358|0x0000000096600000, 0x0000000096700000, 0x0000000096700000|100%| O|  |TAMS 0x0000000096700000| PB 0x0000000096600000| Untracked 
| 359|0x0000000096700000, 0x0000000096800000, 0x0000000096800000|100%| O|  |TAMS 0x0000000096800000| PB 0x0000000096700000| Untracked 
| 360|0x0000000096800000, 0x0000000096900000, 0x0000000096900000|100%| O|  |TAMS 0x0000000096900000| PB 0x0000000096800000| Untracked 
| 361|0x0000000096900000, 0x0000000096a00000, 0x0000000096a00000|100%| O|  |TAMS 0x0000000096a00000| PB 0x0000000096900000| Untracked 
| 362|0x0000000096a00000, 0x0000000096b00000, 0x0000000096b00000|100%| O|  |TAMS 0x0000000096b00000| PB 0x0000000096a00000| Untracked 
| 363|0x0000000096b00000, 0x0000000096c00000, 0x0000000096c00000|100%| O|  |TAMS 0x0000000096c00000| PB 0x0000000096b00000| Untracked 
| 364|0x0000000096c00000, 0x0000000096d00000, 0x0000000096d00000|100%| O|  |TAMS 0x0000000096d00000| PB 0x0000000096c00000| Untracked 
| 365|0x0000000096d00000, 0x0000000096e00000, 0x0000000096e00000|100%| O|  |TAMS 0x0000000096e00000| PB 0x0000000096d00000| Untracked 
| 366|0x0000000096e00000, 0x0000000096f00000, 0x0000000096f00000|100%| O|  |TAMS 0x0000000096f00000| PB 0x0000000096e00000| Untracked 
| 367|0x0000000096f00000, 0x0000000097000000, 0x0000000097000000|100%| O|  |TAMS 0x0000000097000000| PB 0x0000000096f00000| Untracked 
| 368|0x0000000097000000, 0x0000000097100000, 0x0000000097100000|100%| O|  |TAMS 0x0000000097100000| PB 0x0000000097000000| Untracked 
| 369|0x0000000097100000, 0x0000000097200000, 0x0000000097200000|100%|HS|  |TAMS 0x0000000097100000| PB 0x0000000097100000| Complete 
| 370|0x0000000097200000, 0x0000000097300000, 0x0000000097300000|100%|HS|  |TAMS 0x0000000097200000| PB 0x0000000097200000| Complete 
| 371|0x0000000097300000, 0x0000000097400000, 0x0000000097400000|100%| O|  |TAMS 0x0000000097400000| PB 0x0000000097300000| Untracked 
| 372|0x0000000097400000, 0x0000000097500000, 0x0000000097500000|100%| O|  |TAMS 0x0000000097500000| PB 0x0000000097400000| Untracked 
| 373|0x0000000097500000, 0x0000000097600000, 0x0000000097600000|100%| O|  |TAMS 0x0000000097600000| PB 0x0000000097500000| Untracked 
| 374|0x0000000097600000, 0x0000000097700000, 0x0000000097700000|100%| O|  |TAMS 0x0000000097700000| PB 0x0000000097600000| Untracked 
| 375|0x0000000097700000, 0x0000000097800000, 0x0000000097800000|100%| O|  |TAMS 0x0000000097800000| PB 0x0000000097700000| Untracked 
| 376|0x0000000097800000, 0x0000000097900000, 0x0000000097900000|100%| O|  |TAMS 0x0000000097900000| PB 0x0000000097800000| Untracked 
| 377|0x0000000097900000, 0x0000000097a00000, 0x0000000097a00000|100%| O|  |TAMS 0x0000000097a00000| PB 0x0000000097900000| Untracked 
| 378|0x0000000097a00000, 0x0000000097b00000, 0x0000000097b00000|100%| O|  |TAMS 0x0000000097b00000| PB 0x0000000097a00000| Untracked 
| 379|0x0000000097b00000, 0x0000000097c00000, 0x0000000097c00000|100%| O|  |TAMS 0x0000000097c00000| PB 0x0000000097b00000| Untracked 
| 380|0x0000000097c00000, 0x0000000097d00000, 0x0000000097d00000|100%| O|  |TAMS 0x0000000097d00000| PB 0x0000000097c00000| Untracked 
| 381|0x0000000097d00000, 0x0000000097e00000, 0x0000000097e00000|100%| O|  |TAMS 0x0000000097e00000| PB 0x0000000097d00000| Untracked 
| 382|0x0000000097e00000, 0x0000000097f00000, 0x0000000097f00000|100%| O|  |TAMS 0x0000000097f00000| PB 0x0000000097e00000| Untracked 
| 383|0x0000000097f00000, 0x0000000098000000, 0x0000000098000000|100%| O|  |TAMS 0x0000000098000000| PB 0x0000000097f00000| Untracked 
| 384|0x0000000098000000, 0x0000000098100000, 0x0000000098100000|100%| O|  |TAMS 0x0000000098100000| PB 0x0000000098000000| Untracked 
| 385|0x0000000098100000, 0x0000000098200000, 0x0000000098200000|100%| O|  |TAMS 0x0000000098200000| PB 0x0000000098100000| Untracked 
| 386|0x0000000098200000, 0x0000000098300000, 0x0000000098300000|100%| O|  |TAMS 0x0000000098300000| PB 0x0000000098200000| Untracked 
| 387|0x0000000098300000, 0x0000000098400000, 0x0000000098400000|100%| O|  |TAMS 0x0000000098400000| PB 0x0000000098300000| Untracked 
| 388|0x0000000098400000, 0x0000000098500000, 0x0000000098500000|100%| O|  |TAMS 0x0000000098500000| PB 0x0000000098400000| Untracked 
| 389|0x0000000098500000, 0x0000000098600000, 0x0000000098600000|100%| O|  |TAMS 0x0000000098600000| PB 0x0000000098500000| Untracked 
| 390|0x0000000098600000, 0x0000000098700000, 0x0000000098700000|100%| O|  |TAMS 0x0000000098700000| PB 0x0000000098600000| Untracked 
| 391|0x0000000098700000, 0x0000000098800000, 0x0000000098800000|100%| O|  |TAMS 0x0000000098800000| PB 0x0000000098700000| Untracked 
| 392|0x0000000098800000, 0x0000000098900000, 0x0000000098900000|100%| O|  |TAMS 0x0000000098900000| PB 0x0000000098800000| Untracked 
| 393|0x0000000098900000, 0x0000000098a00000, 0x0000000098a00000|100%| O|  |TAMS 0x0000000098a00000| PB 0x0000000098900000| Untracked 
| 394|0x0000000098a00000, 0x0000000098b00000, 0x0000000098b00000|100%| O|  |TAMS 0x0000000098b00000| PB 0x0000000098a00000| Untracked 
| 395|0x0000000098b00000, 0x0000000098c00000, 0x0000000098c00000|100%| O|  |TAMS 0x0000000098c00000| PB 0x0000000098b00000| Untracked 
| 396|0x0000000098c00000, 0x0000000098d00000, 0x0000000098d00000|100%| O|  |TAMS 0x0000000098d00000| PB 0x0000000098c00000| Untracked 
| 397|0x0000000098d00000, 0x0000000098e00000, 0x0000000098e00000|100%|HS|  |TAMS 0x0000000098d00000| PB 0x0000000098d00000| Complete 
| 398|0x0000000098e00000, 0x0000000098f00000, 0x0000000098f00000|100%| O|  |TAMS 0x0000000098f00000| PB 0x0000000098e00000| Untracked 
| 399|0x0000000098f00000, 0x0000000099000000, 0x0000000099000000|100%|HS|  |TAMS 0x0000000098f00000| PB 0x0000000098f00000| Complete 
| 400|0x0000000099000000, 0x0000000099100000, 0x0000000099100000|100%|HC|  |TAMS 0x0000000099000000| PB 0x0000000099000000| Complete 
| 401|0x0000000099100000, 0x0000000099200000, 0x0000000099200000|100%| O|  |TAMS 0x0000000099200000| PB 0x0000000099100000| Untracked 
| 402|0x0000000099200000, 0x0000000099300000, 0x0000000099300000|100%| O|  |TAMS 0x0000000099300000| PB 0x0000000099200000| Untracked 
| 403|0x0000000099300000, 0x0000000099400000, 0x0000000099400000|100%| O|  |TAMS 0x0000000099400000| PB 0x0000000099300000| Untracked 
| 404|0x0000000099400000, 0x0000000099500000, 0x0000000099500000|100%| O|  |TAMS 0x0000000099500000| PB 0x0000000099400000| Untracked 
| 405|0x0000000099500000, 0x0000000099600000, 0x0000000099600000|100%| O|  |TAMS 0x0000000099600000| PB 0x0000000099500000| Untracked 
| 406|0x0000000099600000, 0x0000000099700000, 0x0000000099700000|100%| O|  |TAMS 0x0000000099700000| PB 0x0000000099600000| Untracked 
| 407|0x0000000099700000, 0x0000000099800000, 0x0000000099800000|100%| O|  |TAMS 0x0000000099800000| PB 0x0000000099700000| Untracked 
| 408|0x0000000099800000, 0x0000000099900000, 0x0000000099900000|100%| O|  |TAMS 0x0000000099900000| PB 0x0000000099800000| Untracked 
| 409|0x0000000099900000, 0x0000000099a00000, 0x0000000099a00000|100%| O|  |TAMS 0x0000000099a00000| PB 0x0000000099900000| Untracked 
| 410|0x0000000099a00000, 0x0000000099b00000, 0x0000000099b00000|100%| O|  |TAMS 0x0000000099b00000| PB 0x0000000099a00000| Untracked 
| 411|0x0000000099b00000, 0x0000000099c00000, 0x0000000099c00000|100%| O|  |TAMS 0x0000000099c00000| PB 0x0000000099b00000| Untracked 
| 412|0x0000000099c00000, 0x0000000099d00000, 0x0000000099d00000|100%| O|  |TAMS 0x0000000099d00000| PB 0x0000000099c00000| Untracked 
| 413|0x0000000099d00000, 0x0000000099e00000, 0x0000000099e00000|100%| O|  |TAMS 0x0000000099e00000| PB 0x0000000099d00000| Untracked 
| 414|0x0000000099e00000, 0x0000000099f00000, 0x0000000099f00000|100%| O|  |TAMS 0x0000000099f00000| PB 0x0000000099e00000| Untracked 
| 415|0x0000000099f00000, 0x000000009a000000, 0x000000009a000000|100%| O|  |TAMS 0x000000009a000000| PB 0x0000000099f00000| Untracked 
| 416|0x000000009a000000, 0x000000009a100000, 0x000000009a100000|100%| O|  |TAMS 0x000000009a100000| PB 0x000000009a000000| Untracked 
| 417|0x000000009a100000, 0x000000009a200000, 0x000000009a200000|100%| O|  |TAMS 0x000000009a200000| PB 0x000000009a100000| Untracked 
| 418|0x000000009a200000, 0x000000009a300000, 0x000000009a300000|100%| O|  |TAMS 0x000000009a300000| PB 0x000000009a200000| Untracked 
| 419|0x000000009a300000, 0x000000009a400000, 0x000000009a400000|100%| O|  |TAMS 0x000000009a400000| PB 0x000000009a300000| Untracked 
| 420|0x000000009a400000, 0x000000009a500000, 0x000000009a500000|100%| O|  |TAMS 0x000000009a500000| PB 0x000000009a400000| Untracked 
| 421|0x000000009a500000, 0x000000009a600000, 0x000000009a600000|100%| O|  |TAMS 0x000000009a600000| PB 0x000000009a500000| Untracked 
| 422|0x000000009a600000, 0x000000009a700000, 0x000000009a700000|100%| O|  |TAMS 0x000000009a700000| PB 0x000000009a600000| Untracked 
| 423|0x000000009a700000, 0x000000009a800000, 0x000000009a800000|100%| O|  |TAMS 0x000000009a800000| PB 0x000000009a700000| Untracked 
| 424|0x000000009a800000, 0x000000009a900000, 0x000000009a900000|100%| O|  |TAMS 0x000000009a900000| PB 0x000000009a800000| Untracked 
| 425|0x000000009a900000, 0x000000009aa00000, 0x000000009aa00000|100%|HS|  |TAMS 0x000000009a900000| PB 0x000000009a900000| Complete 
| 426|0x000000009aa00000, 0x000000009ab00000, 0x000000009ab00000|100%|HS|  |TAMS 0x000000009aa00000| PB 0x000000009aa00000| Complete 
| 427|0x000000009ab00000, 0x000000009ac00000, 0x000000009ac00000|100%|HS|  |TAMS 0x000000009ab00000| PB 0x000000009ab00000| Complete 
| 428|0x000000009ac00000, 0x000000009ad00000, 0x000000009ad00000|100%| O|  |TAMS 0x000000009ad00000| PB 0x000000009ac00000| Untracked 
| 429|0x000000009ad00000, 0x000000009ae00000, 0x000000009ae00000|100%| O|  |TAMS 0x000000009ae00000| PB 0x000000009ad00000| Untracked 
| 430|0x000000009ae00000, 0x000000009af00000, 0x000000009af00000|100%| O|  |TAMS 0x000000009af00000| PB 0x000000009ae00000| Untracked 
| 431|0x000000009af00000, 0x000000009b000000, 0x000000009b000000|100%|HS|  |TAMS 0x000000009af00000| PB 0x000000009af00000| Complete 
| 432|0x000000009b000000, 0x000000009b100000, 0x000000009b100000|100%| O|  |TAMS 0x000000009b100000| PB 0x000000009b000000| Untracked 
| 433|0x000000009b100000, 0x000000009b200000, 0x000000009b200000|100%| O|  |TAMS 0x000000009b200000| PB 0x000000009b100000| Untracked 
| 434|0x000000009b200000, 0x000000009b300000, 0x000000009b300000|100%| O|  |TAMS 0x000000009b300000| PB 0x000000009b200000| Untracked 
| 435|0x000000009b300000, 0x000000009b400000, 0x000000009b400000|100%| O|  |TAMS 0x000000009b400000| PB 0x000000009b300000| Untracked 
| 436|0x000000009b400000, 0x000000009b500000, 0x000000009b500000|100%| O|  |TAMS 0x000000009b500000| PB 0x000000009b400000| Untracked 
| 437|0x000000009b500000, 0x000000009b600000, 0x000000009b600000|100%| O|  |TAMS 0x000000009b600000| PB 0x000000009b500000| Untracked 
| 438|0x000000009b600000, 0x000000009b700000, 0x000000009b700000|100%| O|  |TAMS 0x000000009b700000| PB 0x000000009b600000| Untracked 
| 439|0x000000009b700000, 0x000000009b800000, 0x000000009b800000|100%| O|  |TAMS 0x000000009b800000| PB 0x000000009b700000| Untracked 
| 440|0x000000009b800000, 0x000000009b900000, 0x000000009b900000|100%| O|  |TAMS 0x000000009b900000| PB 0x000000009b800000| Untracked 
| 441|0x000000009b900000, 0x000000009ba00000, 0x000000009ba00000|100%| O|  |TAMS 0x000000009ba00000| PB 0x000000009b900000| Untracked 
| 442|0x000000009ba00000, 0x000000009bb00000, 0x000000009bb00000|100%| O|  |TAMS 0x000000009bb00000| PB 0x000000009ba00000| Untracked 
| 443|0x000000009bb00000, 0x000000009bc00000, 0x000000009bc00000|100%| O|  |TAMS 0x000000009bc00000| PB 0x000000009bb00000| Untracked 
| 444|0x000000009bc00000, 0x000000009bd00000, 0x000000009bd00000|100%| O|  |TAMS 0x000000009bd00000| PB 0x000000009bc00000| Untracked 
| 445|0x000000009bd00000, 0x000000009be00000, 0x000000009be00000|100%| O|  |TAMS 0x000000009be00000| PB 0x000000009bd00000| Untracked 
| 446|0x000000009be00000, 0x000000009bf00000, 0x000000009bf00000|100%| O|  |TAMS 0x000000009bf00000| PB 0x000000009be00000| Untracked 
| 447|0x000000009bf00000, 0x000000009c000000, 0x000000009c000000|100%| O|  |TAMS 0x000000009c000000| PB 0x000000009bf00000| Untracked 
| 448|0x000000009c000000, 0x000000009c100000, 0x000000009c100000|100%| O|  |TAMS 0x000000009c100000| PB 0x000000009c000000| Untracked 
| 449|0x000000009c100000, 0x000000009c200000, 0x000000009c200000|100%| O|  |TAMS 0x000000009c200000| PB 0x000000009c100000| Untracked 
| 450|0x000000009c200000, 0x000000009c300000, 0x000000009c300000|100%| O|  |TAMS 0x000000009c300000| PB 0x000000009c200000| Untracked 
| 451|0x000000009c300000, 0x000000009c400000, 0x000000009c400000|100%| O|  |TAMS 0x000000009c400000| PB 0x000000009c300000| Untracked 
| 452|0x000000009c400000, 0x000000009c500000, 0x000000009c500000|100%| O|  |TAMS 0x000000009c500000| PB 0x000000009c400000| Untracked 
| 453|0x000000009c500000, 0x000000009c600000, 0x000000009c600000|100%| O|  |TAMS 0x000000009c600000| PB 0x000000009c500000| Untracked 
| 454|0x000000009c600000, 0x000000009c700000, 0x000000009c700000|100%| O|  |TAMS 0x000000009c700000| PB 0x000000009c600000| Untracked 
| 455|0x000000009c700000, 0x000000009c800000, 0x000000009c800000|100%| O|  |TAMS 0x000000009c800000| PB 0x000000009c700000| Untracked 
| 456|0x000000009c800000, 0x000000009c900000, 0x000000009c900000|100%| O|  |TAMS 0x000000009c900000| PB 0x000000009c800000| Untracked 
| 457|0x000000009c900000, 0x000000009ca00000, 0x000000009ca00000|100%| O|  |TAMS 0x000000009ca00000| PB 0x000000009c900000| Untracked 
| 458|0x000000009ca00000, 0x000000009cb00000, 0x000000009cb00000|100%| O|  |TAMS 0x000000009cb00000| PB 0x000000009ca00000| Untracked 
| 459|0x000000009cb00000, 0x000000009cc00000, 0x000000009cc00000|100%| O|  |TAMS 0x000000009cc00000| PB 0x000000009cb00000| Untracked 
| 460|0x000000009cc00000, 0x000000009cd00000, 0x000000009cd00000|100%| O|  |TAMS 0x000000009cd00000| PB 0x000000009cc00000| Untracked 
| 461|0x000000009cd00000, 0x000000009ce00000, 0x000000009ce00000|100%| O|  |TAMS 0x000000009ce00000| PB 0x000000009cd00000| Untracked 
| 462|0x000000009ce00000, 0x000000009cf00000, 0x000000009cf00000|100%| O|  |TAMS 0x000000009cf00000| PB 0x000000009ce00000| Untracked 
| 463|0x000000009cf00000, 0x000000009d000000, 0x000000009d000000|100%| O|  |TAMS 0x000000009d000000| PB 0x000000009cf00000| Untracked 
| 464|0x000000009d000000, 0x000000009d100000, 0x000000009d100000|100%| O|  |TAMS 0x000000009d100000| PB 0x000000009d000000| Untracked 
| 465|0x000000009d100000, 0x000000009d200000, 0x000000009d200000|100%| O|  |TAMS 0x000000009d200000| PB 0x000000009d100000| Untracked 
| 466|0x000000009d200000, 0x000000009d300000, 0x000000009d300000|100%| O|  |TAMS 0x000000009d300000| PB 0x000000009d200000| Untracked 
| 467|0x000000009d300000, 0x000000009d400000, 0x000000009d400000|100%| O|  |TAMS 0x000000009d400000| PB 0x000000009d300000| Untracked 
| 468|0x000000009d400000, 0x000000009d500000, 0x000000009d500000|100%| O|  |TAMS 0x000000009d500000| PB 0x000000009d400000| Untracked 
| 469|0x000000009d500000, 0x000000009d600000, 0x000000009d600000|100%| O|  |TAMS 0x000000009d600000| PB 0x000000009d500000| Untracked 
| 470|0x000000009d600000, 0x000000009d700000, 0x000000009d700000|100%|HS|  |TAMS 0x000000009d600000| PB 0x000000009d600000| Complete 
| 471|0x000000009d700000, 0x000000009d800000, 0x000000009d800000|100%| O|  |TAMS 0x000000009d800000| PB 0x000000009d700000| Untracked 
| 472|0x000000009d800000, 0x000000009d900000, 0x000000009d900000|100%| O|  |TAMS 0x000000009d900000| PB 0x000000009d800000| Untracked 
| 473|0x000000009d900000, 0x000000009da00000, 0x000000009da00000|100%| O|  |TAMS 0x000000009da00000| PB 0x000000009d900000| Untracked 
| 474|0x000000009da00000, 0x000000009db00000, 0x000000009db00000|100%| O|  |TAMS 0x000000009db00000| PB 0x000000009da00000| Untracked 
| 475|0x000000009db00000, 0x000000009dc00000, 0x000000009dc00000|100%| O|  |TAMS 0x000000009dc00000| PB 0x000000009db00000| Untracked 
| 476|0x000000009dc00000, 0x000000009dd00000, 0x000000009dd00000|100%| O|  |TAMS 0x000000009dd00000| PB 0x000000009dc00000| Untracked 
| 477|0x000000009dd00000, 0x000000009de00000, 0x000000009de00000|100%| O|  |TAMS 0x000000009de00000| PB 0x000000009dd00000| Untracked 
| 478|0x000000009de00000, 0x000000009df00000, 0x000000009df00000|100%| O|  |TAMS 0x000000009df00000| PB 0x000000009de00000| Untracked 
| 479|0x000000009df00000, 0x000000009df00000, 0x000000009e000000|  0%| F|  |TAMS 0x000000009df00000| PB 0x000000009df00000| Untracked 
| 480|0x000000009e000000, 0x000000009e100000, 0x000000009e100000|100%| O|  |TAMS 0x000000009e100000| PB 0x000000009e000000| Untracked 
| 481|0x000000009e100000, 0x000000009e200000, 0x000000009e200000|100%| O|  |TAMS 0x000000009e200000| PB 0x000000009e100000| Untracked 
| 482|0x000000009e200000, 0x000000009e300000, 0x000000009e300000|100%| O|  |TAMS 0x000000009e300000| PB 0x000000009e200000| Untracked 
| 483|0x000000009e300000, 0x000000009e400000, 0x000000009e400000|100%| O|  |TAMS 0x000000009e400000| PB 0x000000009e300000| Untracked 
| 484|0x000000009e400000, 0x000000009e500000, 0x000000009e500000|100%| O|  |TAMS 0x000000009e500000| PB 0x000000009e400000| Untracked 
| 485|0x000000009e500000, 0x000000009e600000, 0x000000009e600000|100%| O|  |TAMS 0x000000009e600000| PB 0x000000009e500000| Untracked 
| 486|0x000000009e600000, 0x000000009e700000, 0x000000009e700000|100%| O|  |TAMS 0x000000009e700000| PB 0x000000009e600000| Untracked 
| 487|0x000000009e700000, 0x000000009e800000, 0x000000009e800000|100%| O|  |TAMS 0x000000009e800000| PB 0x000000009e700000| Untracked 
| 488|0x000000009e800000, 0x000000009e900000, 0x000000009e900000|100%| O|  |TAMS 0x000000009e900000| PB 0x000000009e800000| Untracked 
| 489|0x000000009e900000, 0x000000009ea00000, 0x000000009ea00000|100%| O|  |TAMS 0x000000009ea00000| PB 0x000000009e900000| Untracked 
| 490|0x000000009ea00000, 0x000000009eb00000, 0x000000009eb00000|100%| O|  |TAMS 0x000000009eb00000| PB 0x000000009ea00000| Untracked 
| 491|0x000000009eb00000, 0x000000009ec00000, 0x000000009ec00000|100%| O|  |TAMS 0x000000009ec00000| PB 0x000000009eb00000| Untracked 
| 492|0x000000009ec00000, 0x000000009ed00000, 0x000000009ed00000|100%| O|  |TAMS 0x000000009ed00000| PB 0x000000009ec00000| Untracked 
| 493|0x000000009ed00000, 0x000000009ee00000, 0x000000009ee00000|100%| O|  |TAMS 0x000000009ee00000| PB 0x000000009ed00000| Untracked 
| 494|0x000000009ee00000, 0x000000009ef00000, 0x000000009ef00000|100%| O|  |TAMS 0x000000009ef00000| PB 0x000000009ee00000| Untracked 
| 495|0x000000009ef00000, 0x000000009f000000, 0x000000009f000000|100%| O|  |TAMS 0x000000009f000000| PB 0x000000009ef00000| Untracked 
| 496|0x000000009f000000, 0x000000009f100000, 0x000000009f100000|100%| O|  |TAMS 0x000000009f100000| PB 0x000000009f000000| Untracked 
| 497|0x000000009f100000, 0x000000009f200000, 0x000000009f200000|100%| O|  |TAMS 0x000000009f200000| PB 0x000000009f100000| Untracked 
| 498|0x000000009f200000, 0x000000009f300000, 0x000000009f300000|100%| O|  |TAMS 0x000000009f300000| PB 0x000000009f200000| Untracked 
| 499|0x000000009f300000, 0x000000009f400000, 0x000000009f400000|100%| O|  |TAMS 0x000000009f400000| PB 0x000000009f300000| Untracked 
| 500|0x000000009f400000, 0x000000009f500000, 0x000000009f500000|100%| O|  |TAMS 0x000000009f500000| PB 0x000000009f400000| Untracked 
| 501|0x000000009f500000, 0x000000009f600000, 0x000000009f600000|100%| O|  |TAMS 0x000000009f600000| PB 0x000000009f500000| Untracked 
| 502|0x000000009f600000, 0x000000009f700000, 0x000000009f700000|100%| O|  |TAMS 0x000000009f700000| PB 0x000000009f600000| Untracked 
| 503|0x000000009f700000, 0x000000009f800000, 0x000000009f800000|100%|HS|  |TAMS 0x000000009f700000| PB 0x000000009f700000| Complete 
| 504|0x000000009f800000, 0x000000009f900000, 0x000000009f900000|100%|HC|  |TAMS 0x000000009f800000| PB 0x000000009f800000| Complete 
| 505|0x000000009f900000, 0x000000009fa00000, 0x000000009fa00000|100%|HS|  |TAMS 0x000000009fa00000| PB 0x000000009f900000| Complete 
| 506|0x000000009fa00000, 0x000000009fb00000, 0x000000009fb00000|100%|HS|  |TAMS 0x000000009fb00000| PB 0x000000009fa00000| Complete 
| 507|0x000000009fb00000, 0x000000009fb00000, 0x000000009fc00000|  0%| F|  |TAMS 0x000000009fb00000| PB 0x000000009fb00000| Untracked 
| 508|0x000000009fc00000, 0x000000009fc00000, 0x000000009fd00000|  0%| F|  |TAMS 0x000000009fc00000| PB 0x000000009fc00000| Untracked 
| 509|0x000000009fd00000, 0x000000009fd00000, 0x000000009fe00000|  0%| F|  |TAMS 0x000000009fd00000| PB 0x000000009fd00000| Untracked 
| 510|0x000000009fe00000, 0x000000009fe00000, 0x000000009ff00000|  0%| F|  |TAMS 0x000000009fe00000| PB 0x000000009fe00000| Untracked 
| 511|0x000000009ff00000, 0x000000009ff00000, 0x00000000a0000000|  0%| F|  |TAMS 0x000000009ff00000| PB 0x000000009ff00000| Untracked 
| 512|0x00000000a0000000, 0x00000000a0000000, 0x00000000a0100000|  0%| F|  |TAMS 0x00000000a0000000| PB 0x00000000a0000000| Untracked 
| 513|0x00000000a0100000, 0x00000000a0100000, 0x00000000a0200000|  0%| F|  |TAMS 0x00000000a0100000| PB 0x00000000a0100000| Untracked 
| 514|0x00000000a0200000, 0x00000000a0200000, 0x00000000a0300000|  0%| F|  |TAMS 0x00000000a0200000| PB 0x00000000a0200000| Untracked 
| 515|0x00000000a0300000, 0x00000000a0300000, 0x00000000a0400000|  0%| F|  |TAMS 0x00000000a0300000| PB 0x00000000a0300000| Untracked 
| 516|0x00000000a0400000, 0x00000000a0400000, 0x00000000a0500000|  0%| F|  |TAMS 0x00000000a0400000| PB 0x00000000a0400000| Untracked 
| 517|0x00000000a0500000, 0x00000000a0500000, 0x00000000a0600000|  0%| F|  |TAMS 0x00000000a0500000| PB 0x00000000a0500000| Untracked 
| 518|0x00000000a0600000, 0x00000000a0600000, 0x00000000a0700000|  0%| F|  |TAMS 0x00000000a0600000| PB 0x00000000a0600000| Untracked 
| 519|0x00000000a0700000, 0x00000000a0700000, 0x00000000a0800000|  0%| F|  |TAMS 0x00000000a0700000| PB 0x00000000a0700000| Untracked 
| 520|0x00000000a0800000, 0x00000000a0800000, 0x00000000a0900000|  0%| F|  |TAMS 0x00000000a0800000| PB 0x00000000a0800000| Untracked 
| 521|0x00000000a0900000, 0x00000000a0900000, 0x00000000a0a00000|  0%| F|  |TAMS 0x00000000a0900000| PB 0x00000000a0900000| Untracked 
| 522|0x00000000a0a00000, 0x00000000a0a00000, 0x00000000a0b00000|  0%| F|  |TAMS 0x00000000a0a00000| PB 0x00000000a0a00000| Untracked 
| 523|0x00000000a0b00000, 0x00000000a0b00000, 0x00000000a0c00000|  0%| F|  |TAMS 0x00000000a0b00000| PB 0x00000000a0b00000| Untracked 
| 524|0x00000000a0c00000, 0x00000000a0c00000, 0x00000000a0d00000|  0%| F|  |TAMS 0x00000000a0c00000| PB 0x00000000a0c00000| Untracked 
| 525|0x00000000a0d00000, 0x00000000a0d00000, 0x00000000a0e00000|  0%| F|  |TAMS 0x00000000a0d00000| PB 0x00000000a0d00000| Untracked 
| 526|0x00000000a0e00000, 0x00000000a0e00000, 0x00000000a0f00000|  0%| F|  |TAMS 0x00000000a0e00000| PB 0x00000000a0e00000| Untracked 
| 527|0x00000000a0f00000, 0x00000000a0f00000, 0x00000000a1000000|  0%| F|  |TAMS 0x00000000a0f00000| PB 0x00000000a0f00000| Untracked 
| 528|0x00000000a1000000, 0x00000000a1000000, 0x00000000a1100000|  0%| F|  |TAMS 0x00000000a1000000| PB 0x00000000a1000000| Untracked 
| 529|0x00000000a1100000, 0x00000000a1100000, 0x00000000a1200000|  0%| F|  |TAMS 0x00000000a1100000| PB 0x00000000a1100000| Untracked 
| 530|0x00000000a1200000, 0x00000000a1200000, 0x00000000a1300000|  0%| F|  |TAMS 0x00000000a1200000| PB 0x00000000a1200000| Untracked 
| 531|0x00000000a1300000, 0x00000000a1300000, 0x00000000a1400000|  0%| F|  |TAMS 0x00000000a1300000| PB 0x00000000a1300000| Untracked 
| 532|0x00000000a1400000, 0x00000000a1400000, 0x00000000a1500000|  0%| F|  |TAMS 0x00000000a1400000| PB 0x00000000a1400000| Untracked 
| 533|0x00000000a1500000, 0x00000000a1500000, 0x00000000a1600000|  0%| F|  |TAMS 0x00000000a1500000| PB 0x00000000a1500000| Untracked 
| 534|0x00000000a1600000, 0x00000000a1600000, 0x00000000a1700000|  0%| F|  |TAMS 0x00000000a1600000| PB 0x00000000a1600000| Untracked 
| 535|0x00000000a1700000, 0x00000000a1700000, 0x00000000a1800000|  0%| F|  |TAMS 0x00000000a1700000| PB 0x00000000a1700000| Untracked 
| 536|0x00000000a1800000, 0x00000000a1800000, 0x00000000a1900000|  0%| F|  |TAMS 0x00000000a1800000| PB 0x00000000a1800000| Untracked 
| 537|0x00000000a1900000, 0x00000000a1900000, 0x00000000a1a00000|  0%| F|  |TAMS 0x00000000a1900000| PB 0x00000000a1900000| Untracked 
| 538|0x00000000a1a00000, 0x00000000a1a00000, 0x00000000a1b00000|  0%| F|  |TAMS 0x00000000a1a00000| PB 0x00000000a1a00000| Untracked 
| 539|0x00000000a1b00000, 0x00000000a1b00000, 0x00000000a1c00000|  0%| F|  |TAMS 0x00000000a1b00000| PB 0x00000000a1b00000| Untracked 
| 540|0x00000000a1c00000, 0x00000000a1c00000, 0x00000000a1d00000|  0%| F|  |TAMS 0x00000000a1c00000| PB 0x00000000a1c00000| Untracked 
| 541|0x00000000a1d00000, 0x00000000a1d00000, 0x00000000a1e00000|  0%| F|  |TAMS 0x00000000a1d00000| PB 0x00000000a1d00000| Untracked 
| 542|0x00000000a1e00000, 0x00000000a1e00000, 0x00000000a1f00000|  0%| F|  |TAMS 0x00000000a1e00000| PB 0x00000000a1e00000| Untracked 
| 543|0x00000000a1f00000, 0x00000000a1f00000, 0x00000000a2000000|  0%| F|  |TAMS 0x00000000a1f00000| PB 0x00000000a1f00000| Untracked 
| 544|0x00000000a2000000, 0x00000000a2000000, 0x00000000a2100000|  0%| F|  |TAMS 0x00000000a2000000| PB 0x00000000a2000000| Untracked 
| 545|0x00000000a2100000, 0x00000000a2100000, 0x00000000a2200000|  0%| F|  |TAMS 0x00000000a2100000| PB 0x00000000a2100000| Untracked 
| 546|0x00000000a2200000, 0x00000000a2200000, 0x00000000a2300000|  0%| F|  |TAMS 0x00000000a2200000| PB 0x00000000a2200000| Untracked 
| 547|0x00000000a2300000, 0x00000000a2300000, 0x00000000a2400000|  0%| F|  |TAMS 0x00000000a2300000| PB 0x00000000a2300000| Untracked 
| 548|0x00000000a2400000, 0x00000000a2400000, 0x00000000a2500000|  0%| F|  |TAMS 0x00000000a2400000| PB 0x00000000a2400000| Untracked 
| 549|0x00000000a2500000, 0x00000000a2500000, 0x00000000a2600000|  0%| F|  |TAMS 0x00000000a2500000| PB 0x00000000a2500000| Untracked 
| 550|0x00000000a2600000, 0x00000000a2600000, 0x00000000a2700000|  0%| F|  |TAMS 0x00000000a2600000| PB 0x00000000a2600000| Untracked 
| 551|0x00000000a2700000, 0x00000000a2700000, 0x00000000a2800000|  0%| F|  |TAMS 0x00000000a2700000| PB 0x00000000a2700000| Untracked 
| 552|0x00000000a2800000, 0x00000000a2800000, 0x00000000a2900000|  0%| F|  |TAMS 0x00000000a2800000| PB 0x00000000a2800000| Untracked 
| 553|0x00000000a2900000, 0x00000000a2900000, 0x00000000a2a00000|  0%| F|  |TAMS 0x00000000a2900000| PB 0x00000000a2900000| Untracked 
| 554|0x00000000a2a00000, 0x00000000a2a00000, 0x00000000a2b00000|  0%| F|  |TAMS 0x00000000a2a00000| PB 0x00000000a2a00000| Untracked 
| 555|0x00000000a2b00000, 0x00000000a2b00000, 0x00000000a2c00000|  0%| F|  |TAMS 0x00000000a2b00000| PB 0x00000000a2b00000| Untracked 
| 556|0x00000000a2c00000, 0x00000000a2c00000, 0x00000000a2d00000|  0%| F|  |TAMS 0x00000000a2c00000| PB 0x00000000a2c00000| Untracked 
| 557|0x00000000a2d00000, 0x00000000a2d00000, 0x00000000a2e00000|  0%| F|  |TAMS 0x00000000a2d00000| PB 0x00000000a2d00000| Untracked 
| 558|0x00000000a2e00000, 0x00000000a2e00000, 0x00000000a2f00000|  0%| F|  |TAMS 0x00000000a2e00000| PB 0x00000000a2e00000| Untracked 
| 559|0x00000000a2f00000, 0x00000000a2f00000, 0x00000000a3000000|  0%| F|  |TAMS 0x00000000a2f00000| PB 0x00000000a2f00000| Untracked 
| 560|0x00000000a3000000, 0x00000000a3000000, 0x00000000a3100000|  0%| F|  |TAMS 0x00000000a3000000| PB 0x00000000a3000000| Untracked 
| 561|0x00000000a3100000, 0x00000000a3100000, 0x00000000a3200000|  0%| F|  |TAMS 0x00000000a3100000| PB 0x00000000a3100000| Untracked 
| 562|0x00000000a3200000, 0x00000000a3200000, 0x00000000a3300000|  0%| F|  |TAMS 0x00000000a3200000| PB 0x00000000a3200000| Untracked 
| 563|0x00000000a3300000, 0x00000000a3300000, 0x00000000a3400000|  0%| F|  |TAMS 0x00000000a3300000| PB 0x00000000a3300000| Untracked 
| 564|0x00000000a3400000, 0x00000000a3400000, 0x00000000a3500000|  0%| F|  |TAMS 0x00000000a3400000| PB 0x00000000a3400000| Untracked 
| 565|0x00000000a3500000, 0x00000000a3500000, 0x00000000a3600000|  0%| F|  |TAMS 0x00000000a3500000| PB 0x00000000a3500000| Untracked 
| 566|0x00000000a3600000, 0x00000000a3600000, 0x00000000a3700000|  0%| F|  |TAMS 0x00000000a3600000| PB 0x00000000a3600000| Untracked 
| 567|0x00000000a3700000, 0x00000000a3700000, 0x00000000a3800000|  0%| F|  |TAMS 0x00000000a3700000| PB 0x00000000a3700000| Untracked 
| 568|0x00000000a3800000, 0x00000000a3800000, 0x00000000a3900000|  0%| F|  |TAMS 0x00000000a3800000| PB 0x00000000a3800000| Untracked 
| 569|0x00000000a3900000, 0x00000000a3900000, 0x00000000a3a00000|  0%| F|  |TAMS 0x00000000a3900000| PB 0x00000000a3900000| Untracked 
| 570|0x00000000a3a00000, 0x00000000a3a00000, 0x00000000a3b00000|  0%| F|  |TAMS 0x00000000a3a00000| PB 0x00000000a3a00000| Untracked 
| 571|0x00000000a3b00000, 0x00000000a3b00000, 0x00000000a3c00000|  0%| F|  |TAMS 0x00000000a3b00000| PB 0x00000000a3b00000| Untracked 
| 572|0x00000000a3c00000, 0x00000000a3c00000, 0x00000000a3d00000|  0%| F|  |TAMS 0x00000000a3c00000| PB 0x00000000a3c00000| Untracked 
| 573|0x00000000a3d00000, 0x00000000a3d00000, 0x00000000a3e00000|  0%| F|  |TAMS 0x00000000a3d00000| PB 0x00000000a3d00000| Untracked 
| 574|0x00000000a3e00000, 0x00000000a3e00000, 0x00000000a3f00000|  0%| F|  |TAMS 0x00000000a3e00000| PB 0x00000000a3e00000| Untracked 
| 575|0x00000000a3f00000, 0x00000000a3f00000, 0x00000000a4000000|  0%| F|  |TAMS 0x00000000a3f00000| PB 0x00000000a3f00000| Untracked 
| 576|0x00000000a4000000, 0x00000000a4000000, 0x00000000a4100000|  0%| F|  |TAMS 0x00000000a4000000| PB 0x00000000a4000000| Untracked 
| 577|0x00000000a4100000, 0x00000000a4100000, 0x00000000a4200000|  0%| F|  |TAMS 0x00000000a4100000| PB 0x00000000a4100000| Untracked 
| 578|0x00000000a4200000, 0x00000000a4200000, 0x00000000a4300000|  0%| F|  |TAMS 0x00000000a4200000| PB 0x00000000a4200000| Untracked 
| 579|0x00000000a4300000, 0x00000000a4300000, 0x00000000a4400000|  0%| F|  |TAMS 0x00000000a4300000| PB 0x00000000a4300000| Untracked 
| 580|0x00000000a4400000, 0x00000000a4400000, 0x00000000a4500000|  0%| F|  |TAMS 0x00000000a4400000| PB 0x00000000a4400000| Untracked 
| 581|0x00000000a4500000, 0x00000000a4500000, 0x00000000a4600000|  0%| F|  |TAMS 0x00000000a4500000| PB 0x00000000a4500000| Untracked 
| 582|0x00000000a4600000, 0x00000000a4600000, 0x00000000a4700000|  0%| F|  |TAMS 0x00000000a4600000| PB 0x00000000a4600000| Untracked 
| 583|0x00000000a4700000, 0x00000000a4700000, 0x00000000a4800000|  0%| F|  |TAMS 0x00000000a4700000| PB 0x00000000a4700000| Untracked 
| 584|0x00000000a4800000, 0x00000000a4800000, 0x00000000a4900000|  0%| F|  |TAMS 0x00000000a4800000| PB 0x00000000a4800000| Untracked 
| 585|0x00000000a4900000, 0x00000000a4900000, 0x00000000a4a00000|  0%| F|  |TAMS 0x00000000a4900000| PB 0x00000000a4900000| Untracked 
| 586|0x00000000a4a00000, 0x00000000a4a00000, 0x00000000a4b00000|  0%| F|  |TAMS 0x00000000a4a00000| PB 0x00000000a4a00000| Untracked 
| 587|0x00000000a4b00000, 0x00000000a4b00000, 0x00000000a4c00000|  0%| F|  |TAMS 0x00000000a4b00000| PB 0x00000000a4b00000| Untracked 
| 588|0x00000000a4c00000, 0x00000000a4c00000, 0x00000000a4d00000|  0%| F|  |TAMS 0x00000000a4c00000| PB 0x00000000a4c00000| Untracked 
| 589|0x00000000a4d00000, 0x00000000a4d00000, 0x00000000a4e00000|  0%| F|  |TAMS 0x00000000a4d00000| PB 0x00000000a4d00000| Untracked 
| 590|0x00000000a4e00000, 0x00000000a4e00000, 0x00000000a4f00000|  0%| F|  |TAMS 0x00000000a4e00000| PB 0x00000000a4e00000| Untracked 
| 591|0x00000000a4f00000, 0x00000000a4f00000, 0x00000000a5000000|  0%| F|  |TAMS 0x00000000a4f00000| PB 0x00000000a4f00000| Untracked 
| 592|0x00000000a5000000, 0x00000000a5000000, 0x00000000a5100000|  0%| F|  |TAMS 0x00000000a5000000| PB 0x00000000a5000000| Untracked 
| 593|0x00000000a5100000, 0x00000000a5100000, 0x00000000a5200000|  0%| F|  |TAMS 0x00000000a5100000| PB 0x00000000a5100000| Untracked 
| 594|0x00000000a5200000, 0x00000000a5200000, 0x00000000a5300000|  0%| F|  |TAMS 0x00000000a5200000| PB 0x00000000a5200000| Untracked 
| 595|0x00000000a5300000, 0x00000000a5300000, 0x00000000a5400000|  0%| F|  |TAMS 0x00000000a5300000| PB 0x00000000a5300000| Untracked 
| 596|0x00000000a5400000, 0x00000000a5400000, 0x00000000a5500000|  0%| F|  |TAMS 0x00000000a5400000| PB 0x00000000a5400000| Untracked 
| 597|0x00000000a5500000, 0x00000000a5500000, 0x00000000a5600000|  0%| F|  |TAMS 0x00000000a5500000| PB 0x00000000a5500000| Untracked 
| 598|0x00000000a5600000, 0x00000000a5600000, 0x00000000a5700000|  0%| F|  |TAMS 0x00000000a5600000| PB 0x00000000a5600000| Untracked 
| 599|0x00000000a5700000, 0x00000000a5700000, 0x00000000a5800000|  0%| F|  |TAMS 0x00000000a5700000| PB 0x00000000a5700000| Untracked 
| 600|0x00000000a5800000, 0x00000000a5800000, 0x00000000a5900000|  0%| F|  |TAMS 0x00000000a5800000| PB 0x00000000a5800000| Untracked 
| 601|0x00000000a5900000, 0x00000000a5900000, 0x00000000a5a00000|  0%| F|  |TAMS 0x00000000a5900000| PB 0x00000000a5900000| Untracked 
| 602|0x00000000a5a00000, 0x00000000a5a00000, 0x00000000a5b00000|  0%| F|  |TAMS 0x00000000a5a00000| PB 0x00000000a5a00000| Untracked 
| 603|0x00000000a5b00000, 0x00000000a5b00000, 0x00000000a5c00000|  0%| F|  |TAMS 0x00000000a5b00000| PB 0x00000000a5b00000| Untracked 
| 604|0x00000000a5c00000, 0x00000000a5c00000, 0x00000000a5d00000|  0%| F|  |TAMS 0x00000000a5c00000| PB 0x00000000a5c00000| Untracked 
| 605|0x00000000a5d00000, 0x00000000a5d00000, 0x00000000a5e00000|  0%| F|  |TAMS 0x00000000a5d00000| PB 0x00000000a5d00000| Untracked 
| 606|0x00000000a5e00000, 0x00000000a5e00000, 0x00000000a5f00000|  0%| F|  |TAMS 0x00000000a5e00000| PB 0x00000000a5e00000| Untracked 
| 607|0x00000000a5f00000, 0x00000000a5f00000, 0x00000000a6000000|  0%| F|  |TAMS 0x00000000a5f00000| PB 0x00000000a5f00000| Untracked 
| 608|0x00000000a6000000, 0x00000000a6000000, 0x00000000a6100000|  0%| F|  |TAMS 0x00000000a6000000| PB 0x00000000a6000000| Untracked 
| 609|0x00000000a6100000, 0x00000000a6100000, 0x00000000a6200000|  0%| F|  |TAMS 0x00000000a6100000| PB 0x00000000a6100000| Untracked 
| 610|0x00000000a6200000, 0x00000000a6200000, 0x00000000a6300000|  0%| F|  |TAMS 0x00000000a6200000| PB 0x00000000a6200000| Untracked 
| 611|0x00000000a6300000, 0x00000000a6300000, 0x00000000a6400000|  0%| F|  |TAMS 0x00000000a6300000| PB 0x00000000a6300000| Untracked 
| 612|0x00000000a6400000, 0x00000000a6400000, 0x00000000a6500000|  0%| F|  |TAMS 0x00000000a6400000| PB 0x00000000a6400000| Untracked 
| 613|0x00000000a6500000, 0x00000000a6500000, 0x00000000a6600000|  0%| F|  |TAMS 0x00000000a6500000| PB 0x00000000a6500000| Untracked 
| 614|0x00000000a6600000, 0x00000000a6600000, 0x00000000a6700000|  0%| F|  |TAMS 0x00000000a6600000| PB 0x00000000a6600000| Untracked 
| 615|0x00000000a6700000, 0x00000000a6700000, 0x00000000a6800000|  0%| F|  |TAMS 0x00000000a6700000| PB 0x00000000a6700000| Untracked 
| 616|0x00000000a6800000, 0x00000000a6800000, 0x00000000a6900000|  0%| F|  |TAMS 0x00000000a6800000| PB 0x00000000a6800000| Untracked 
| 617|0x00000000a6900000, 0x00000000a6900000, 0x00000000a6a00000|  0%| F|  |TAMS 0x00000000a6900000| PB 0x00000000a6900000| Untracked 
| 618|0x00000000a6a00000, 0x00000000a6a00000, 0x00000000a6b00000|  0%| F|  |TAMS 0x00000000a6a00000| PB 0x00000000a6a00000| Untracked 
| 619|0x00000000a6b00000, 0x00000000a6b00000, 0x00000000a6c00000|  0%| F|  |TAMS 0x00000000a6b00000| PB 0x00000000a6b00000| Untracked 
| 620|0x00000000a6c00000, 0x00000000a6c00000, 0x00000000a6d00000|  0%| F|  |TAMS 0x00000000a6c00000| PB 0x00000000a6c00000| Untracked 
| 621|0x00000000a6d00000, 0x00000000a6d00000, 0x00000000a6e00000|  0%| F|  |TAMS 0x00000000a6d00000| PB 0x00000000a6d00000| Untracked 
| 622|0x00000000a6e00000, 0x00000000a6e00000, 0x00000000a6f00000|  0%| F|  |TAMS 0x00000000a6e00000| PB 0x00000000a6e00000| Untracked 
| 623|0x00000000a6f00000, 0x00000000a6f00000, 0x00000000a7000000|  0%| F|  |TAMS 0x00000000a6f00000| PB 0x00000000a6f00000| Untracked 
| 624|0x00000000a7000000, 0x00000000a7000000, 0x00000000a7100000|  0%| F|  |TAMS 0x00000000a7000000| PB 0x00000000a7000000| Untracked 
| 625|0x00000000a7100000, 0x00000000a7100000, 0x00000000a7200000|  0%| F|  |TAMS 0x00000000a7100000| PB 0x00000000a7100000| Untracked 
| 626|0x00000000a7200000, 0x00000000a7200000, 0x00000000a7300000|  0%| F|  |TAMS 0x00000000a7200000| PB 0x00000000a7200000| Untracked 
| 627|0x00000000a7300000, 0x00000000a7300000, 0x00000000a7400000|  0%| F|  |TAMS 0x00000000a7300000| PB 0x00000000a7300000| Untracked 
| 628|0x00000000a7400000, 0x00000000a7400000, 0x00000000a7500000|  0%| F|  |TAMS 0x00000000a7400000| PB 0x00000000a7400000| Untracked 
| 629|0x00000000a7500000, 0x00000000a7500000, 0x00000000a7600000|  0%| F|  |TAMS 0x00000000a7500000| PB 0x00000000a7500000| Untracked 
| 630|0x00000000a7600000, 0x00000000a7600000, 0x00000000a7700000|  0%| F|  |TAMS 0x00000000a7600000| PB 0x00000000a7600000| Untracked 
| 631|0x00000000a7700000, 0x00000000a7700000, 0x00000000a7800000|  0%| F|  |TAMS 0x00000000a7700000| PB 0x00000000a7700000| Untracked 
| 632|0x00000000a7800000, 0x00000000a7800000, 0x00000000a7900000|  0%| F|  |TAMS 0x00000000a7800000| PB 0x00000000a7800000| Untracked 
| 633|0x00000000a7900000, 0x00000000a7900000, 0x00000000a7a00000|  0%| F|  |TAMS 0x00000000a7900000| PB 0x00000000a7900000| Untracked 
| 634|0x00000000a7a00000, 0x00000000a7a00000, 0x00000000a7b00000|  0%| F|  |TAMS 0x00000000a7a00000| PB 0x00000000a7a00000| Untracked 
| 635|0x00000000a7b00000, 0x00000000a7b00000, 0x00000000a7c00000|  0%| F|  |TAMS 0x00000000a7b00000| PB 0x00000000a7b00000| Untracked 
| 636|0x00000000a7c00000, 0x00000000a7c00000, 0x00000000a7d00000|  0%| F|  |TAMS 0x00000000a7c00000| PB 0x00000000a7c00000| Untracked 
| 637|0x00000000a7d00000, 0x00000000a7d00000, 0x00000000a7e00000|  0%| F|  |TAMS 0x00000000a7d00000| PB 0x00000000a7d00000| Untracked 
| 638|0x00000000a7e00000, 0x00000000a7e00000, 0x00000000a7f00000|  0%| F|  |TAMS 0x00000000a7e00000| PB 0x00000000a7e00000| Untracked 
| 639|0x00000000a7f00000, 0x00000000a7f00000, 0x00000000a8000000|  0%| F|  |TAMS 0x00000000a7f00000| PB 0x00000000a7f00000| Untracked 
| 640|0x00000000a8000000, 0x00000000a8000000, 0x00000000a8100000|  0%| F|  |TAMS 0x00000000a8000000| PB 0x00000000a8000000| Untracked 
| 641|0x00000000a8100000, 0x00000000a8100000, 0x00000000a8200000|  0%| F|  |TAMS 0x00000000a8100000| PB 0x00000000a8100000| Untracked 
| 642|0x00000000a8200000, 0x00000000a8200000, 0x00000000a8300000|  0%| F|  |TAMS 0x00000000a8200000| PB 0x00000000a8200000| Untracked 
| 643|0x00000000a8300000, 0x00000000a8300000, 0x00000000a8400000|  0%| F|  |TAMS 0x00000000a8300000| PB 0x00000000a8300000| Untracked 
| 644|0x00000000a8400000, 0x00000000a8400000, 0x00000000a8500000|  0%| F|  |TAMS 0x00000000a8400000| PB 0x00000000a8400000| Untracked 
| 645|0x00000000a8500000, 0x00000000a8500000, 0x00000000a8600000|  0%| F|  |TAMS 0x00000000a8500000| PB 0x00000000a8500000| Untracked 
| 646|0x00000000a8600000, 0x00000000a8600000, 0x00000000a8700000|  0%| F|  |TAMS 0x00000000a8600000| PB 0x00000000a8600000| Untracked 
| 647|0x00000000a8700000, 0x00000000a8700000, 0x00000000a8800000|  0%| F|  |TAMS 0x00000000a8700000| PB 0x00000000a8700000| Untracked 
| 648|0x00000000a8800000, 0x00000000a8800000, 0x00000000a8900000|  0%| F|  |TAMS 0x00000000a8800000| PB 0x00000000a8800000| Untracked 
| 649|0x00000000a8900000, 0x00000000a8900000, 0x00000000a8a00000|  0%| F|  |TAMS 0x00000000a8900000| PB 0x00000000a8900000| Untracked 
| 650|0x00000000a8a00000, 0x00000000a8a00000, 0x00000000a8b00000|  0%| F|  |TAMS 0x00000000a8a00000| PB 0x00000000a8a00000| Untracked 
| 651|0x00000000a8b00000, 0x00000000a8b00000, 0x00000000a8c00000|  0%| F|  |TAMS 0x00000000a8b00000| PB 0x00000000a8b00000| Untracked 
| 652|0x00000000a8c00000, 0x00000000a8c00000, 0x00000000a8d00000|  0%| F|  |TAMS 0x00000000a8c00000| PB 0x00000000a8c00000| Untracked 
| 653|0x00000000a8d00000, 0x00000000a8d00000, 0x00000000a8e00000|  0%| F|  |TAMS 0x00000000a8d00000| PB 0x00000000a8d00000| Untracked 
| 654|0x00000000a8e00000, 0x00000000a8e00000, 0x00000000a8f00000|  0%| F|  |TAMS 0x00000000a8e00000| PB 0x00000000a8e00000| Untracked 
| 655|0x00000000a8f00000, 0x00000000a8f00000, 0x00000000a9000000|  0%| F|  |TAMS 0x00000000a8f00000| PB 0x00000000a8f00000| Untracked 
| 656|0x00000000a9000000, 0x00000000a9000000, 0x00000000a9100000|  0%| F|  |TAMS 0x00000000a9000000| PB 0x00000000a9000000| Untracked 
| 657|0x00000000a9100000, 0x00000000a9100000, 0x00000000a9200000|  0%| F|  |TAMS 0x00000000a9100000| PB 0x00000000a9100000| Untracked 
| 658|0x00000000a9200000, 0x00000000a9200000, 0x00000000a9300000|  0%| F|  |TAMS 0x00000000a9200000| PB 0x00000000a9200000| Untracked 
| 659|0x00000000a9300000, 0x00000000a9300000, 0x00000000a9400000|  0%| F|  |TAMS 0x00000000a9300000| PB 0x00000000a9300000| Untracked 
| 660|0x00000000a9400000, 0x00000000a9400000, 0x00000000a9500000|  0%| F|  |TAMS 0x00000000a9400000| PB 0x00000000a9400000| Untracked 
| 661|0x00000000a9500000, 0x00000000a9500000, 0x00000000a9600000|  0%| F|  |TAMS 0x00000000a9500000| PB 0x00000000a9500000| Untracked 
| 662|0x00000000a9600000, 0x00000000a9600000, 0x00000000a9700000|  0%| F|  |TAMS 0x00000000a9600000| PB 0x00000000a9600000| Untracked 
| 663|0x00000000a9700000, 0x00000000a9700000, 0x00000000a9800000|  0%| F|  |TAMS 0x00000000a9700000| PB 0x00000000a9700000| Untracked 
| 664|0x00000000a9800000, 0x00000000a9800000, 0x00000000a9900000|  0%| F|  |TAMS 0x00000000a9800000| PB 0x00000000a9800000| Untracked 
| 665|0x00000000a9900000, 0x00000000a9900000, 0x00000000a9a00000|  0%| F|  |TAMS 0x00000000a9900000| PB 0x00000000a9900000| Untracked 
| 666|0x00000000a9a00000, 0x00000000a9a00000, 0x00000000a9b00000|  0%| F|  |TAMS 0x00000000a9a00000| PB 0x00000000a9a00000| Untracked 
| 667|0x00000000a9b00000, 0x00000000a9b00000, 0x00000000a9c00000|  0%| F|  |TAMS 0x00000000a9b00000| PB 0x00000000a9b00000| Untracked 
| 668|0x00000000a9c00000, 0x00000000a9c00000, 0x00000000a9d00000|  0%| F|  |TAMS 0x00000000a9c00000| PB 0x00000000a9c00000| Untracked 
| 669|0x00000000a9d00000, 0x00000000a9d00000, 0x00000000a9e00000|  0%| F|  |TAMS 0x00000000a9d00000| PB 0x00000000a9d00000| Untracked 
| 670|0x00000000a9e00000, 0x00000000a9e00000, 0x00000000a9f00000|  0%| F|  |TAMS 0x00000000a9e00000| PB 0x00000000a9e00000| Untracked 
| 671|0x00000000a9f00000, 0x00000000a9f00000, 0x00000000aa000000|  0%| F|  |TAMS 0x00000000a9f00000| PB 0x00000000a9f00000| Untracked 
| 672|0x00000000aa000000, 0x00000000aa000000, 0x00000000aa100000|  0%| F|  |TAMS 0x00000000aa000000| PB 0x00000000aa000000| Untracked 
| 673|0x00000000aa100000, 0x00000000aa100000, 0x00000000aa200000|  0%| F|  |TAMS 0x00000000aa100000| PB 0x00000000aa100000| Untracked 
| 674|0x00000000aa200000, 0x00000000aa200000, 0x00000000aa300000|  0%| F|  |TAMS 0x00000000aa200000| PB 0x00000000aa200000| Untracked 
| 675|0x00000000aa300000, 0x00000000aa300000, 0x00000000aa400000|  0%| F|  |TAMS 0x00000000aa300000| PB 0x00000000aa300000| Untracked 
| 676|0x00000000aa400000, 0x00000000aa400000, 0x00000000aa500000|  0%| F|  |TAMS 0x00000000aa400000| PB 0x00000000aa400000| Untracked 
| 677|0x00000000aa500000, 0x00000000aa500000, 0x00000000aa600000|  0%| F|  |TAMS 0x00000000aa500000| PB 0x00000000aa500000| Untracked 
| 678|0x00000000aa600000, 0x00000000aa600000, 0x00000000aa700000|  0%| F|  |TAMS 0x00000000aa600000| PB 0x00000000aa600000| Untracked 
| 679|0x00000000aa700000, 0x00000000aa700000, 0x00000000aa800000|  0%| F|  |TAMS 0x00000000aa700000| PB 0x00000000aa700000| Untracked 
| 680|0x00000000aa800000, 0x00000000aa800000, 0x00000000aa900000|  0%| F|  |TAMS 0x00000000aa800000| PB 0x00000000aa800000| Untracked 
| 681|0x00000000aa900000, 0x00000000aa900000, 0x00000000aaa00000|  0%| F|  |TAMS 0x00000000aa900000| PB 0x00000000aa900000| Untracked 
| 682|0x00000000aaa00000, 0x00000000aaa00000, 0x00000000aab00000|  0%| F|  |TAMS 0x00000000aaa00000| PB 0x00000000aaa00000| Untracked 
| 683|0x00000000aab00000, 0x00000000aab00000, 0x00000000aac00000|  0%| F|  |TAMS 0x00000000aab00000| PB 0x00000000aab00000| Untracked 
| 684|0x00000000aac00000, 0x00000000aac00000, 0x00000000aad00000|  0%| F|  |TAMS 0x00000000aac00000| PB 0x00000000aac00000| Untracked 
| 685|0x00000000aad00000, 0x00000000aad00000, 0x00000000aae00000|  0%| F|  |TAMS 0x00000000aad00000| PB 0x00000000aad00000| Untracked 
| 686|0x00000000aae00000, 0x00000000aae00000, 0x00000000aaf00000|  0%| F|  |TAMS 0x00000000aae00000| PB 0x00000000aae00000| Untracked 
| 687|0x00000000aaf00000, 0x00000000aaf00000, 0x00000000ab000000|  0%| F|  |TAMS 0x00000000aaf00000| PB 0x00000000aaf00000| Untracked 
| 688|0x00000000ab000000, 0x00000000ab000000, 0x00000000ab100000|  0%| F|  |TAMS 0x00000000ab000000| PB 0x00000000ab000000| Untracked 
| 689|0x00000000ab100000, 0x00000000ab100000, 0x00000000ab200000|  0%| F|  |TAMS 0x00000000ab100000| PB 0x00000000ab100000| Untracked 
| 690|0x00000000ab200000, 0x00000000ab200000, 0x00000000ab300000|  0%| F|  |TAMS 0x00000000ab200000| PB 0x00000000ab200000| Untracked 
| 691|0x00000000ab300000, 0x00000000ab300000, 0x00000000ab400000|  0%| F|  |TAMS 0x00000000ab300000| PB 0x00000000ab300000| Untracked 
| 692|0x00000000ab400000, 0x00000000ab400000, 0x00000000ab500000|  0%| F|  |TAMS 0x00000000ab400000| PB 0x00000000ab400000| Untracked 
| 693|0x00000000ab500000, 0x00000000ab500000, 0x00000000ab600000|  0%| F|  |TAMS 0x00000000ab500000| PB 0x00000000ab500000| Untracked 
| 694|0x00000000ab600000, 0x00000000ab600000, 0x00000000ab700000|  0%| F|  |TAMS 0x00000000ab600000| PB 0x00000000ab600000| Untracked 
| 695|0x00000000ab700000, 0x00000000ab700000, 0x00000000ab800000|  0%| F|  |TAMS 0x00000000ab700000| PB 0x00000000ab700000| Untracked 
| 696|0x00000000ab800000, 0x00000000ab800000, 0x00000000ab900000|  0%| F|  |TAMS 0x00000000ab800000| PB 0x00000000ab800000| Untracked 
| 697|0x00000000ab900000, 0x00000000ab900000, 0x00000000aba00000|  0%| F|  |TAMS 0x00000000ab900000| PB 0x00000000ab900000| Untracked 
| 698|0x00000000aba00000, 0x00000000aba00000, 0x00000000abb00000|  0%| F|  |TAMS 0x00000000aba00000| PB 0x00000000aba00000| Untracked 
| 699|0x00000000abb00000, 0x00000000abb00000, 0x00000000abc00000|  0%| F|  |TAMS 0x00000000abb00000| PB 0x00000000abb00000| Untracked 
| 700|0x00000000abc00000, 0x00000000abc00000, 0x00000000abd00000|  0%| F|  |TAMS 0x00000000abc00000| PB 0x00000000abc00000| Untracked 
| 701|0x00000000abd00000, 0x00000000abd00000, 0x00000000abe00000|  0%| F|  |TAMS 0x00000000abd00000| PB 0x00000000abd00000| Untracked 
| 702|0x00000000abe00000, 0x00000000abe00000, 0x00000000abf00000|  0%| F|  |TAMS 0x00000000abe00000| PB 0x00000000abe00000| Untracked 
| 703|0x00000000abf00000, 0x00000000abf00000, 0x00000000ac000000|  0%| F|  |TAMS 0x00000000abf00000| PB 0x00000000abf00000| Untracked 
| 704|0x00000000ac000000, 0x00000000ac000000, 0x00000000ac100000|  0%| F|  |TAMS 0x00000000ac000000| PB 0x00000000ac000000| Untracked 
| 705|0x00000000ac100000, 0x00000000ac100000, 0x00000000ac200000|  0%| F|  |TAMS 0x00000000ac100000| PB 0x00000000ac100000| Untracked 
| 706|0x00000000ac200000, 0x00000000ac200000, 0x00000000ac300000|  0%| F|  |TAMS 0x00000000ac200000| PB 0x00000000ac200000| Untracked 
| 707|0x00000000ac300000, 0x00000000ac300000, 0x00000000ac400000|  0%| F|  |TAMS 0x00000000ac300000| PB 0x00000000ac300000| Untracked 
| 708|0x00000000ac400000, 0x00000000ac400000, 0x00000000ac500000|  0%| F|  |TAMS 0x00000000ac400000| PB 0x00000000ac400000| Untracked 
| 709|0x00000000ac500000, 0x00000000ac500000, 0x00000000ac600000|  0%| F|  |TAMS 0x00000000ac500000| PB 0x00000000ac500000| Untracked 
| 710|0x00000000ac600000, 0x00000000ac600000, 0x00000000ac700000|  0%| F|  |TAMS 0x00000000ac600000| PB 0x00000000ac600000| Untracked 
| 711|0x00000000ac700000, 0x00000000ac700000, 0x00000000ac800000|  0%| F|  |TAMS 0x00000000ac700000| PB 0x00000000ac700000| Untracked 
| 712|0x00000000ac800000, 0x00000000ac800000, 0x00000000ac900000|  0%| F|  |TAMS 0x00000000ac800000| PB 0x00000000ac800000| Untracked 
| 713|0x00000000ac900000, 0x00000000ac900000, 0x00000000aca00000|  0%| F|  |TAMS 0x00000000ac900000| PB 0x00000000ac900000| Untracked 
| 714|0x00000000aca00000, 0x00000000aca00000, 0x00000000acb00000|  0%| F|  |TAMS 0x00000000aca00000| PB 0x00000000aca00000| Untracked 
| 715|0x00000000acb00000, 0x00000000acb00000, 0x00000000acc00000|  0%| F|  |TAMS 0x00000000acb00000| PB 0x00000000acb00000| Untracked 
| 716|0x00000000acc00000, 0x00000000acc00000, 0x00000000acd00000|  0%| F|  |TAMS 0x00000000acc00000| PB 0x00000000acc00000| Untracked 
| 717|0x00000000acd00000, 0x00000000acd00000, 0x00000000ace00000|  0%| F|  |TAMS 0x00000000acd00000| PB 0x00000000acd00000| Untracked 
| 718|0x00000000ace00000, 0x00000000ace00000, 0x00000000acf00000|  0%| F|  |TAMS 0x00000000ace00000| PB 0x00000000ace00000| Untracked 
| 719|0x00000000acf00000, 0x00000000acf00000, 0x00000000ad000000|  0%| F|  |TAMS 0x00000000acf00000| PB 0x00000000acf00000| Untracked 
| 720|0x00000000ad000000, 0x00000000ad000000, 0x00000000ad100000|  0%| F|  |TAMS 0x00000000ad000000| PB 0x00000000ad000000| Untracked 
| 721|0x00000000ad100000, 0x00000000ad100000, 0x00000000ad200000|  0%| F|  |TAMS 0x00000000ad100000| PB 0x00000000ad100000| Untracked 
| 722|0x00000000ad200000, 0x00000000ad200000, 0x00000000ad300000|  0%| F|  |TAMS 0x00000000ad200000| PB 0x00000000ad200000| Untracked 
| 723|0x00000000ad300000, 0x00000000ad300000, 0x00000000ad400000|  0%| F|  |TAMS 0x00000000ad300000| PB 0x00000000ad300000| Untracked 
| 724|0x00000000ad400000, 0x00000000ad400000, 0x00000000ad500000|  0%| F|  |TAMS 0x00000000ad400000| PB 0x00000000ad400000| Untracked 
| 725|0x00000000ad500000, 0x00000000ad500000, 0x00000000ad600000|  0%| F|  |TAMS 0x00000000ad500000| PB 0x00000000ad500000| Untracked 
| 726|0x00000000ad600000, 0x00000000ad600000, 0x00000000ad700000|  0%| F|  |TAMS 0x00000000ad600000| PB 0x00000000ad600000| Untracked 
| 727|0x00000000ad700000, 0x00000000ad700000, 0x00000000ad800000|  0%| F|  |TAMS 0x00000000ad700000| PB 0x00000000ad700000| Untracked 
| 728|0x00000000ad800000, 0x00000000ad800000, 0x00000000ad900000|  0%| F|  |TAMS 0x00000000ad800000| PB 0x00000000ad800000| Untracked 
| 729|0x00000000ad900000, 0x00000000ad900000, 0x00000000ada00000|  0%| F|  |TAMS 0x00000000ad900000| PB 0x00000000ad900000| Untracked 
| 730|0x00000000ada00000, 0x00000000ada00000, 0x00000000adb00000|  0%| F|  |TAMS 0x00000000ada00000| PB 0x00000000ada00000| Untracked 
| 731|0x00000000adb00000, 0x00000000adb00000, 0x00000000adc00000|  0%| F|  |TAMS 0x00000000adb00000| PB 0x00000000adb00000| Untracked 
| 732|0x00000000adc00000, 0x00000000adc00000, 0x00000000add00000|  0%| F|  |TAMS 0x00000000adc00000| PB 0x00000000adc00000| Untracked 
| 733|0x00000000add00000, 0x00000000add00000, 0x00000000ade00000|  0%| F|  |TAMS 0x00000000add00000| PB 0x00000000add00000| Untracked 
| 734|0x00000000ade00000, 0x00000000ade00000, 0x00000000adf00000|  0%| F|  |TAMS 0x00000000ade00000| PB 0x00000000ade00000| Untracked 
| 735|0x00000000adf00000, 0x00000000adf00000, 0x00000000ae000000|  0%| F|  |TAMS 0x00000000adf00000| PB 0x00000000adf00000| Untracked 
| 736|0x00000000ae000000, 0x00000000ae000000, 0x00000000ae100000|  0%| F|  |TAMS 0x00000000ae000000| PB 0x00000000ae000000| Untracked 
| 737|0x00000000ae100000, 0x00000000ae100000, 0x00000000ae200000|  0%| F|  |TAMS 0x00000000ae100000| PB 0x00000000ae100000| Untracked 
| 738|0x00000000ae200000, 0x00000000ae200000, 0x00000000ae300000|  0%| F|  |TAMS 0x00000000ae200000| PB 0x00000000ae200000| Untracked 
| 739|0x00000000ae300000, 0x00000000ae300000, 0x00000000ae400000|  0%| F|  |TAMS 0x00000000ae300000| PB 0x00000000ae300000| Untracked 
| 740|0x00000000ae400000, 0x00000000ae400000, 0x00000000ae500000|  0%| F|  |TAMS 0x00000000ae400000| PB 0x00000000ae400000| Untracked 
| 741|0x00000000ae500000, 0x00000000ae500000, 0x00000000ae600000|  0%| F|  |TAMS 0x00000000ae500000| PB 0x00000000ae500000| Untracked 
| 742|0x00000000ae600000, 0x00000000ae600000, 0x00000000ae700000|  0%| F|  |TAMS 0x00000000ae600000| PB 0x00000000ae600000| Untracked 
| 743|0x00000000ae700000, 0x00000000ae700000, 0x00000000ae800000|  0%| F|  |TAMS 0x00000000ae700000| PB 0x00000000ae700000| Untracked 
| 744|0x00000000ae800000, 0x00000000ae800000, 0x00000000ae900000|  0%| F|  |TAMS 0x00000000ae800000| PB 0x00000000ae800000| Untracked 
| 745|0x00000000ae900000, 0x00000000ae900000, 0x00000000aea00000|  0%| F|  |TAMS 0x00000000ae900000| PB 0x00000000ae900000| Untracked 
| 746|0x00000000aea00000, 0x00000000aea00000, 0x00000000aeb00000|  0%| F|  |TAMS 0x00000000aea00000| PB 0x00000000aea00000| Untracked 
| 747|0x00000000aeb00000, 0x00000000aeb00000, 0x00000000aec00000|  0%| F|  |TAMS 0x00000000aeb00000| PB 0x00000000aeb00000| Untracked 
| 748|0x00000000aec00000, 0x00000000aec00000, 0x00000000aed00000|  0%| F|  |TAMS 0x00000000aec00000| PB 0x00000000aec00000| Untracked 
| 749|0x00000000aed00000, 0x00000000aed00000, 0x00000000aee00000|  0%| F|  |TAMS 0x00000000aed00000| PB 0x00000000aed00000| Untracked 
| 750|0x00000000aee00000, 0x00000000aee00000, 0x00000000aef00000|  0%| F|  |TAMS 0x00000000aee00000| PB 0x00000000aee00000| Untracked 
| 751|0x00000000aef00000, 0x00000000aef00000, 0x00000000af000000|  0%| F|  |TAMS 0x00000000aef00000| PB 0x00000000aef00000| Untracked 
| 752|0x00000000af000000, 0x00000000af000000, 0x00000000af100000|  0%| F|  |TAMS 0x00000000af000000| PB 0x00000000af000000| Untracked 
| 753|0x00000000af100000, 0x00000000af100000, 0x00000000af200000|  0%| F|  |TAMS 0x00000000af100000| PB 0x00000000af100000| Untracked 
| 754|0x00000000af200000, 0x00000000af200000, 0x00000000af300000|  0%| F|  |TAMS 0x00000000af200000| PB 0x00000000af200000| Untracked 
| 755|0x00000000af300000, 0x00000000af300000, 0x00000000af400000|  0%| F|  |TAMS 0x00000000af300000| PB 0x00000000af300000| Untracked 
| 756|0x00000000af400000, 0x00000000af400000, 0x00000000af500000|  0%| F|  |TAMS 0x00000000af400000| PB 0x00000000af400000| Untracked 
| 757|0x00000000af500000, 0x00000000af500000, 0x00000000af600000|  0%| F|  |TAMS 0x00000000af500000| PB 0x00000000af500000| Untracked 
| 758|0x00000000af600000, 0x00000000af600000, 0x00000000af700000|  0%| F|  |TAMS 0x00000000af600000| PB 0x00000000af600000| Untracked 
| 759|0x00000000af700000, 0x00000000af700000, 0x00000000af800000|  0%| F|  |TAMS 0x00000000af700000| PB 0x00000000af700000| Untracked 
| 760|0x00000000af800000, 0x00000000af800000, 0x00000000af900000|  0%| F|  |TAMS 0x00000000af800000| PB 0x00000000af800000| Untracked 
| 761|0x00000000af900000, 0x00000000af900000, 0x00000000afa00000|  0%| F|  |TAMS 0x00000000af900000| PB 0x00000000af900000| Untracked 
| 762|0x00000000afa00000, 0x00000000afa00000, 0x00000000afb00000|  0%| F|  |TAMS 0x00000000afa00000| PB 0x00000000afa00000| Untracked 
| 763|0x00000000afb00000, 0x00000000afb00000, 0x00000000afc00000|  0%| F|  |TAMS 0x00000000afb00000| PB 0x00000000afb00000| Untracked 
| 764|0x00000000afc00000, 0x00000000afc00000, 0x00000000afd00000|  0%| F|  |TAMS 0x00000000afc00000| PB 0x00000000afc00000| Untracked 
| 765|0x00000000afd00000, 0x00000000afd00000, 0x00000000afe00000|  0%| F|  |TAMS 0x00000000afd00000| PB 0x00000000afd00000| Untracked 
| 766|0x00000000afe00000, 0x00000000afe00000, 0x00000000aff00000|  0%| F|  |TAMS 0x00000000afe00000| PB 0x00000000afe00000| Untracked 
| 767|0x00000000aff00000, 0x00000000aff00000, 0x00000000b0000000|  0%| F|  |TAMS 0x00000000aff00000| PB 0x00000000aff00000| Untracked 
| 768|0x00000000b0000000, 0x00000000b0000000, 0x00000000b0100000|  0%| F|  |TAMS 0x00000000b0000000| PB 0x00000000b0000000| Untracked 
| 769|0x00000000b0100000, 0x00000000b0100000, 0x00000000b0200000|  0%| F|  |TAMS 0x00000000b0100000| PB 0x00000000b0100000| Untracked 
| 770|0x00000000b0200000, 0x00000000b0200000, 0x00000000b0300000|  0%| F|  |TAMS 0x00000000b0200000| PB 0x00000000b0200000| Untracked 
| 771|0x00000000b0300000, 0x00000000b0300000, 0x00000000b0400000|  0%| F|  |TAMS 0x00000000b0300000| PB 0x00000000b0300000| Untracked 
| 772|0x00000000b0400000, 0x00000000b0400000, 0x00000000b0500000|  0%| F|  |TAMS 0x00000000b0400000| PB 0x00000000b0400000| Untracked 
| 773|0x00000000b0500000, 0x00000000b0500000, 0x00000000b0600000|  0%| F|  |TAMS 0x00000000b0500000| PB 0x00000000b0500000| Untracked 
| 774|0x00000000b0600000, 0x00000000b0600000, 0x00000000b0700000|  0%| F|  |TAMS 0x00000000b0600000| PB 0x00000000b0600000| Untracked 
| 775|0x00000000b0700000, 0x00000000b0700000, 0x00000000b0800000|  0%| F|  |TAMS 0x00000000b0700000| PB 0x00000000b0700000| Untracked 
| 776|0x00000000b0800000, 0x00000000b0800000, 0x00000000b0900000|  0%| F|  |TAMS 0x00000000b0800000| PB 0x00000000b0800000| Untracked 
| 777|0x00000000b0900000, 0x00000000b0900000, 0x00000000b0a00000|  0%| F|  |TAMS 0x00000000b0900000| PB 0x00000000b0900000| Untracked 
| 778|0x00000000b0a00000, 0x00000000b0a00000, 0x00000000b0b00000|  0%| F|  |TAMS 0x00000000b0a00000| PB 0x00000000b0a00000| Untracked 
| 779|0x00000000b0b00000, 0x00000000b0b00000, 0x00000000b0c00000|  0%| F|  |TAMS 0x00000000b0b00000| PB 0x00000000b0b00000| Untracked 
| 780|0x00000000b0c00000, 0x00000000b0c00000, 0x00000000b0d00000|  0%| F|  |TAMS 0x00000000b0c00000| PB 0x00000000b0c00000| Untracked 
| 781|0x00000000b0d00000, 0x00000000b0d00000, 0x00000000b0e00000|  0%| F|  |TAMS 0x00000000b0d00000| PB 0x00000000b0d00000| Untracked 
| 782|0x00000000b0e00000, 0x00000000b0e00000, 0x00000000b0f00000|  0%| F|  |TAMS 0x00000000b0e00000| PB 0x00000000b0e00000| Untracked 
| 783|0x00000000b0f00000, 0x00000000b0f00000, 0x00000000b1000000|  0%| F|  |TAMS 0x00000000b0f00000| PB 0x00000000b0f00000| Untracked 
| 784|0x00000000b1000000, 0x00000000b1000000, 0x00000000b1100000|  0%| F|  |TAMS 0x00000000b1000000| PB 0x00000000b1000000| Untracked 
| 785|0x00000000b1100000, 0x00000000b1100000, 0x00000000b1200000|  0%| F|  |TAMS 0x00000000b1100000| PB 0x00000000b1100000| Untracked 
| 786|0x00000000b1200000, 0x00000000b1200000, 0x00000000b1300000|  0%| F|  |TAMS 0x00000000b1200000| PB 0x00000000b1200000| Untracked 
| 787|0x00000000b1300000, 0x00000000b1300000, 0x00000000b1400000|  0%| F|  |TAMS 0x00000000b1300000| PB 0x00000000b1300000| Untracked 
| 788|0x00000000b1400000, 0x00000000b1400000, 0x00000000b1500000|  0%| F|  |TAMS 0x00000000b1400000| PB 0x00000000b1400000| Untracked 
| 789|0x00000000b1500000, 0x00000000b1500000, 0x00000000b1600000|  0%| F|  |TAMS 0x00000000b1500000| PB 0x00000000b1500000| Untracked 
| 790|0x00000000b1600000, 0x00000000b1600000, 0x00000000b1700000|  0%| F|  |TAMS 0x00000000b1600000| PB 0x00000000b1600000| Untracked 
| 791|0x00000000b1700000, 0x00000000b1700000, 0x00000000b1800000|  0%| F|  |TAMS 0x00000000b1700000| PB 0x00000000b1700000| Untracked 
| 792|0x00000000b1800000, 0x00000000b1800000, 0x00000000b1900000|  0%| F|  |TAMS 0x00000000b1800000| PB 0x00000000b1800000| Untracked 
| 793|0x00000000b1900000, 0x00000000b1900000, 0x00000000b1a00000|  0%| F|  |TAMS 0x00000000b1900000| PB 0x00000000b1900000| Untracked 
| 794|0x00000000b1a00000, 0x00000000b1a00000, 0x00000000b1b00000|  0%| F|  |TAMS 0x00000000b1a00000| PB 0x00000000b1a00000| Untracked 
| 795|0x00000000b1b00000, 0x00000000b1b00000, 0x00000000b1c00000|  0%| F|  |TAMS 0x00000000b1b00000| PB 0x00000000b1b00000| Untracked 
| 796|0x00000000b1c00000, 0x00000000b1c00000, 0x00000000b1d00000|  0%| F|  |TAMS 0x00000000b1c00000| PB 0x00000000b1c00000| Untracked 
| 797|0x00000000b1d00000, 0x00000000b1d00000, 0x00000000b1e00000|  0%| F|  |TAMS 0x00000000b1d00000| PB 0x00000000b1d00000| Untracked 
| 798|0x00000000b1e00000, 0x00000000b1e00000, 0x00000000b1f00000|  0%| F|  |TAMS 0x00000000b1e00000| PB 0x00000000b1e00000| Untracked 
| 799|0x00000000b1f00000, 0x00000000b1f00000, 0x00000000b2000000|  0%| F|  |TAMS 0x00000000b1f00000| PB 0x00000000b1f00000| Untracked 
| 800|0x00000000b2000000, 0x00000000b2000000, 0x00000000b2100000|  0%| F|  |TAMS 0x00000000b2000000| PB 0x00000000b2000000| Untracked 
| 801|0x00000000b2100000, 0x00000000b2100000, 0x00000000b2200000|  0%| F|  |TAMS 0x00000000b2100000| PB 0x00000000b2100000| Untracked 
| 802|0x00000000b2200000, 0x00000000b2200000, 0x00000000b2300000|  0%| F|  |TAMS 0x00000000b2200000| PB 0x00000000b2200000| Untracked 
| 803|0x00000000b2300000, 0x00000000b2300000, 0x00000000b2400000|  0%| F|  |TAMS 0x00000000b2300000| PB 0x00000000b2300000| Untracked 
| 804|0x00000000b2400000, 0x00000000b2400000, 0x00000000b2500000|  0%| F|  |TAMS 0x00000000b2400000| PB 0x00000000b2400000| Untracked 
| 805|0x00000000b2500000, 0x00000000b2500000, 0x00000000b2600000|  0%| F|  |TAMS 0x00000000b2500000| PB 0x00000000b2500000| Untracked 
| 806|0x00000000b2600000, 0x00000000b2600000, 0x00000000b2700000|  0%| F|  |TAMS 0x00000000b2600000| PB 0x00000000b2600000| Untracked 
| 807|0x00000000b2700000, 0x00000000b2700000, 0x00000000b2800000|  0%| F|  |TAMS 0x00000000b2700000| PB 0x00000000b2700000| Untracked 
| 808|0x00000000b2800000, 0x00000000b2800000, 0x00000000b2900000|  0%| F|  |TAMS 0x00000000b2800000| PB 0x00000000b2800000| Untracked 
| 809|0x00000000b2900000, 0x00000000b2900000, 0x00000000b2a00000|  0%| F|  |TAMS 0x00000000b2900000| PB 0x00000000b2900000| Untracked 
| 810|0x00000000b2a00000, 0x00000000b2a00000, 0x00000000b2b00000|  0%| F|  |TAMS 0x00000000b2a00000| PB 0x00000000b2a00000| Untracked 
| 811|0x00000000b2b00000, 0x00000000b2b00000, 0x00000000b2c00000|  0%| F|  |TAMS 0x00000000b2b00000| PB 0x00000000b2b00000| Untracked 
| 812|0x00000000b2c00000, 0x00000000b2c00000, 0x00000000b2d00000|  0%| F|  |TAMS 0x00000000b2c00000| PB 0x00000000b2c00000| Untracked 
| 813|0x00000000b2d00000, 0x00000000b2d00000, 0x00000000b2e00000|  0%| F|  |TAMS 0x00000000b2d00000| PB 0x00000000b2d00000| Untracked 
| 814|0x00000000b2e00000, 0x00000000b2e00000, 0x00000000b2f00000|  0%| F|  |TAMS 0x00000000b2e00000| PB 0x00000000b2e00000| Untracked 
| 815|0x00000000b2f00000, 0x00000000b2f00000, 0x00000000b3000000|  0%| F|  |TAMS 0x00000000b2f00000| PB 0x00000000b2f00000| Untracked 
| 816|0x00000000b3000000, 0x00000000b3000000, 0x00000000b3100000|  0%| F|  |TAMS 0x00000000b3000000| PB 0x00000000b3000000| Untracked 
| 817|0x00000000b3100000, 0x00000000b3100000, 0x00000000b3200000|  0%| F|  |TAMS 0x00000000b3100000| PB 0x00000000b3100000| Untracked 
| 818|0x00000000b3200000, 0x00000000b3200000, 0x00000000b3300000|  0%| F|  |TAMS 0x00000000b3200000| PB 0x00000000b3200000| Untracked 
| 819|0x00000000b3300000, 0x00000000b3300000, 0x00000000b3400000|  0%| F|  |TAMS 0x00000000b3300000| PB 0x00000000b3300000| Untracked 
| 820|0x00000000b3400000, 0x00000000b3400000, 0x00000000b3500000|  0%| F|  |TAMS 0x00000000b3400000| PB 0x00000000b3400000| Untracked 
| 821|0x00000000b3500000, 0x00000000b3500000, 0x00000000b3600000|  0%| F|  |TAMS 0x00000000b3500000| PB 0x00000000b3500000| Untracked 
| 822|0x00000000b3600000, 0x00000000b3600000, 0x00000000b3700000|  0%| F|  |TAMS 0x00000000b3600000| PB 0x00000000b3600000| Untracked 
| 823|0x00000000b3700000, 0x00000000b3700000, 0x00000000b3800000|  0%| F|  |TAMS 0x00000000b3700000| PB 0x00000000b3700000| Untracked 
| 824|0x00000000b3800000, 0x00000000b3800000, 0x00000000b3900000|  0%| F|  |TAMS 0x00000000b3800000| PB 0x00000000b3800000| Untracked 
| 825|0x00000000b3900000, 0x00000000b3900000, 0x00000000b3a00000|  0%| F|  |TAMS 0x00000000b3900000| PB 0x00000000b3900000| Untracked 
| 826|0x00000000b3a00000, 0x00000000b3a00000, 0x00000000b3b00000|  0%| F|  |TAMS 0x00000000b3a00000| PB 0x00000000b3a00000| Untracked 
| 827|0x00000000b3b00000, 0x00000000b3b00000, 0x00000000b3c00000|  0%| F|  |TAMS 0x00000000b3b00000| PB 0x00000000b3b00000| Untracked 
| 828|0x00000000b3c00000, 0x00000000b3c00000, 0x00000000b3d00000|  0%| F|  |TAMS 0x00000000b3c00000| PB 0x00000000b3c00000| Untracked 
| 829|0x00000000b3d00000, 0x00000000b3d00000, 0x00000000b3e00000|  0%| F|  |TAMS 0x00000000b3d00000| PB 0x00000000b3d00000| Untracked 
| 830|0x00000000b3e00000, 0x00000000b3e00000, 0x00000000b3f00000|  0%| F|  |TAMS 0x00000000b3e00000| PB 0x00000000b3e00000| Untracked 
| 831|0x00000000b3f00000, 0x00000000b3f00000, 0x00000000b4000000|  0%| F|  |TAMS 0x00000000b3f00000| PB 0x00000000b3f00000| Untracked 
| 832|0x00000000b4000000, 0x00000000b4000000, 0x00000000b4100000|  0%| F|  |TAMS 0x00000000b4000000| PB 0x00000000b4000000| Untracked 
| 833|0x00000000b4100000, 0x00000000b4100000, 0x00000000b4200000|  0%| F|  |TAMS 0x00000000b4100000| PB 0x00000000b4100000| Untracked 
| 834|0x00000000b4200000, 0x00000000b4200000, 0x00000000b4300000|  0%| F|  |TAMS 0x00000000b4200000| PB 0x00000000b4200000| Untracked 
| 835|0x00000000b4300000, 0x00000000b4300000, 0x00000000b4400000|  0%| F|  |TAMS 0x00000000b4300000| PB 0x00000000b4300000| Untracked 
| 836|0x00000000b4400000, 0x00000000b4400000, 0x00000000b4500000|  0%| F|  |TAMS 0x00000000b4400000| PB 0x00000000b4400000| Untracked 
| 837|0x00000000b4500000, 0x00000000b4500000, 0x00000000b4600000|  0%| F|  |TAMS 0x00000000b4500000| PB 0x00000000b4500000| Untracked 
| 838|0x00000000b4600000, 0x00000000b4600000, 0x00000000b4700000|  0%| F|  |TAMS 0x00000000b4600000| PB 0x00000000b4600000| Untracked 
| 839|0x00000000b4700000, 0x00000000b4700000, 0x00000000b4800000|  0%| F|  |TAMS 0x00000000b4700000| PB 0x00000000b4700000| Untracked 
| 840|0x00000000b4800000, 0x00000000b4800000, 0x00000000b4900000|  0%| F|  |TAMS 0x00000000b4800000| PB 0x00000000b4800000| Untracked 
| 841|0x00000000b4900000, 0x00000000b4900000, 0x00000000b4a00000|  0%| F|  |TAMS 0x00000000b4900000| PB 0x00000000b4900000| Untracked 
| 842|0x00000000b4a00000, 0x00000000b4a00000, 0x00000000b4b00000|  0%| F|  |TAMS 0x00000000b4a00000| PB 0x00000000b4a00000| Untracked 
| 843|0x00000000b4b00000, 0x00000000b4b00000, 0x00000000b4c00000|  0%| F|  |TAMS 0x00000000b4b00000| PB 0x00000000b4b00000| Untracked 
| 844|0x00000000b4c00000, 0x00000000b4c00000, 0x00000000b4d00000|  0%| F|  |TAMS 0x00000000b4c00000| PB 0x00000000b4c00000| Untracked 
| 845|0x00000000b4d00000, 0x00000000b4d00000, 0x00000000b4e00000|  0%| F|  |TAMS 0x00000000b4d00000| PB 0x00000000b4d00000| Untracked 
| 846|0x00000000b4e00000, 0x00000000b4e00000, 0x00000000b4f00000|  0%| F|  |TAMS 0x00000000b4e00000| PB 0x00000000b4e00000| Untracked 
| 847|0x00000000b4f00000, 0x00000000b4f00000, 0x00000000b5000000|  0%| F|  |TAMS 0x00000000b4f00000| PB 0x00000000b4f00000| Untracked 
| 848|0x00000000b5000000, 0x00000000b5000000, 0x00000000b5100000|  0%| F|  |TAMS 0x00000000b5000000| PB 0x00000000b5000000| Untracked 
| 849|0x00000000b5100000, 0x00000000b5100000, 0x00000000b5200000|  0%| F|  |TAMS 0x00000000b5100000| PB 0x00000000b5100000| Untracked 
| 850|0x00000000b5200000, 0x00000000b5200000, 0x00000000b5300000|  0%| F|  |TAMS 0x00000000b5200000| PB 0x00000000b5200000| Untracked 
| 851|0x00000000b5300000, 0x00000000b5300000, 0x00000000b5400000|  0%| F|  |TAMS 0x00000000b5300000| PB 0x00000000b5300000| Untracked 
| 852|0x00000000b5400000, 0x00000000b5400000, 0x00000000b5500000|  0%| F|  |TAMS 0x00000000b5400000| PB 0x00000000b5400000| Untracked 
| 853|0x00000000b5500000, 0x00000000b5500000, 0x00000000b5600000|  0%| F|  |TAMS 0x00000000b5500000| PB 0x00000000b5500000| Untracked 
| 854|0x00000000b5600000, 0x00000000b5600000, 0x00000000b5700000|  0%| F|  |TAMS 0x00000000b5600000| PB 0x00000000b5600000| Untracked 
| 855|0x00000000b5700000, 0x00000000b5700000, 0x00000000b5800000|  0%| F|  |TAMS 0x00000000b5700000| PB 0x00000000b5700000| Untracked 
| 856|0x00000000b5800000, 0x00000000b5800000, 0x00000000b5900000|  0%| F|  |TAMS 0x00000000b5800000| PB 0x00000000b5800000| Untracked 
| 857|0x00000000b5900000, 0x00000000b5900000, 0x00000000b5a00000|  0%| F|  |TAMS 0x00000000b5900000| PB 0x00000000b5900000| Untracked 
| 858|0x00000000b5a00000, 0x00000000b5a00000, 0x00000000b5b00000|  0%| F|  |TAMS 0x00000000b5a00000| PB 0x00000000b5a00000| Untracked 
| 859|0x00000000b5b00000, 0x00000000b5b00000, 0x00000000b5c00000|  0%| F|  |TAMS 0x00000000b5b00000| PB 0x00000000b5b00000| Untracked 
| 860|0x00000000b5c00000, 0x00000000b5c00000, 0x00000000b5d00000|  0%| F|  |TAMS 0x00000000b5c00000| PB 0x00000000b5c00000| Untracked 
| 861|0x00000000b5d00000, 0x00000000b5d00000, 0x00000000b5e00000|  0%| F|  |TAMS 0x00000000b5d00000| PB 0x00000000b5d00000| Untracked 
| 862|0x00000000b5e00000, 0x00000000b5e00000, 0x00000000b5f00000|  0%| F|  |TAMS 0x00000000b5e00000| PB 0x00000000b5e00000| Untracked 
| 863|0x00000000b5f00000, 0x00000000b5f00000, 0x00000000b6000000|  0%| F|  |TAMS 0x00000000b5f00000| PB 0x00000000b5f00000| Untracked 
| 864|0x00000000b6000000, 0x00000000b6000000, 0x00000000b6100000|  0%| F|  |TAMS 0x00000000b6000000| PB 0x00000000b6000000| Untracked 
| 865|0x00000000b6100000, 0x00000000b6100000, 0x00000000b6200000|  0%| F|  |TAMS 0x00000000b6100000| PB 0x00000000b6100000| Untracked 
| 866|0x00000000b6200000, 0x00000000b6200000, 0x00000000b6300000|  0%| F|  |TAMS 0x00000000b6200000| PB 0x00000000b6200000| Untracked 
| 867|0x00000000b6300000, 0x00000000b6300000, 0x00000000b6400000|  0%| F|  |TAMS 0x00000000b6300000| PB 0x00000000b6300000| Untracked 
| 868|0x00000000b6400000, 0x00000000b6400000, 0x00000000b6500000|  0%| F|  |TAMS 0x00000000b6400000| PB 0x00000000b6400000| Untracked 
| 869|0x00000000b6500000, 0x00000000b6500000, 0x00000000b6600000|  0%| F|  |TAMS 0x00000000b6500000| PB 0x00000000b6500000| Untracked 
| 870|0x00000000b6600000, 0x00000000b6600000, 0x00000000b6700000|  0%| F|  |TAMS 0x00000000b6600000| PB 0x00000000b6600000| Untracked 
| 871|0x00000000b6700000, 0x00000000b6700000, 0x00000000b6800000|  0%| F|  |TAMS 0x00000000b6700000| PB 0x00000000b6700000| Untracked 
| 872|0x00000000b6800000, 0x00000000b6800000, 0x00000000b6900000|  0%| F|  |TAMS 0x00000000b6800000| PB 0x00000000b6800000| Untracked 
| 873|0x00000000b6900000, 0x00000000b6900000, 0x00000000b6a00000|  0%| F|  |TAMS 0x00000000b6900000| PB 0x00000000b6900000| Untracked 
| 874|0x00000000b6a00000, 0x00000000b6a00000, 0x00000000b6b00000|  0%| F|  |TAMS 0x00000000b6a00000| PB 0x00000000b6a00000| Untracked 
| 875|0x00000000b6b00000, 0x00000000b6b00000, 0x00000000b6c00000|  0%| F|  |TAMS 0x00000000b6b00000| PB 0x00000000b6b00000| Untracked 
| 876|0x00000000b6c00000, 0x00000000b6c00000, 0x00000000b6d00000|  0%| F|  |TAMS 0x00000000b6c00000| PB 0x00000000b6c00000| Untracked 
| 877|0x00000000b6d00000, 0x00000000b6d00000, 0x00000000b6e00000|  0%| F|  |TAMS 0x00000000b6d00000| PB 0x00000000b6d00000| Untracked 
| 878|0x00000000b6e00000, 0x00000000b6e00000, 0x00000000b6f00000|  0%| F|  |TAMS 0x00000000b6e00000| PB 0x00000000b6e00000| Untracked 
| 879|0x00000000b6f00000, 0x00000000b6f00000, 0x00000000b7000000|  0%| F|  |TAMS 0x00000000b6f00000| PB 0x00000000b6f00000| Untracked 
| 880|0x00000000b7000000, 0x00000000b7000000, 0x00000000b7100000|  0%| F|  |TAMS 0x00000000b7000000| PB 0x00000000b7000000| Untracked 
| 881|0x00000000b7100000, 0x00000000b7100000, 0x00000000b7200000|  0%| F|  |TAMS 0x00000000b7100000| PB 0x00000000b7100000| Untracked 
| 882|0x00000000b7200000, 0x00000000b7200000, 0x00000000b7300000|  0%| F|  |TAMS 0x00000000b7200000| PB 0x00000000b7200000| Untracked 
| 883|0x00000000b7300000, 0x00000000b7300000, 0x00000000b7400000|  0%| F|  |TAMS 0x00000000b7300000| PB 0x00000000b7300000| Untracked 
| 884|0x00000000b7400000, 0x00000000b749f1b0, 0x00000000b7500000| 62%| S|CS|TAMS 0x00000000b7400000| PB 0x00000000b7400000| Complete 
| 885|0x00000000b7500000, 0x00000000b7600000, 0x00000000b7600000|100%| S|CS|TAMS 0x00000000b7500000| PB 0x00000000b7500000| Complete 
| 886|0x00000000b7600000, 0x00000000b7700000, 0x00000000b7700000|100%| S|CS|TAMS 0x00000000b7600000| PB 0x00000000b7600000| Complete 
| 887|0x00000000b7700000, 0x00000000b7800000, 0x00000000b7800000|100%| S|CS|TAMS 0x00000000b7700000| PB 0x00000000b7700000| Complete 
| 888|0x00000000b7800000, 0x00000000b7900000, 0x00000000b7900000|100%| S|CS|TAMS 0x00000000b7800000| PB 0x00000000b7800000| Complete 
| 889|0x00000000b7900000, 0x00000000b7a00000, 0x00000000b7a00000|100%| S|CS|TAMS 0x00000000b7900000| PB 0x00000000b7900000| Complete 
| 890|0x00000000b7a00000, 0x00000000b7b00000, 0x00000000b7b00000|100%| S|CS|TAMS 0x00000000b7a00000| PB 0x00000000b7a00000| Complete 
| 891|0x00000000b7b00000, 0x00000000b7c00000, 0x00000000b7c00000|100%| S|CS|TAMS 0x00000000b7b00000| PB 0x00000000b7b00000| Complete 
| 892|0x00000000b7c00000, 0x00000000b7d00000, 0x00000000b7d00000|100%| S|CS|TAMS 0x00000000b7c00000| PB 0x00000000b7c00000| Complete 
| 893|0x00000000b7d00000, 0x00000000b7e00000, 0x00000000b7e00000|100%| S|CS|TAMS 0x00000000b7d00000| PB 0x00000000b7d00000| Complete 
| 894|0x00000000b7e00000, 0x00000000b7f00000, 0x00000000b7f00000|100%| S|CS|TAMS 0x00000000b7e00000| PB 0x00000000b7e00000| Complete 
| 895|0x00000000b7f00000, 0x00000000b8000000, 0x00000000b8000000|100%| S|CS|TAMS 0x00000000b7f00000| PB 0x00000000b7f00000| Complete 
| 896|0x00000000b8000000, 0x00000000b8100000, 0x00000000b8100000|100%| S|CS|TAMS 0x00000000b8000000| PB 0x00000000b8000000| Complete 
| 897|0x00000000b8100000, 0x00000000b8200000, 0x00000000b8200000|100%| S|CS|TAMS 0x00000000b8100000| PB 0x00000000b8100000| Complete 
| 898|0x00000000b8200000, 0x00000000b8300000, 0x00000000b8300000|100%| S|CS|TAMS 0x00000000b8200000| PB 0x00000000b8200000| Complete 
| 899|0x00000000b8300000, 0x00000000b8400000, 0x00000000b8400000|100%| S|CS|TAMS 0x00000000b8300000| PB 0x00000000b8300000| Complete 
| 900|0x00000000b8400000, 0x00000000b8500000, 0x00000000b8500000|100%| S|CS|TAMS 0x00000000b8400000| PB 0x00000000b8400000| Complete 
| 901|0x00000000b8500000, 0x00000000b8600000, 0x00000000b8600000|100%| S|CS|TAMS 0x00000000b8500000| PB 0x00000000b8500000| Complete 
| 902|0x00000000b8600000, 0x00000000b8700000, 0x00000000b8700000|100%| S|CS|TAMS 0x00000000b8600000| PB 0x00000000b8600000| Complete 
| 903|0x00000000b8700000, 0x00000000b8800000, 0x00000000b8800000|100%| S|CS|TAMS 0x00000000b8700000| PB 0x00000000b8700000| Complete 
| 904|0x00000000b8800000, 0x00000000b8900000, 0x00000000b8900000|100%| S|CS|TAMS 0x00000000b8800000| PB 0x00000000b8800000| Complete 
| 905|0x00000000b8900000, 0x00000000b8a00000, 0x00000000b8a00000|100%| S|CS|TAMS 0x00000000b8900000| PB 0x00000000b8900000| Complete 
| 906|0x00000000b8a00000, 0x00000000b8b00000, 0x00000000b8b00000|100%| S|CS|TAMS 0x00000000b8a00000| PB 0x00000000b8a00000| Complete 
| 907|0x00000000b8b00000, 0x00000000b8c00000, 0x00000000b8c00000|100%| S|CS|TAMS 0x00000000b8b00000| PB 0x00000000b8b00000| Complete 
| 908|0x00000000b8c00000, 0x00000000b8d00000, 0x00000000b8d00000|100%| S|CS|TAMS 0x00000000b8c00000| PB 0x00000000b8c00000| Complete 
| 909|0x00000000b8d00000, 0x00000000b8e00000, 0x00000000b8e00000|100%| S|CS|TAMS 0x00000000b8d00000| PB 0x00000000b8d00000| Complete 
| 910|0x00000000b8e00000, 0x00000000b8f00000, 0x00000000b8f00000|100%| S|CS|TAMS 0x00000000b8e00000| PB 0x00000000b8e00000| Complete 
| 911|0x00000000b8f00000, 0x00000000b9000000, 0x00000000b9000000|100%| S|CS|TAMS 0x00000000b8f00000| PB 0x00000000b8f00000| Complete 
| 912|0x00000000b9000000, 0x00000000b9100000, 0x00000000b9100000|100%| S|CS|TAMS 0x00000000b9000000| PB 0x00000000b9000000| Complete 
| 913|0x00000000b9100000, 0x00000000b9200000, 0x00000000b9200000|100%| S|CS|TAMS 0x00000000b9100000| PB 0x00000000b9100000| Complete 
| 914|0x00000000b9200000, 0x00000000b9300000, 0x00000000b9300000|100%| S|CS|TAMS 0x00000000b9200000| PB 0x00000000b9200000| Complete 
| 915|0x00000000b9300000, 0x00000000b9400000, 0x00000000b9400000|100%| S|CS|TAMS 0x00000000b9300000| PB 0x00000000b9300000| Complete 
| 916|0x00000000b9400000, 0x00000000b9500000, 0x00000000b9500000|100%| S|CS|TAMS 0x00000000b9400000| PB 0x00000000b9400000| Complete 
| 917|0x00000000b9500000, 0x00000000b9600000, 0x00000000b9600000|100%| S|CS|TAMS 0x00000000b9500000| PB 0x00000000b9500000| Complete 
| 918|0x00000000b9600000, 0x00000000b9700000, 0x00000000b9700000|100%| S|CS|TAMS 0x00000000b9600000| PB 0x00000000b9600000| Complete 
| 919|0x00000000b9700000, 0x00000000b9800000, 0x00000000b9800000|100%| S|CS|TAMS 0x00000000b9700000| PB 0x00000000b9700000| Complete 
| 920|0x00000000b9800000, 0x00000000b9900000, 0x00000000b9900000|100%| S|CS|TAMS 0x00000000b9800000| PB 0x00000000b9800000| Complete 
| 921|0x00000000b9900000, 0x00000000b9a00000, 0x00000000b9a00000|100%| S|CS|TAMS 0x00000000b9900000| PB 0x00000000b9900000| Complete 
| 922|0x00000000b9a00000, 0x00000000b9b00000, 0x00000000b9b00000|100%| S|CS|TAMS 0x00000000b9a00000| PB 0x00000000b9a00000| Complete 
| 923|0x00000000b9b00000, 0x00000000b9b00000, 0x00000000b9c00000|  0%| F|  |TAMS 0x00000000b9b00000| PB 0x00000000b9b00000| Untracked 
| 924|0x00000000b9c00000, 0x00000000b9c00000, 0x00000000b9d00000|  0%| F|  |TAMS 0x00000000b9c00000| PB 0x00000000b9c00000| Untracked 
| 925|0x00000000b9d00000, 0x00000000b9d00000, 0x00000000b9e00000|  0%| F|  |TAMS 0x00000000b9d00000| PB 0x00000000b9d00000| Untracked 
| 926|0x00000000b9e00000, 0x00000000b9e00000, 0x00000000b9f00000|  0%| F|  |TAMS 0x00000000b9e00000| PB 0x00000000b9e00000| Untracked 
| 927|0x00000000b9f00000, 0x00000000b9f00000, 0x00000000ba000000|  0%| F|  |TAMS 0x00000000b9f00000| PB 0x00000000b9f00000| Untracked 
| 928|0x00000000ba000000, 0x00000000ba000000, 0x00000000ba100000|  0%| F|  |TAMS 0x00000000ba000000| PB 0x00000000ba000000| Untracked 
| 929|0x00000000ba100000, 0x00000000ba100000, 0x00000000ba200000|  0%| F|  |TAMS 0x00000000ba100000| PB 0x00000000ba100000| Untracked 
| 930|0x00000000ba200000, 0x00000000ba200000, 0x00000000ba300000|  0%| F|  |TAMS 0x00000000ba200000| PB 0x00000000ba200000| Untracked 
| 931|0x00000000ba300000, 0x00000000ba300000, 0x00000000ba400000|  0%| F|  |TAMS 0x00000000ba300000| PB 0x00000000ba300000| Untracked 
| 932|0x00000000ba400000, 0x00000000ba400000, 0x00000000ba500000|  0%| F|  |TAMS 0x00000000ba400000| PB 0x00000000ba400000| Untracked 
| 933|0x00000000ba500000, 0x00000000ba500000, 0x00000000ba600000|  0%| F|  |TAMS 0x00000000ba500000| PB 0x00000000ba500000| Untracked 
| 934|0x00000000ba600000, 0x00000000ba600000, 0x00000000ba700000|  0%| F|  |TAMS 0x00000000ba600000| PB 0x00000000ba600000| Untracked 
| 935|0x00000000ba700000, 0x00000000ba700000, 0x00000000ba800000|  0%| F|  |TAMS 0x00000000ba700000| PB 0x00000000ba700000| Untracked 
| 936|0x00000000ba800000, 0x00000000ba800000, 0x00000000ba900000|  0%| F|  |TAMS 0x00000000ba800000| PB 0x00000000ba800000| Untracked 
| 937|0x00000000ba900000, 0x00000000ba900000, 0x00000000baa00000|  0%| F|  |TAMS 0x00000000ba900000| PB 0x00000000ba900000| Untracked 
| 938|0x00000000baa00000, 0x00000000baa00000, 0x00000000bab00000|  0%| F|  |TAMS 0x00000000baa00000| PB 0x00000000baa00000| Untracked 
| 939|0x00000000bab00000, 0x00000000bab00000, 0x00000000bac00000|  0%| F|  |TAMS 0x00000000bab00000| PB 0x00000000bab00000| Untracked 
| 940|0x00000000bac00000, 0x00000000bac00000, 0x00000000bad00000|  0%| F|  |TAMS 0x00000000bac00000| PB 0x00000000bac00000| Untracked 
| 941|0x00000000bad00000, 0x00000000bad00000, 0x00000000bae00000|  0%| F|  |TAMS 0x00000000bad00000| PB 0x00000000bad00000| Untracked 
| 942|0x00000000bae00000, 0x00000000bae00000, 0x00000000baf00000|  0%| F|  |TAMS 0x00000000bae00000| PB 0x00000000bae00000| Untracked 
| 943|0x00000000baf00000, 0x00000000baf00000, 0x00000000bb000000|  0%| F|  |TAMS 0x00000000baf00000| PB 0x00000000baf00000| Untracked 
| 944|0x00000000bb000000, 0x00000000bb017848, 0x00000000bb100000|  9%| E|  |TAMS 0x00000000bb000000| PB 0x00000000bb000000| Complete 
| 945|0x00000000bb100000, 0x00000000bb200000, 0x00000000bb200000|100%| E|CS|TAMS 0x00000000bb100000| PB 0x00000000bb100000| Complete 
| 946|0x00000000bb200000, 0x00000000bb300000, 0x00000000bb300000|100%| E|CS|TAMS 0x00000000bb200000| PB 0x00000000bb200000| Complete 
| 947|0x00000000bb300000, 0x00000000bb400000, 0x00000000bb400000|100%| E|CS|TAMS 0x00000000bb300000| PB 0x00000000bb300000| Complete 
| 948|0x00000000bb400000, 0x00000000bb500000, 0x00000000bb500000|100%| E|CS|TAMS 0x00000000bb400000| PB 0x00000000bb400000| Complete 
| 949|0x00000000bb500000, 0x00000000bb600000, 0x00000000bb600000|100%| E|CS|TAMS 0x00000000bb500000| PB 0x00000000bb500000| Complete 
| 950|0x00000000bb600000, 0x00000000bb700000, 0x00000000bb700000|100%| E|CS|TAMS 0x00000000bb600000| PB 0x00000000bb600000| Complete 
| 951|0x00000000bb700000, 0x00000000bb800000, 0x00000000bb800000|100%| E|  |TAMS 0x00000000bb700000| PB 0x00000000bb700000| Complete 
| 952|0x00000000bb800000, 0x00000000bb900000, 0x00000000bb900000|100%| E|CS|TAMS 0x00000000bb800000| PB 0x00000000bb800000| Complete 
| 953|0x00000000bb900000, 0x00000000bba00000, 0x00000000bba00000|100%| E|CS|TAMS 0x00000000bb900000| PB 0x00000000bb900000| Complete 
| 954|0x00000000bba00000, 0x00000000bbb00000, 0x00000000bbb00000|100%| E|CS|TAMS 0x00000000bba00000| PB 0x00000000bba00000| Complete 
| 955|0x00000000bbb00000, 0x00000000bbc00000, 0x00000000bbc00000|100%| E|CS|TAMS 0x00000000bbb00000| PB 0x00000000bbb00000| Complete 
| 956|0x00000000bbc00000, 0x00000000bbd00000, 0x00000000bbd00000|100%| E|CS|TAMS 0x00000000bbc00000| PB 0x00000000bbc00000| Complete 
| 957|0x00000000bbd00000, 0x00000000bbe00000, 0x00000000bbe00000|100%| E|CS|TAMS 0x00000000bbd00000| PB 0x00000000bbd00000| Complete 
| 958|0x00000000bbe00000, 0x00000000bbf00000, 0x00000000bbf00000|100%| E|CS|TAMS 0x00000000bbe00000| PB 0x00000000bbe00000| Complete 
| 959|0x00000000bbf00000, 0x00000000bc000000, 0x00000000bc000000|100%| E|CS|TAMS 0x00000000bbf00000| PB 0x00000000bbf00000| Complete 
| 960|0x00000000bc000000, 0x00000000bc100000, 0x00000000bc100000|100%| E|CS|TAMS 0x00000000bc000000| PB 0x00000000bc000000| Complete 
| 961|0x00000000bc100000, 0x00000000bc200000, 0x00000000bc200000|100%| E|CS|TAMS 0x00000000bc100000| PB 0x00000000bc100000| Complete 
| 962|0x00000000bc200000, 0x00000000bc300000, 0x00000000bc300000|100%| E|CS|TAMS 0x00000000bc200000| PB 0x00000000bc200000| Complete 
| 963|0x00000000bc300000, 0x00000000bc400000, 0x00000000bc400000|100%| E|CS|TAMS 0x00000000bc300000| PB 0x00000000bc300000| Complete 
| 964|0x00000000bc400000, 0x00000000bc500000, 0x00000000bc500000|100%| E|CS|TAMS 0x00000000bc400000| PB 0x00000000bc400000| Complete 
| 965|0x00000000bc500000, 0x00000000bc600000, 0x00000000bc600000|100%| E|CS|TAMS 0x00000000bc500000| PB 0x00000000bc500000| Complete 
| 966|0x00000000bc600000, 0x00000000bc700000, 0x00000000bc700000|100%| E|CS|TAMS 0x00000000bc600000| PB 0x00000000bc600000| Complete 
| 967|0x00000000bc700000, 0x00000000bc800000, 0x00000000bc800000|100%| E|CS|TAMS 0x00000000bc700000| PB 0x00000000bc700000| Complete 
| 968|0x00000000bc800000, 0x00000000bc900000, 0x00000000bc900000|100%| E|CS|TAMS 0x00000000bc800000| PB 0x00000000bc800000| Complete 
| 969|0x00000000bc900000, 0x00000000bca00000, 0x00000000bca00000|100%| E|CS|TAMS 0x00000000bc900000| PB 0x00000000bc900000| Complete 
| 970|0x00000000bca00000, 0x00000000bcb00000, 0x00000000bcb00000|100%| E|CS|TAMS 0x00000000bca00000| PB 0x00000000bca00000| Complete 
| 971|0x00000000bcb00000, 0x00000000bcc00000, 0x00000000bcc00000|100%| E|CS|TAMS 0x00000000bcb00000| PB 0x00000000bcb00000| Complete 
| 972|0x00000000bcc00000, 0x00000000bcd00000, 0x00000000bcd00000|100%| E|CS|TAMS 0x00000000bcc00000| PB 0x00000000bcc00000| Complete 
| 973|0x00000000bcd00000, 0x00000000bce00000, 0x00000000bce00000|100%| E|CS|TAMS 0x00000000bcd00000| PB 0x00000000bcd00000| Complete 
|1853|0x00000000f3d00000, 0x00000000f3e00000, 0x00000000f3e00000|100%| E|CS|TAMS 0x00000000f3d00000| PB 0x00000000f3d00000| Complete 
|1854|0x00000000f3e00000, 0x00000000f3f00000, 0x00000000f3f00000|100%| E|CS|TAMS 0x00000000f3e00000| PB 0x00000000f3e00000| Complete 
|1855|0x00000000f3f00000, 0x00000000f4000000, 0x00000000f4000000|100%| E|CS|TAMS 0x00000000f3f00000| PB 0x00000000f3f00000| Complete 
|1856|0x00000000f4000000, 0x00000000f4100000, 0x00000000f4100000|100%| O|  |TAMS 0x00000000f4100000| PB 0x00000000f4000000| Untracked 
|1857|0x00000000f4100000, 0x00000000f4200000, 0x00000000f4200000|100%| O|  |TAMS 0x00000000f4200000| PB 0x00000000f4100000| Untracked 
|1858|0x00000000f4200000, 0x00000000f4300000, 0x00000000f4300000|100%| O|  |TAMS 0x00000000f4300000| PB 0x00000000f4200000| Untracked 
|1859|0x00000000f4300000, 0x00000000f4400000, 0x00000000f4400000|100%| O|  |TAMS 0x00000000f4400000| PB 0x00000000f4300000| Untracked 
|1860|0x00000000f4400000, 0x00000000f4500000, 0x00000000f4500000|100%| O|  |TAMS 0x00000000f4500000| PB 0x00000000f4400000| Untracked 
|1861|0x00000000f4500000, 0x00000000f4600000, 0x00000000f4600000|100%| O|  |TAMS 0x00000000f4600000| PB 0x00000000f4500000| Untracked 
|1862|0x00000000f4600000, 0x00000000f4700000, 0x00000000f4700000|100%| O|  |TAMS 0x00000000f4700000| PB 0x00000000f4600000| Untracked 
|1863|0x00000000f4700000, 0x00000000f4800000, 0x00000000f4800000|100%| O|  |TAMS 0x00000000f4800000| PB 0x00000000f4700000| Untracked 
|1864|0x00000000f4800000, 0x00000000f4900000, 0x00000000f4900000|100%| O|  |TAMS 0x00000000f4900000| PB 0x00000000f4800000| Untracked 
|1865|0x00000000f4900000, 0x00000000f4a00000, 0x00000000f4a00000|100%| O|  |TAMS 0x00000000f4a00000| PB 0x00000000f4900000| Untracked 
|1866|0x00000000f4a00000, 0x00000000f4b00000, 0x00000000f4b00000|100%| O|  |TAMS 0x00000000f4b00000| PB 0x00000000f4a00000| Untracked 
|1867|0x00000000f4b00000, 0x00000000f4c00000, 0x00000000f4c00000|100%| O|  |TAMS 0x00000000f4c00000| PB 0x00000000f4b00000| Untracked 
|1868|0x00000000f4c00000, 0x00000000f4d00000, 0x00000000f4d00000|100%| O|  |TAMS 0x00000000f4d00000| PB 0x00000000f4c00000| Untracked 
|1869|0x00000000f4d00000, 0x00000000f4e00000, 0x00000000f4e00000|100%| O|  |TAMS 0x00000000f4e00000| PB 0x00000000f4d00000| Untracked 
|1870|0x00000000f4e00000, 0x00000000f4f00000, 0x00000000f4f00000|100%| O|  |TAMS 0x00000000f4f00000| PB 0x00000000f4e00000| Untracked 
|1871|0x00000000f4f00000, 0x00000000f5000000, 0x00000000f5000000|100%| O|  |TAMS 0x00000000f5000000| PB 0x00000000f4f00000| Untracked 
|1872|0x00000000f5000000, 0x00000000f5100000, 0x00000000f5100000|100%| O|  |TAMS 0x00000000f5100000| PB 0x00000000f5000000| Untracked 
|1873|0x00000000f5100000, 0x00000000f5200000, 0x00000000f5200000|100%| O|  |TAMS 0x00000000f5200000| PB 0x00000000f5100000| Untracked 
|1874|0x00000000f5200000, 0x00000000f5300000, 0x00000000f5300000|100%| O|  |TAMS 0x00000000f5300000| PB 0x00000000f5200000| Untracked 
|1875|0x00000000f5300000, 0x00000000f5400000, 0x00000000f5400000|100%| O|  |TAMS 0x00000000f5400000| PB 0x00000000f5300000| Untracked 
|1876|0x00000000f5400000, 0x00000000f5500000, 0x00000000f5500000|100%| O|  |TAMS 0x00000000f5500000| PB 0x00000000f5400000| Untracked 
|1877|0x00000000f5500000, 0x00000000f5600000, 0x00000000f5600000|100%| O|  |TAMS 0x00000000f5600000| PB 0x00000000f5500000| Untracked 
|1878|0x00000000f5600000, 0x00000000f5700000, 0x00000000f5700000|100%| O|  |TAMS 0x00000000f5700000| PB 0x00000000f5600000| Untracked 
|1879|0x00000000f5700000, 0x00000000f5800000, 0x00000000f5800000|100%| O|  |TAMS 0x00000000f5800000| PB 0x00000000f5700000| Untracked 
|1880|0x00000000f5800000, 0x00000000f5900000, 0x00000000f5900000|100%| O|  |TAMS 0x00000000f5900000| PB 0x00000000f5800000| Untracked 
|1881|0x00000000f5900000, 0x00000000f5a00000, 0x00000000f5a00000|100%| O|  |TAMS 0x00000000f5a00000| PB 0x00000000f5900000| Untracked 
|1882|0x00000000f5a00000, 0x00000000f5b00000, 0x00000000f5b00000|100%| O|  |TAMS 0x00000000f5b00000| PB 0x00000000f5a00000| Untracked 
|1883|0x00000000f5b00000, 0x00000000f5c00000, 0x00000000f5c00000|100%| O|  |TAMS 0x00000000f5c00000| PB 0x00000000f5b00000| Untracked 
|1884|0x00000000f5c00000, 0x00000000f5d00000, 0x00000000f5d00000|100%| O|  |TAMS 0x00000000f5d00000| PB 0x00000000f5c00000| Untracked 
|1885|0x00000000f5d00000, 0x00000000f5e00000, 0x00000000f5e00000|100%| O|  |TAMS 0x00000000f5e00000| PB 0x00000000f5d00000| Untracked 
|1886|0x00000000f5e00000, 0x00000000f5f00000, 0x00000000f5f00000|100%| O|  |TAMS 0x00000000f5f00000| PB 0x00000000f5e00000| Untracked 
|1887|0x00000000f5f00000, 0x00000000f6000000, 0x00000000f6000000|100%| O|  |TAMS 0x00000000f6000000| PB 0x00000000f5f00000| Untracked 
|1888|0x00000000f6000000, 0x00000000f6100000, 0x00000000f6100000|100%| O|  |TAMS 0x00000000f6100000| PB 0x00000000f6000000| Untracked 
|1889|0x00000000f6100000, 0x00000000f6200000, 0x00000000f6200000|100%| O|  |TAMS 0x00000000f6200000| PB 0x00000000f6100000| Untracked 
|1890|0x00000000f6200000, 0x00000000f6300000, 0x00000000f6300000|100%| O|  |TAMS 0x00000000f6300000| PB 0x00000000f6200000| Untracked 
|1891|0x00000000f6300000, 0x00000000f6400000, 0x00000000f6400000|100%| O|  |TAMS 0x00000000f6400000| PB 0x00000000f6300000| Untracked 
|1892|0x00000000f6400000, 0x00000000f6500000, 0x00000000f6500000|100%| O|  |TAMS 0x00000000f6500000| PB 0x00000000f6400000| Untracked 
|1893|0x00000000f6500000, 0x00000000f6600000, 0x00000000f6600000|100%| O|  |TAMS 0x00000000f6600000| PB 0x00000000f6500000| Untracked 
|1894|0x00000000f6600000, 0x00000000f6700000, 0x00000000f6700000|100%| O|  |TAMS 0x00000000f6700000| PB 0x00000000f6600000| Untracked 
|1895|0x00000000f6700000, 0x00000000f6800000, 0x00000000f6800000|100%| O|  |TAMS 0x00000000f6800000| PB 0x00000000f6700000| Untracked 
|1896|0x00000000f6800000, 0x00000000f6900000, 0x00000000f6900000|100%| O|  |TAMS 0x00000000f6900000| PB 0x00000000f6800000| Untracked 
|1897|0x00000000f6900000, 0x00000000f6a00000, 0x00000000f6a00000|100%| O|  |TAMS 0x00000000f6a00000| PB 0x00000000f6900000| Untracked 
|1898|0x00000000f6a00000, 0x00000000f6b00000, 0x00000000f6b00000|100%| O|  |TAMS 0x00000000f6b00000| PB 0x00000000f6a00000| Untracked 
|1899|0x00000000f6b00000, 0x00000000f6c00000, 0x00000000f6c00000|100%| O|  |TAMS 0x00000000f6c00000| PB 0x00000000f6b00000| Untracked 
|1900|0x00000000f6c00000, 0x00000000f6d00000, 0x00000000f6d00000|100%| O|  |TAMS 0x00000000f6d00000| PB 0x00000000f6c00000| Untracked 
|1901|0x00000000f6d00000, 0x00000000f6e00000, 0x00000000f6e00000|100%| O|  |TAMS 0x00000000f6e00000| PB 0x00000000f6d00000| Untracked 
|1902|0x00000000f6e00000, 0x00000000f6f00000, 0x00000000f6f00000|100%| O|  |TAMS 0x00000000f6f00000| PB 0x00000000f6e00000| Untracked 
|1903|0x00000000f6f00000, 0x00000000f7000000, 0x00000000f7000000|100%| O|  |TAMS 0x00000000f7000000| PB 0x00000000f6f00000| Untracked 
|1904|0x00000000f7000000, 0x00000000f7100000, 0x00000000f7100000|100%| O|  |TAMS 0x00000000f7100000| PB 0x00000000f7000000| Untracked 
|1905|0x00000000f7100000, 0x00000000f7200000, 0x00000000f7200000|100%| O|  |TAMS 0x00000000f7200000| PB 0x00000000f7100000| Untracked 
|1906|0x00000000f7200000, 0x00000000f7300000, 0x00000000f7300000|100%| O|  |TAMS 0x00000000f7300000| PB 0x00000000f7200000| Untracked 
|1907|0x00000000f7300000, 0x00000000f7400000, 0x00000000f7400000|100%| O|  |TAMS 0x00000000f7400000| PB 0x00000000f7300000| Untracked 
|1908|0x00000000f7400000, 0x00000000f7500000, 0x00000000f7500000|100%| O|  |TAMS 0x00000000f7500000| PB 0x00000000f7400000| Untracked 
|1909|0x00000000f7500000, 0x00000000f7600000, 0x00000000f7600000|100%| O|  |TAMS 0x00000000f7600000| PB 0x00000000f7500000| Untracked 
|1910|0x00000000f7600000, 0x00000000f7700000, 0x00000000f7700000|100%| O|  |TAMS 0x00000000f7700000| PB 0x00000000f7600000| Untracked 
|1911|0x00000000f7700000, 0x00000000f7800000, 0x00000000f7800000|100%| O|  |TAMS 0x00000000f7800000| PB 0x00000000f7700000| Untracked 
|1912|0x00000000f7800000, 0x00000000f7900000, 0x00000000f7900000|100%| O|  |TAMS 0x00000000f7900000| PB 0x00000000f7800000| Untracked 
|1913|0x00000000f7900000, 0x00000000f7a00000, 0x00000000f7a00000|100%| O|  |TAMS 0x00000000f7a00000| PB 0x00000000f7900000| Untracked 
|1914|0x00000000f7a00000, 0x00000000f7b00000, 0x00000000f7b00000|100%| O|  |TAMS 0x00000000f7b00000| PB 0x00000000f7a00000| Untracked 
|1915|0x00000000f7b00000, 0x00000000f7c00000, 0x00000000f7c00000|100%| O|  |TAMS 0x00000000f7c00000| PB 0x00000000f7b00000| Untracked 
|1916|0x00000000f7c00000, 0x00000000f7d00000, 0x00000000f7d00000|100%| O|  |TAMS 0x00000000f7d00000| PB 0x00000000f7c00000| Untracked 
|1917|0x00000000f7d00000, 0x00000000f7e00000, 0x00000000f7e00000|100%| O|  |TAMS 0x00000000f7e00000| PB 0x00000000f7d00000| Untracked 
|1918|0x00000000f7e00000, 0x00000000f7f00000, 0x00000000f7f00000|100%| O|  |TAMS 0x00000000f7f00000| PB 0x00000000f7e00000| Untracked 
|1919|0x00000000f7f00000, 0x00000000f8000000, 0x00000000f8000000|100%| O|  |TAMS 0x00000000f8000000| PB 0x00000000f7f00000| Untracked 
|1920|0x00000000f8000000, 0x00000000f8100000, 0x00000000f8100000|100%| O|  |TAMS 0x00000000f8100000| PB 0x00000000f8000000| Untracked 
|1921|0x00000000f8100000, 0x00000000f8200000, 0x00000000f8200000|100%| O|  |TAMS 0x00000000f8200000| PB 0x00000000f8100000| Untracked 
|1922|0x00000000f8200000, 0x00000000f8300000, 0x00000000f8300000|100%| O|  |TAMS 0x00000000f8300000| PB 0x00000000f8200000| Untracked 
|1923|0x00000000f8300000, 0x00000000f8400000, 0x00000000f8400000|100%| O|  |TAMS 0x00000000f8400000| PB 0x00000000f8300000| Untracked 
|1924|0x00000000f8400000, 0x00000000f8500000, 0x00000000f8500000|100%| O|  |TAMS 0x00000000f8500000| PB 0x00000000f8400000| Untracked 
|1925|0x00000000f8500000, 0x00000000f8600000, 0x00000000f8600000|100%| O|  |TAMS 0x00000000f8600000| PB 0x00000000f8500000| Untracked 
|1926|0x00000000f8600000, 0x00000000f8700000, 0x00000000f8700000|100%| O|  |TAMS 0x00000000f8700000| PB 0x00000000f8600000| Untracked 
|1927|0x00000000f8700000, 0x00000000f8800000, 0x00000000f8800000|100%| O|  |TAMS 0x00000000f8800000| PB 0x00000000f8700000| Untracked 
|1928|0x00000000f8800000, 0x00000000f8900000, 0x00000000f8900000|100%| O|  |TAMS 0x00000000f8900000| PB 0x00000000f8800000| Untracked 
|1929|0x00000000f8900000, 0x00000000f8a00000, 0x00000000f8a00000|100%| O|  |TAMS 0x00000000f8a00000| PB 0x00000000f8900000| Untracked 
|1930|0x00000000f8a00000, 0x00000000f8b00000, 0x00000000f8b00000|100%| O|  |TAMS 0x00000000f8b00000| PB 0x00000000f8a00000| Untracked 
|1931|0x00000000f8b00000, 0x00000000f8c00000, 0x00000000f8c00000|100%| O|  |TAMS 0x00000000f8c00000| PB 0x00000000f8b00000| Untracked 
|1932|0x00000000f8c00000, 0x00000000f8d00000, 0x00000000f8d00000|100%| O|  |TAMS 0x00000000f8d00000| PB 0x00000000f8c00000| Untracked 
|1933|0x00000000f8d00000, 0x00000000f8e00000, 0x00000000f8e00000|100%| O|  |TAMS 0x00000000f8e00000| PB 0x00000000f8d00000| Untracked 
|1934|0x00000000f8e00000, 0x00000000f8f00000, 0x00000000f8f00000|100%| O|  |TAMS 0x00000000f8f00000| PB 0x00000000f8e00000| Untracked 
|1935|0x00000000f8f00000, 0x00000000f9000000, 0x00000000f9000000|100%| O|  |TAMS 0x00000000f9000000| PB 0x00000000f8f00000| Untracked 
|1936|0x00000000f9000000, 0x00000000f9100000, 0x00000000f9100000|100%| O|  |TAMS 0x00000000f9100000| PB 0x00000000f9000000| Untracked 
|1937|0x00000000f9100000, 0x00000000f9200000, 0x00000000f9200000|100%| O|  |TAMS 0x00000000f9200000| PB 0x00000000f9100000| Untracked 
|1938|0x00000000f9200000, 0x00000000f9300000, 0x00000000f9300000|100%| O|  |TAMS 0x00000000f9300000| PB 0x00000000f9200000| Untracked 
|1939|0x00000000f9300000, 0x00000000f9400000, 0x00000000f9400000|100%| O|  |TAMS 0x00000000f9400000| PB 0x00000000f9300000| Untracked 
|1940|0x00000000f9400000, 0x00000000f9500000, 0x00000000f9500000|100%| O|  |TAMS 0x00000000f9500000| PB 0x00000000f9400000| Untracked 
|1941|0x00000000f9500000, 0x00000000f9600000, 0x00000000f9600000|100%| O|  |TAMS 0x00000000f9600000| PB 0x00000000f9500000| Untracked 
|1942|0x00000000f9600000, 0x00000000f9700000, 0x00000000f9700000|100%| O|  |TAMS 0x00000000f9700000| PB 0x00000000f9600000| Untracked 
|1943|0x00000000f9700000, 0x00000000f9800000, 0x00000000f9800000|100%| O|  |TAMS 0x00000000f9800000| PB 0x00000000f9700000| Untracked 
|1944|0x00000000f9800000, 0x00000000f9900000, 0x00000000f9900000|100%| O|  |TAMS 0x00000000f9900000| PB 0x00000000f9800000| Untracked 
|1945|0x00000000f9900000, 0x00000000f9a00000, 0x00000000f9a00000|100%| O|  |TAMS 0x00000000f9a00000| PB 0x00000000f9900000| Untracked 
|1946|0x00000000f9a00000, 0x00000000f9b00000, 0x00000000f9b00000|100%| O|  |TAMS 0x00000000f9b00000| PB 0x00000000f9a00000| Untracked 
|1947|0x00000000f9b00000, 0x00000000f9c00000, 0x00000000f9c00000|100%| O|  |TAMS 0x00000000f9c00000| PB 0x00000000f9b00000| Untracked 
|1948|0x00000000f9c00000, 0x00000000f9d00000, 0x00000000f9d00000|100%| O|  |TAMS 0x00000000f9d00000| PB 0x00000000f9c00000| Untracked 
|1949|0x00000000f9d00000, 0x00000000f9e00000, 0x00000000f9e00000|100%| O|  |TAMS 0x00000000f9e00000| PB 0x00000000f9d00000| Untracked 
|1950|0x00000000f9e00000, 0x00000000f9f00000, 0x00000000f9f00000|100%| O|  |TAMS 0x00000000f9f00000| PB 0x00000000f9e00000| Untracked 
|1951|0x00000000f9f00000, 0x00000000fa000000, 0x00000000fa000000|100%| O|  |TAMS 0x00000000fa000000| PB 0x00000000f9f00000| Untracked 
|1952|0x00000000fa000000, 0x00000000fa100000, 0x00000000fa100000|100%| O|  |TAMS 0x00000000fa100000| PB 0x00000000fa000000| Untracked 
|1953|0x00000000fa100000, 0x00000000fa200000, 0x00000000fa200000|100%| O|  |TAMS 0x00000000fa200000| PB 0x00000000fa100000| Untracked 
|1954|0x00000000fa200000, 0x00000000fa300000, 0x00000000fa300000|100%| O|  |TAMS 0x00000000fa300000| PB 0x00000000fa200000| Untracked 
|1955|0x00000000fa300000, 0x00000000fa400000, 0x00000000fa400000|100%| O|  |TAMS 0x00000000fa400000| PB 0x00000000fa300000| Untracked 
|1956|0x00000000fa400000, 0x00000000fa500000, 0x00000000fa500000|100%| O|  |TAMS 0x00000000fa500000| PB 0x00000000fa400000| Untracked 
|1957|0x00000000fa500000, 0x00000000fa600000, 0x00000000fa600000|100%| O|  |TAMS 0x00000000fa600000| PB 0x00000000fa500000| Untracked 
|1958|0x00000000fa600000, 0x00000000fa700000, 0x00000000fa700000|100%| O|  |TAMS 0x00000000fa700000| PB 0x00000000fa600000| Untracked 
|1959|0x00000000fa700000, 0x00000000fa800000, 0x00000000fa800000|100%| O|  |TAMS 0x00000000fa800000| PB 0x00000000fa700000| Untracked 
|1960|0x00000000fa800000, 0x00000000fa900000, 0x00000000fa900000|100%| O|  |TAMS 0x00000000fa900000| PB 0x00000000fa800000| Untracked 
|1961|0x00000000fa900000, 0x00000000faa00000, 0x00000000faa00000|100%| O|  |TAMS 0x00000000faa00000| PB 0x00000000fa900000| Untracked 
|1962|0x00000000faa00000, 0x00000000fab00000, 0x00000000fab00000|100%| O|  |TAMS 0x00000000fab00000| PB 0x00000000faa00000| Untracked 
|1963|0x00000000fab00000, 0x00000000fac00000, 0x00000000fac00000|100%| O|  |TAMS 0x00000000fac00000| PB 0x00000000fab00000| Untracked 
|1964|0x00000000fac00000, 0x00000000fad00000, 0x00000000fad00000|100%| O|  |TAMS 0x00000000fad00000| PB 0x00000000fac00000| Untracked 
|1965|0x00000000fad00000, 0x00000000fae00000, 0x00000000fae00000|100%| O|  |TAMS 0x00000000fae00000| PB 0x00000000fad00000| Untracked 
|1966|0x00000000fae00000, 0x00000000faf00000, 0x00000000faf00000|100%| O|  |TAMS 0x00000000faf00000| PB 0x00000000fae00000| Untracked 
|1967|0x00000000faf00000, 0x00000000fb000000, 0x00000000fb000000|100%| O|  |TAMS 0x00000000fb000000| PB 0x00000000faf00000| Untracked 
|1968|0x00000000fb000000, 0x00000000fb100000, 0x00000000fb100000|100%| O|  |TAMS 0x00000000fb100000| PB 0x00000000fb000000| Untracked 
|1969|0x00000000fb100000, 0x00000000fb200000, 0x00000000fb200000|100%| O|  |TAMS 0x00000000fb200000| PB 0x00000000fb100000| Untracked 
|1970|0x00000000fb200000, 0x00000000fb300000, 0x00000000fb300000|100%| O|  |TAMS 0x00000000fb300000| PB 0x00000000fb200000| Untracked 
|1971|0x00000000fb300000, 0x00000000fb400000, 0x00000000fb400000|100%| O|  |TAMS 0x00000000fb400000| PB 0x00000000fb300000| Untracked 
|1972|0x00000000fb400000, 0x00000000fb500000, 0x00000000fb500000|100%| O|  |TAMS 0x00000000fb500000| PB 0x00000000fb400000| Untracked 
|1973|0x00000000fb500000, 0x00000000fb600000, 0x00000000fb600000|100%| O|  |TAMS 0x00000000fb600000| PB 0x00000000fb500000| Untracked 
|1974|0x00000000fb600000, 0x00000000fb700000, 0x00000000fb700000|100%| O|  |TAMS 0x00000000fb700000| PB 0x00000000fb600000| Untracked 
|1975|0x00000000fb700000, 0x00000000fb800000, 0x00000000fb800000|100%| O|  |TAMS 0x00000000fb800000| PB 0x00000000fb700000| Untracked 
|1976|0x00000000fb800000, 0x00000000fb900000, 0x00000000fb900000|100%| O|  |TAMS 0x00000000fb900000| PB 0x00000000fb800000| Untracked 
|1977|0x00000000fb900000, 0x00000000fba00000, 0x00000000fba00000|100%| O|  |TAMS 0x00000000fba00000| PB 0x00000000fb900000| Untracked 
|1978|0x00000000fba00000, 0x00000000fbb00000, 0x00000000fbb00000|100%| O|  |TAMS 0x00000000fbb00000| PB 0x00000000fba00000| Untracked 
|1979|0x00000000fbb00000, 0x00000000fbc00000, 0x00000000fbc00000|100%| O|  |TAMS 0x00000000fbc00000| PB 0x00000000fbb00000| Untracked 
|1980|0x00000000fbc00000, 0x00000000fbd00000, 0x00000000fbd00000|100%| O|  |TAMS 0x00000000fbd00000| PB 0x00000000fbc00000| Untracked 
|1981|0x00000000fbd00000, 0x00000000fbe00000, 0x00000000fbe00000|100%| O|  |TAMS 0x00000000fbe00000| PB 0x00000000fbd00000| Untracked 
|1982|0x00000000fbe00000, 0x00000000fbf00000, 0x00000000fbf00000|100%| O|  |TAMS 0x00000000fbf00000| PB 0x00000000fbe00000| Untracked 
|1983|0x00000000fbf00000, 0x00000000fc000000, 0x00000000fc000000|100%| O|  |TAMS 0x00000000fc000000| PB 0x00000000fbf00000| Untracked 
|1984|0x00000000fc000000, 0x00000000fc100000, 0x00000000fc100000|100%| O|  |TAMS 0x00000000fc100000| PB 0x00000000fc000000| Untracked 
|1985|0x00000000fc100000, 0x00000000fc200000, 0x00000000fc200000|100%| O|  |TAMS 0x00000000fc200000| PB 0x00000000fc100000| Untracked 
|1986|0x00000000fc200000, 0x00000000fc300000, 0x00000000fc300000|100%| O|  |TAMS 0x00000000fc300000| PB 0x00000000fc200000| Untracked 
|1987|0x00000000fc300000, 0x00000000fc400000, 0x00000000fc400000|100%| E|CS|TAMS 0x00000000fc300000| PB 0x00000000fc300000| Complete 
|1988|0x00000000fc400000, 0x00000000fc500000, 0x00000000fc500000|100%| E|CS|TAMS 0x00000000fc400000| PB 0x00000000fc400000| Complete 
|1989|0x00000000fc500000, 0x00000000fc600000, 0x00000000fc600000|100%| E|CS|TAMS 0x00000000fc500000| PB 0x00000000fc500000| Complete 
|1990|0x00000000fc600000, 0x00000000fc700000, 0x00000000fc700000|100%| E|CS|TAMS 0x00000000fc600000| PB 0x00000000fc600000| Complete 
|1991|0x00000000fc700000, 0x00000000fc800000, 0x00000000fc800000|100%| E|CS|TAMS 0x00000000fc700000| PB 0x00000000fc700000| Complete 
|1992|0x00000000fc800000, 0x00000000fc900000, 0x00000000fc900000|100%| E|CS|TAMS 0x00000000fc800000| PB 0x00000000fc800000| Complete 
|1993|0x00000000fc900000, 0x00000000fca00000, 0x00000000fca00000|100%| O|  |TAMS 0x00000000fca00000| PB 0x00000000fc900000| Untracked 
|1994|0x00000000fca00000, 0x00000000fcb00000, 0x00000000fcb00000|100%| O|  |TAMS 0x00000000fcb00000| PB 0x00000000fca00000| Untracked 
|1995|0x00000000fcb00000, 0x00000000fcc00000, 0x00000000fcc00000|100%| O|  |TAMS 0x00000000fcc00000| PB 0x00000000fcb00000| Untracked 
|1996|0x00000000fcc00000, 0x00000000fcd00000, 0x00000000fcd00000|100%| O|  |TAMS 0x00000000fcd00000| PB 0x00000000fcc00000| Untracked 
|1997|0x00000000fcd00000, 0x00000000fce00000, 0x00000000fce00000|100%| O|  |TAMS 0x00000000fce00000| PB 0x00000000fcd00000| Untracked 
|1998|0x00000000fce00000, 0x00000000fcf00000, 0x00000000fcf00000|100%| O|  |TAMS 0x00000000fcf00000| PB 0x00000000fce00000| Untracked 
|1999|0x00000000fcf00000, 0x00000000fd000000, 0x00000000fd000000|100%| O|  |TAMS 0x00000000fd000000| PB 0x00000000fcf00000| Untracked 
|2000|0x00000000fd000000, 0x00000000fd100000, 0x00000000fd100000|100%| O|  |TAMS 0x00000000fd100000| PB 0x00000000fd000000| Untracked 
|2001|0x00000000fd100000, 0x00000000fd200000, 0x00000000fd200000|100%| O|  |TAMS 0x00000000fd200000| PB 0x00000000fd100000| Untracked 
|2002|0x00000000fd200000, 0x00000000fd300000, 0x00000000fd300000|100%| O|  |TAMS 0x00000000fd300000| PB 0x00000000fd200000| Untracked 
|2003|0x00000000fd300000, 0x00000000fd400000, 0x00000000fd400000|100%| O|  |TAMS 0x00000000fd400000| PB 0x00000000fd300000| Untracked 
|2004|0x00000000fd400000, 0x00000000fd500000, 0x00000000fd500000|100%| O|  |TAMS 0x00000000fd500000| PB 0x00000000fd400000| Untracked 
|2005|0x00000000fd500000, 0x00000000fd600000, 0x00000000fd600000|100%| O|  |TAMS 0x00000000fd600000| PB 0x00000000fd500000| Untracked 
|2006|0x00000000fd600000, 0x00000000fd700000, 0x00000000fd700000|100%| O|  |TAMS 0x00000000fd700000| PB 0x00000000fd600000| Untracked 
|2007|0x00000000fd700000, 0x00000000fd800000, 0x00000000fd800000|100%| O|  |TAMS 0x00000000fd800000| PB 0x00000000fd700000| Untracked 
|2008|0x00000000fd800000, 0x00000000fd900000, 0x00000000fd900000|100%| O|  |TAMS 0x00000000fd900000| PB 0x00000000fd800000| Untracked 
|2009|0x00000000fd900000, 0x00000000fda00000, 0x00000000fda00000|100%| O|  |TAMS 0x00000000fda00000| PB 0x00000000fd900000| Untracked 
|2010|0x00000000fda00000, 0x00000000fdb00000, 0x00000000fdb00000|100%| O|  |TAMS 0x00000000fdb00000| PB 0x00000000fda00000| Untracked 
|2011|0x00000000fdb00000, 0x00000000fdc00000, 0x00000000fdc00000|100%| O|  |TAMS 0x00000000fdc00000| PB 0x00000000fdb00000| Untracked 
|2012|0x00000000fdc00000, 0x00000000fdd00000, 0x00000000fdd00000|100%| O|  |TAMS 0x00000000fdd00000| PB 0x00000000fdc00000| Untracked 
|2013|0x00000000fdd00000, 0x00000000fde00000, 0x00000000fde00000|100%| O|  |TAMS 0x00000000fde00000| PB 0x00000000fdd00000| Untracked 
|2014|0x00000000fde00000, 0x00000000fdf00000, 0x00000000fdf00000|100%| O|  |TAMS 0x00000000fdf00000| PB 0x00000000fde00000| Untracked 
|2015|0x00000000fdf00000, 0x00000000fe000000, 0x00000000fe000000|100%| O|  |TAMS 0x00000000fe000000| PB 0x00000000fdf00000| Untracked 
|2016|0x00000000fe000000, 0x00000000fe100000, 0x00000000fe100000|100%| O|  |TAMS 0x00000000fe100000| PB 0x00000000fe000000| Untracked 
|2017|0x00000000fe100000, 0x00000000fe200000, 0x00000000fe200000|100%| O|  |TAMS 0x00000000fe200000| PB 0x00000000fe100000| Untracked 
|2018|0x00000000fe200000, 0x00000000fe300000, 0x00000000fe300000|100%| O|  |TAMS 0x00000000fe300000| PB 0x00000000fe200000| Untracked 
|2019|0x00000000fe300000, 0x00000000fe400000, 0x00000000fe400000|100%| O|  |TAMS 0x00000000fe400000| PB 0x00000000fe300000| Untracked 
|2020|0x00000000fe400000, 0x00000000fe500000, 0x00000000fe500000|100%| O|  |TAMS 0x00000000fe500000| PB 0x00000000fe400000| Untracked 
|2021|0x00000000fe500000, 0x00000000fe600000, 0x00000000fe600000|100%| O|  |TAMS 0x00000000fe600000| PB 0x00000000fe500000| Untracked 
|2022|0x00000000fe600000, 0x00000000fe700000, 0x00000000fe700000|100%| O|  |TAMS 0x00000000fe700000| PB 0x00000000fe600000| Untracked 
|2023|0x00000000fe700000, 0x00000000fe800000, 0x00000000fe800000|100%| O|  |TAMS 0x00000000fe800000| PB 0x00000000fe700000| Untracked 
|2024|0x00000000fe800000, 0x00000000fe900000, 0x00000000fe900000|100%| O|  |TAMS 0x00000000fe900000| PB 0x00000000fe800000| Untracked 
|2025|0x00000000fe900000, 0x00000000fea00000, 0x00000000fea00000|100%| O|  |TAMS 0x00000000fea00000| PB 0x00000000fe900000| Untracked 
|2026|0x00000000fea00000, 0x00000000feb00000, 0x00000000feb00000|100%| O|  |TAMS 0x00000000feb00000| PB 0x00000000fea00000| Untracked 
|2027|0x00000000feb00000, 0x00000000fec00000, 0x00000000fec00000|100%| O|  |TAMS 0x00000000fec00000| PB 0x00000000feb00000| Untracked 
|2028|0x00000000fec00000, 0x00000000fed00000, 0x00000000fed00000|100%| O|  |TAMS 0x00000000fed00000| PB 0x00000000fec00000| Untracked 
|2029|0x00000000fed00000, 0x00000000fee00000, 0x00000000fee00000|100%| O|  |TAMS 0x00000000fee00000| PB 0x00000000fed00000| Untracked 
|2030|0x00000000fee00000, 0x00000000fef00000, 0x00000000fef00000|100%| O|  |TAMS 0x00000000fef00000| PB 0x00000000fee00000| Untracked 
|2031|0x00000000fef00000, 0x00000000ff000000, 0x00000000ff000000|100%| O|  |TAMS 0x00000000ff000000| PB 0x00000000fef00000| Untracked 
|2032|0x00000000ff000000, 0x00000000ff100000, 0x00000000ff100000|100%| O|  |TAMS 0x00000000ff100000| PB 0x00000000ff000000| Untracked 
|2033|0x00000000ff100000, 0x00000000ff200000, 0x00000000ff200000|100%| O|  |TAMS 0x00000000ff200000| PB 0x00000000ff100000| Untracked 
|2034|0x00000000ff200000, 0x00000000ff300000, 0x00000000ff300000|100%| E|CS|TAMS 0x00000000ff200000| PB 0x00000000ff200000| Complete 
|2035|0x00000000ff300000, 0x00000000ff400000, 0x00000000ff400000|100%| O|  |TAMS 0x00000000ff400000| PB 0x00000000ff300000| Untracked 
|2036|0x00000000ff400000, 0x00000000ff500000, 0x00000000ff500000|100%| O|  |TAMS 0x00000000ff500000| PB 0x00000000ff400000| Untracked 
|2037|0x00000000ff500000, 0x00000000ff600000, 0x00000000ff600000|100%| E|CS|TAMS 0x00000000ff500000| PB 0x00000000ff500000| Complete 
|2038|0x00000000ff600000, 0x00000000ff700000, 0x00000000ff700000|100%| E|CS|TAMS 0x00000000ff600000| PB 0x00000000ff600000| Complete 
|2039|0x00000000ff700000, 0x00000000ff800000, 0x00000000ff800000|100%| E|CS|TAMS 0x00000000ff700000| PB 0x00000000ff700000| Complete 
|2040|0x00000000ff800000, 0x00000000ff900000, 0x00000000ff900000|100%| O|  |TAMS 0x00000000ff900000| PB 0x00000000ff800000| Untracked 
|2041|0x00000000ff900000, 0x00000000ffa00000, 0x00000000ffa00000|100%| O|  |TAMS 0x00000000ffa00000| PB 0x00000000ff900000| Untracked 
|2042|0x00000000ffa00000, 0x00000000ffb00000, 0x00000000ffb00000|100%| O|  |TAMS 0x00000000ffb00000| PB 0x00000000ffa00000| Untracked 
|2043|0x00000000ffb00000, 0x00000000ffc00000, 0x00000000ffc00000|100%| O|  |TAMS 0x00000000ffc00000| PB 0x00000000ffb00000| Untracked 
|2044|0x00000000ffc00000, 0x00000000ffd00000, 0x00000000ffd00000|100%| O|  |TAMS 0x00000000ffd00000| PB 0x00000000ffc00000| Untracked 
|2045|0x00000000ffd00000, 0x00000000ffe00000, 0x00000000ffe00000|100%| O|  |TAMS 0x00000000ffe00000| PB 0x00000000ffd00000| Untracked 
|2046|0x00000000ffe00000, 0x00000000fff00000, 0x00000000fff00000|100%| O|  |TAMS 0x00000000fff00000| PB 0x00000000ffe00000| Untracked 
|2047|0x00000000fff00000, 0x0000000100000000, 0x0000000100000000|100%| E|CS|TAMS 0x00000000fff00000| PB 0x00000000fff00000| Complete 

Card table byte_map: [0x000002677e8c0000,0x000002677ecc0000] _byte_map_base: 0x000002677e4c0000

Marking Bits: (CMBitMap*) 0x000002677dbc5830
 Bits: [0x00000267120a0000, 0x00000267140a0000)

Polling page: 0x000002677bb90000

Metaspace:

Usage:
  Non-class:    164.16 MB used.
      Class:     25.49 MB used.
       Both:    189.64 MB used.

Virtual space:
  Non-class space:      192.00 MB reserved,     165.50 MB ( 86%) committed,  3 nodes.
      Class space:        1.00 GB reserved,      26.69 MB (  3%) committed,  1 nodes.
             Both:        1.19 GB reserved,     192.19 MB ( 16%) committed. 

Chunk freelists:
   Non-Class:  10.22 MB
       Class:  5.34 MB
        Both:  15.57 MB

MaxMetaspaceSize: unlimited
CompressedClassSpaceSize: 1.00 GB
Initial GC threshold: 21.00 MB
Current GC threshold: 285.62 MB
CDS: off
 - commit_granule_bytes: 65536.
 - commit_granule_words: 8192.
 - virtual_space_node_default_size: 8388608.
 - enlarge_chunks_in_place: 1.
 - use_allocation_guard: 0.


Internal statistics:

num_allocs_failed_limit: 9.
num_arena_births: 4962.
num_arena_deaths: 0.
num_vsnodes_births: 4.
num_vsnodes_deaths: 0.
num_space_committed: 3072.
num_space_uncommitted: 0.
num_chunks_returned_to_freelist: 9.
num_chunks_taken_from_freelist: 13195.
num_chunk_merges: 6.
num_chunk_splits: 8868.
num_chunks_enlarged: 5812.
num_inconsistent_stats: 0.

CodeHeap 'non-profiled nmethods': size=119168Kb used=17096Kb max_used=17096Kb free=102072Kb
 bounds [0x000002670ac40000, 0x000002670bd00000, 0x00000267120a0000]
CodeHeap 'profiled nmethods': size=119104Kb used=33930Kb max_used=33930Kb free=85173Kb
 bounds [0x00000267030a0000, 0x00000267051d0000, 0x000002670a4f0000]
CodeHeap 'non-nmethods': size=7488Kb used=3953Kb max_used=4014Kb free=3535Kb
 bounds [0x000002670a4f0000, 0x000002670a8f0000, 0x000002670ac40000]
CodeCache: size=245760Kb, used=54979Kb, max_used=55040Kb, free=190780Kb
 total_blobs=20440, nmethods=19319, adapters=1022, full_count=0
Compilation: enabled, stopped_count=0, restarted_count=0

Compilation events (20 events):
Event: 12.563 Thread 0x000002671639adc0 nmethod 23474 0x000002670bc80f10 code [0x000002670bc810a0, 0x000002670bc81310]
Event: 12.563 Thread 0x000002671639adc0 23534       4       com.android.tools.r8.graph.n2$b::a (10 bytes)
Event: 12.563 Thread 0x0000026716399280 nmethod 23450 0x000002670bc81490 code [0x000002670bc81860, 0x000002670bc833d0]
Event: 12.563 Thread 0x0000026716399280 23475       4       com.android.tools.r8.graph.l7$$Lambda/0x0000000101761c18::apply (12 bytes)
Event: 12.564 Thread 0x000002671639adc0 nmethod 23534 0x000002670bc84a10 code [0x000002670bc84bc0, 0x000002670bc84dc0]
Event: 12.564 Thread 0x000002671639adc0 23591       4       java.lang.StringConcatHelper::prepend (22 bytes)
Event: 12.564 Thread 0x0000026716399280 nmethod 23475 0x000002670bc84f90 code [0x000002670bc85160, 0x000002670bc85348]
Event: 12.564 Thread 0x0000026716399280 23439       4       com.android.tools.r8.graph.k6::equals (35 bytes)
Event: 12.564 Thread 0x000002671639bb60 23597       3       org.jetbrains.kotlin.util.AbstractArrayMapOwner$AbstractArrayMapAccessor::extractValue (18 bytes)
Event: 12.565 Thread 0x000002671639bb60 nmethod 23597 0x0000026703baf710 code [0x0000026703baf960, 0x0000026703bb0080]
Event: 12.565 Thread 0x000002671639adc0 nmethod 23591 0x000002670bc85590 code [0x000002670bc85740, 0x000002670bc85a30]
Event: 12.565 Thread 0x000002671639adc0 23494       4       com.android.tools.r8.graph.d6$$Lambda/0x0000000101a58e30::accept (12 bytes)
Event: 12.565 Thread 0x000002671cdc96c0 nmethod 23456 0x000002670bc85d10 code [0x000002670bc860c0, 0x000002670bc87ba8]
Event: 12.566 Thread 0x000002671cdc96c0 23571       4       com.android.tools.r8.graph.n6$m::equals (50 bytes)
Event: 12.566 Thread 0x000002671639adc0 nmethod 23494 0x000002670bc89210 code [0x000002670bc893c0, 0x000002670bc89520]
Event: 12.566 Thread 0x000002671639adc0 23599 %     4       com.android.tools.r8.graph.oa::b @ 15 (64 bytes)
Event: 12.567 Thread 0x000002671cdc96c0 nmethod 23571 0x000002670bc89710 code [0x000002670bc898c0, 0x000002670bc89a88]
Event: 12.567 Thread 0x000002671cdc96c0 23600       4       java.lang.String::join (52 bytes)
Event: 12.567 Thread 0x0000026716399280 nmethod 23439 0x000002670bc89c10 code [0x000002670bc89dc0, 0x000002670bc8a138]
Event: 12.567 Thread 0x0000026716399280 23548       4       com.android.tools.r8.graph.ma$$Lambda/0x0000000101a5a810::apply (8 bytes)

GC Heap History (20 events):
Event: 9.057 GC heap after
{Heap after GC invocations=57 (full 0):
 garbage-first heap   total 588800K, used 202895K [0x0000000080000000, 0x0000000100000000)
  region size 1024K, 21 young (21504K), 21 survivors (21504K)
 Metaspace       used 124204K, committed 126528K, reserved 1179648K
  class space    used 17476K, committed 18624K, reserved 1048576K
}
Event: 9.251 GC heap before
{Heap before GC invocations=58 (full 0):
 garbage-first heap   total 588800K, used 586895K [0x0000000080000000, 0x0000000100000000)
  region size 1024K, 264 young (270336K), 21 survivors (21504K)
 Metaspace       used 125576K, committed 127936K, reserved 1179648K
  class space    used 17622K, committed 18752K, reserved 1048576K
}
Event: 9.259 GC heap after
{Heap after GC invocations=59 (full 0):
 garbage-first heap   total 627712K, used 275212K [0x0000000080000000, 0x0000000100000000)
  region size 1024K, 37 young (37888K), 37 survivors (37888K)
 Metaspace       used 125576K, committed 127936K, reserved 1179648K
  class space    used 17622K, committed 18752K, reserved 1048576K
}
Event: 9.582 GC heap before
{Heap before GC invocations=59 (full 0):
 garbage-first heap   total 627712K, used 613132K [0x0000000080000000, 0x0000000100000000)
  region size 1024K, 349 young (357376K), 37 survivors (37888K)
 Metaspace       used 135266K, committed 137728K, reserved 1179648K
  class space    used 18584K, committed 19776K, reserved 1048576K
}
Event: 9.611 GC heap after
{Heap after GC invocations=60 (full 0):
 garbage-first heap   total 988160K, used 348587K [0x0000000080000000, 0x0000000100000000)
  region size 1024K, 44 young (45056K), 44 survivors (45056K)
 Metaspace       used 135266K, committed 137728K, reserved 1179648K
  class space    used 18584K, committed 19776K, reserved 1048576K
}
Event: 10.105 GC heap before
{Heap before GC invocations=60 (full 0):
 garbage-first heap   total 988160K, used 896427K [0x0000000080000000, 0x0000000100000000)
  region size 1024K, 569 young (582656K), 44 survivors (45056K)
 Metaspace       used 148253K, committed 150656K, reserved 1179648K
  class space    used 20308K, committed 21440K, reserved 1048576K
}
Event: 10.179 GC heap after
{Heap after GC invocations=61 (full 0):
 garbage-first heap   total 1152000K, used 564224K [0x0000000080000000, 0x0000000100000000)
  region size 1024K, 72 young (73728K), 72 survivors (73728K)
 Metaspace       used 148253K, committed 150656K, reserved 1179648K
  class space    used 20308K, committed 21440K, reserved 1048576K
}
Event: 10.277 GC heap before
{Heap before GC invocations=61 (full 0):
 garbage-first heap   total 1152000K, used 689152K [0x0000000080000000, 0x0000000100000000)
  region size 1024K, 195 young (199680K), 72 survivors (73728K)
 Metaspace       used 151580K, committed 154048K, reserved 1245184K
  class space    used 21117K, committed 22272K, reserved 1048576K
}
Event: 10.307 GC heap after
{Heap after GC invocations=62 (full 0):
 garbage-first heap   total 1152000K, used 612352K [0x0000000080000000, 0x0000000100000000)
  region size 1024K, 52 young (53248K), 52 survivors (53248K)
 Metaspace       used 151580K, committed 154048K, reserved 1245184K
  class space    used 21117K, committed 22272K, reserved 1048576K
}
Event: 10.735 GC heap before
{Heap before GC invocations=63 (full 0):
 garbage-first heap   total 1152000K, used 948224K [0x0000000080000000, 0x0000000100000000)
  region size 1024K, 365 young (373760K), 52 survivors (53248K)
 Metaspace       used 162589K, committed 165120K, reserved 1245184K
  class space    used 22581K, committed 23808K, reserved 1048576K
}
Event: 10.752 GC heap after
{Heap after GC invocations=64 (full 0):
 garbage-first heap   total 1152000K, used 677376K [0x0000000080000000, 0x0000000100000000)
  region size 1024K, 46 young (47104K), 46 survivors (47104K)
 Metaspace       used 162589K, committed 165120K, reserved 1245184K
  class space    used 22581K, committed 23808K, reserved 1048576K
}
Event: 11.068 GC heap before
{Heap before GC invocations=64 (full 0):
 garbage-first heap   total 1152000K, used 974336K [0x0000000080000000, 0x0000000100000000)
  region size 1024K, 332 young (339968K), 46 survivors (47104K)
 Metaspace       used 168425K, committed 170944K, reserved 1245184K
  class space    used 23244K, committed 24448K, reserved 1048576K
}
Event: 11.081 GC heap after
{Heap after GC invocations=65 (full 0):
 garbage-first heap   total 1152000K, used 709120K [0x0000000080000000, 0x0000000100000000)
  region size 1024K, 32 young (32768K), 32 survivors (32768K)
 Metaspace       used 168425K, committed 170944K, reserved 1245184K
  class space    used 23244K, committed 24448K, reserved 1048576K
}
Event: 11.197 GC heap before
{Heap before GC invocations=65 (full 0):
 garbage-first heap   total 1152000K, used 796160K [0x0000000080000000, 0x0000000100000000)
  region size 1024K, 119 young (121856K), 32 survivors (32768K)
 Metaspace       used 169308K, committed 171840K, reserved 1245184K
  class space    used 23339K, committed 24576K, reserved 1048576K
}
Event: 11.203 GC heap after
{Heap after GC invocations=66 (full 0):
 garbage-first heap   total 1152000K, used 715739K [0x0000000080000000, 0x0000000100000000)
  region size 1024K, 10 young (10240K), 10 survivors (10240K)
 Metaspace       used 169308K, committed 171840K, reserved 1245184K
  class space    used 23339K, committed 24576K, reserved 1048576K
}
Event: 11.688 GC heap before
{Heap before GC invocations=67 (full 0):
 garbage-first heap   total 1152000K, used 941019K [0x0000000080000000, 0x0000000100000000)
  region size 1024K, 284 young (290816K), 10 survivors (10240K)
 Metaspace       used 176346K, committed 178880K, reserved 1245184K
  class space    used 24068K, committed 25280K, reserved 1048576K
}
Event: 11.695 GC heap after
{Heap after GC invocations=68 (full 0):
 garbage-first heap   total 1152000K, used 652588K [0x0000000080000000, 0x0000000100000000)
  region size 1024K, 18 young (18432K), 18 survivors (18432K)
 Metaspace       used 176346K, committed 178880K, reserved 1245184K
  class space    used 24068K, committed 25280K, reserved 1048576K
}
Event: 12.462 GC heap before
{Heap before GC invocations=68 (full 0):
 garbage-first heap   total 1152000K, used 1040684K [0x0000000080000000, 0x0000000100000000)
  region size 1024K, 349 young (357376K), 18 survivors (18432K)
 Metaspace       used 190057K, committed 192640K, reserved 1245184K
  class space    used 25648K, committed 26880K, reserved 1048576K
}
Event: 12.476 GC heap after
{Heap after GC invocations=69 (full 0):
 garbage-first heap   total 1197056K, used 705001K [0x0000000080000000, 0x0000000100000000)
  region size 1024K, 40 young (40960K), 40 survivors (40960K)
 Metaspace       used 190057K, committed 192640K, reserved 1245184K
  class space    used 25648K, committed 26880K, reserved 1048576K
}
Event: 12.568 GC heap before
{Heap before GC invocations=69 (full 0):
 garbage-first heap   total 1197056K, used 769513K [0x0000000080000000, 0x0000000100000000)
  region size 1024K, 105 young (107520K), 40 survivors (40960K)
 Metaspace       used 192212K, committed 194816K, reserved 1245184K
  class space    used 25917K, committed 27200K, reserved 1048576K
}

Dll operation events (3 events):
Event: 0.005 Loaded shared library C:\Program Files\Android\Android Studio\jbr\bin\java.dll
Event: 0.009 Loaded shared library C:\Program Files\Android\Android Studio\jbr\bin\zip.dll
Event: 0.371 Loaded shared library C:\Program Files\Android\Android Studio\jbr\bin\verify.dll

Deoptimization events (20 events):
Event: 12.548 Thread 0x000002672338b340 DEOPT PACKING pc=0x00000267049de696 sp=0x000000adbdffe8a0
Event: 12.548 Thread 0x000002672338b340 DEOPT UNPACKING pc=0x000002670a544b42 sp=0x000000adbdffddb8 mode 0
Event: 12.551 Thread 0x000002672338d410 Uncommon trap: trap_request=0xffffff45 fr.pc=0x000002670b951ad4 relative=0x0000000000000d74
Event: 12.551 Thread 0x000002672338d410 Uncommon trap: reason=unstable_if action=reinterpret pc=0x000002670b951ad4 method=com.android.tools.r8.internal.ac0.a(Ljava/lang/String;Lcom/android/tools/r8/naming/b;)Ljava/lang/String; @ 9 c2
Event: 12.551 Thread 0x000002672338d410 DEOPT PACKING pc=0x000002670b951ad4 sp=0x000000adbe4fe5d0
Event: 12.551 Thread 0x000002672338d410 DEOPT UNPACKING pc=0x000002670a5443a2 sp=0x000000adbe4fe4f0 mode 2
Event: 12.551 Thread 0x000002672338b9d0 DEOPT PACKING pc=0x00000267049de696 sp=0x000000adbe0fe690
Event: 12.551 Thread 0x000002672338b9d0 DEOPT UNPACKING pc=0x000002670a544b42 sp=0x000000adbe0fdba8 mode 0
Event: 12.552 Thread 0x000002672338d410 Uncommon trap: trap_request=0xffffff45 fr.pc=0x000002670b94cd94 relative=0x00000000000009f4
Event: 12.552 Thread 0x000002672338d410 Uncommon trap: reason=unstable_if action=reinterpret pc=0x000002670b94cd94 method=com.android.tools.r8.internal.ac0.a(Ljava/lang/String;Lcom/android/tools/r8/naming/b;)Ljava/lang/String; @ 9 c2
Event: 12.552 Thread 0x000002672338d410 DEOPT PACKING pc=0x000002670b94cd94 sp=0x000000adbe4fe550
Event: 12.552 Thread 0x000002672338d410 DEOPT UNPACKING pc=0x000002670a5443a2 sp=0x000000adbe4fe520 mode 2
Event: 12.554 Thread 0x00000267219ce040 Uncommon trap: trap_request=0xffffffc6 fr.pc=0x000002670b9719b0 relative=0x0000000000000150
Event: 12.554 Thread 0x00000267219ce040 Uncommon trap: reason=bimorphic_or_optimized_type_check action=maybe_recompile pc=0x000002670b9719b0 method=kotlin.collections.CollectionsKt___CollectionsKt.getOrNull(Ljava/util/List;I)Ljava/lang/Object; @ 35 c2
Event: 12.554 Thread 0x00000267219ce040 DEOPT PACKING pc=0x000002670b9719b0 sp=0x000000adbd2fa750
Event: 12.554 Thread 0x00000267219ce040 DEOPT UNPACKING pc=0x000002670a5443a2 sp=0x000000adbd2fa6e8 mode 2
Event: 12.561 Thread 0x000002672338b340 DEOPT PACKING pc=0x00000267049dc43d sp=0x000000adbdffe960
Event: 12.561 Thread 0x000002672338b340 DEOPT UNPACKING pc=0x000002670a544b42 sp=0x000000adbdffde78 mode 0
Event: 12.562 Thread 0x000002672338c6f0 DEOPT PACKING pc=0x00000267049dc43d sp=0x000000adbdefe8b0
Event: 12.562 Thread 0x000002672338c6f0 DEOPT UNPACKING pc=0x000002670a544b42 sp=0x000000adbdefddc8 mode 0

Classes loaded (20 events):
Event: 12.355 Loading class sun/awt/AppContext$GetAppContextLock
Event: 12.355 Loading class sun/awt/AppContext$GetAppContextLock done
Event: 12.355 Loading class sun/awt/AppContext$6
Event: 12.355 Loading class jdk/internal/access/JavaAWTAccess
Event: 12.355 Loading class jdk/internal/access/JavaAWTAccess done
Event: 12.355 Loading class sun/awt/AppContext$6 done
Event: 12.355 Loading class sun/awt/AppContext$3
Event: 12.355 Loading class sun/awt/AppContext$3 done
Event: 12.355 Loading class sun/awt/AppContext$2
Event: 12.355 Loading class sun/awt/AppContext$2 done
Event: 12.355 Loading class sun/awt/AppContext$State
Event: 12.355 Loading class sun/awt/AppContext$State done
Event: 12.355 Loading class sun/awt/AppContext$1
Event: 12.355 Loading class sun/awt/AppContext$1 done
Event: 12.355 Loading class java/awt/Queue
Event: 12.356 Loading class java/awt/Queue done
Event: 12.356 Loading class sun/awt/MostRecentKeyValue
Event: 12.356 Loading class sun/awt/MostRecentKeyValue done
Event: 12.356 Loading class sun/awt/PostEventQueue
Event: 12.356 Loading class sun/awt/PostEventQueue done

Classes unloaded (0 events):
No events

Classes redefined (0 events):
No events

Internal exceptions (20 events):
Event: 12.505 Thread 0x000002672338b9d0 Exception <a 'sun/nio/fs/WindowsException'{0x00000000bc7d02d8}> (0x00000000bc7d02d8) 
thrown [s\src\hotspot\share\prims\jni.cpp, line 537]
Event: 12.521 Thread 0x000002672338c6f0 Implicit null exception at 0x000002670bc54736 to 0x000002670bc54bb4
Event: 12.521 Thread 0x000002672338b9d0 Implicit null exception at 0x000002670bc54736 to 0x000002670bc54bb4
Event: 12.523 Thread 0x000002672338d410 Exception <a 'sun/nio/fs/WindowsException'{0x00000000bbd4cde8}> (0x00000000bbd4cde8) 
thrown [s\src\hotspot\share\prims\jni.cpp, line 537]
Event: 12.524 Thread 0x000002672338d410 Exception <a 'sun/nio/fs/WindowsException'{0x00000000bbd569c0}> (0x00000000bbd569c0) 
thrown [s\src\hotspot\share\prims\jni.cpp, line 537]
Event: 12.524 Thread 0x000002672338d410 Exception <a 'java/lang/IncompatibleClassChangeError'{0x00000000bbd5e960}: Found class java.lang.Object, but interface was expected> (0x00000000bbd5e960) 
thrown [s\src\hotspot\share\interpreter\linkResolver.cpp, line 851]
Event: 12.531 Thread 0x000002672338c6f0 Implicit null exception at 0x000002670bc5dafc to 0x000002670bc5e494
Event: 12.534 Thread 0x000002672338d410 Exception <a 'sun/nio/fs/WindowsException'{0x00000000bb845358}> (0x00000000bb845358) 
thrown [s\src\hotspot\share\prims\jni.cpp, line 537]
Event: 12.545 Thread 0x000002672338d410 Exception <a 'sun/nio/fs/WindowsException'{0x00000000baf92cc0}> (0x00000000baf92cc0) 
thrown [s\src\hotspot\share\prims\jni.cpp, line 537]
Event: 12.547 Thread 0x000002672338d410 Exception <a 'sun/nio/fs/WindowsException'{0x00000000bafa4060}> (0x00000000bafa4060) 
thrown [s\src\hotspot\share\prims\jni.cpp, line 537]
Event: 12.547 Thread 0x000002672338d410 Exception <a 'sun/nio/fs/WindowsException'{0x00000000bad61eb0}> (0x00000000bad61eb0) 
thrown [s\src\hotspot\share\prims\jni.cpp, line 537]
Event: 12.548 Thread 0x000002672338d410 Exception <a 'sun/nio/fs/WindowsException'{0x00000000bad66530}> (0x00000000bad66530) 
thrown [s\src\hotspot\share\prims\jni.cpp, line 537]
Event: 12.548 Thread 0x000002672338d410 Exception <a 'sun/nio/fs/WindowsException'{0x00000000bab40e60}> (0x00000000bab40e60) 
thrown [s\src\hotspot\share\prims\jni.cpp, line 537]
Event: 12.549 Thread 0x000002672338d410 Exception <a 'sun/nio/fs/WindowsException'{0x00000000bab53f08}> (0x00000000bab53f08) 
thrown [s\src\hotspot\share\prims\jni.cpp, line 537]
Event: 12.549 Thread 0x000002672338d410 Exception <a 'sun/nio/fs/WindowsException'{0x00000000bab5af88}> (0x00000000bab5af88) 
thrown [s\src\hotspot\share\prims\jni.cpp, line 537]
Event: 12.549 Thread 0x000002672338d410 Exception <a 'sun/nio/fs/WindowsException'{0x00000000bab6ae40}> (0x00000000bab6ae40) 
thrown [s\src\hotspot\share\prims\jni.cpp, line 537]
Event: 12.550 Thread 0x000002672338d410 Exception <a 'sun/nio/fs/WindowsException'{0x00000000babfe7c8}> (0x00000000babfe7c8) 
thrown [s\src\hotspot\share\prims\jni.cpp, line 537]
Event: 12.551 Thread 0x000002672338d410 Exception <a 'sun/nio/fs/WindowsException'{0x00000000baa5bbf8}> (0x00000000baa5bbf8) 
thrown [s\src\hotspot\share\prims\jni.cpp, line 537]
Event: 12.551 Thread 0x000002672338d410 Exception <a 'sun/nio/fs/WindowsException'{0x00000000baaf9790}> (0x00000000baaf9790) 
thrown [s\src\hotspot\share\prims\jni.cpp, line 537]
Event: 12.551 Thread 0x000002672338d410 Exception <a 'sun/nio/fs/WindowsException'{0x00000000ba94a988}> (0x00000000ba94a988) 
thrown [s\src\hotspot\share\prims\jni.cpp, line 537]

ZGC Phase Switch (0 events):
No events

VM Operations (20 events):
Event: 12.165 Executing VM operation: HandshakeAllThreads (Deoptimize) done
Event: 12.181 Executing VM operation: HandshakeAllThreads (Deoptimize)
Event: 12.181 Executing VM operation: HandshakeAllThreads (Deoptimize) done
Event: 12.185 Executing VM operation: HandshakeAllThreads (Deoptimize)
Event: 12.185 Executing VM operation: HandshakeAllThreads (Deoptimize) done
Event: 12.186 Executing VM operation: HandshakeAllThreads (Deoptimize)
Event: 12.186 Executing VM operation: HandshakeAllThreads (Deoptimize) done
Event: 12.196 Executing VM operation: HandshakeAllThreads (Deoptimize)
Event: 12.197 Executing VM operation: HandshakeAllThreads (Deoptimize) done
Event: 12.214 Executing VM operation: ICBufferFull
Event: 12.214 Executing VM operation: ICBufferFull done
Event: 12.214 Executing VM operation: ICBufferFull
Event: 12.214 Executing VM operation: ICBufferFull done
Event: 12.462 Executing VM operation: G1CollectForAllocation (G1 Evacuation Pause)
Event: 12.476 Executing VM operation: G1CollectForAllocation (G1 Evacuation Pause) done
Event: 12.537 Executing VM operation: HandshakeAllThreads (Deoptimize)
Event: 12.538 Executing VM operation: HandshakeAllThreads (Deoptimize) done
Event: 12.564 Executing VM operation: ICBufferFull
Event: 12.564 Executing VM operation: ICBufferFull done
Event: 12.567 Executing VM operation: G1TryInitiateConcMark (G1 Humongous Allocation)

Memory protections (0 events):
No events

Nmethod flushes (20 events):
Event: 11.462 Thread 0x000002677b64efe0 flushing  nmethod 0x000002670492db10
Event: 11.462 Thread 0x000002677b64efe0 flushing  nmethod 0x000002670492e790
Event: 11.462 Thread 0x000002677b64efe0 flushing  nmethod 0x000002670492f290
Event: 11.462 Thread 0x000002677b64efe0 flushing  nmethod 0x0000026704930190
Event: 11.462 Thread 0x000002677b64efe0 flushing  nmethod 0x0000026704932810
Event: 11.462 Thread 0x000002677b64efe0 flushing  nmethod 0x0000026704932d90
Event: 11.462 Thread 0x000002677b64efe0 flushing  nmethod 0x0000026704934090
Event: 11.462 Thread 0x000002677b64efe0 flushing  nmethod 0x0000026704934410
Event: 11.462 Thread 0x000002677b64efe0 flushing  nmethod 0x0000026704935090
Event: 11.462 Thread 0x000002677b64efe0 flushing  nmethod 0x0000026704935990
Event: 11.462 Thread 0x000002677b64efe0 flushing  nmethod 0x0000026704994990
Event: 11.462 Thread 0x000002677b64efe0 flushing  nmethod 0x0000026704996990
Event: 11.462 Thread 0x000002677b64efe0 flushing  nmethod 0x0000026704997110
Event: 11.462 Thread 0x000002677b64efe0 flushing  nmethod 0x0000026704997f90
Event: 11.462 Thread 0x000002677b64efe0 flushing  nmethod 0x0000026704999710
Event: 11.462 Thread 0x000002677b64efe0 flushing  nmethod 0x000002670499a490
Event: 11.462 Thread 0x000002677b64efe0 flushing  nmethod 0x000002670499a810
Event: 11.462 Thread 0x000002677b64efe0 flushing  nmethod 0x000002670499b090
Event: 11.462 Thread 0x000002677b64efe0 flushing  nmethod 0x000002670499b510
Event: 11.462 Thread 0x000002677b64efe0 flushing  nmethod 0x00000267049ed590

Events (20 events):
Event: 9.624 Thread 0x000002672338b9d0 Thread added: 0x000002672338e130
Event: 9.624 Thread 0x000002672338a620 Thread added: 0x000002672338d410
Event: 9.624 Thread 0x000002672338cd80 Thread added: 0x000002672338acb0
Event: 9.624 Thread 0x000002672338e130 Thread added: 0x0000026723390890
Event: 9.624 Thread 0x000002672338d410 Thread added: 0x0000026723390200
Event: 9.624 Thread 0x000002672338acb0 Thread added: 0x000002672338f4e0
Event: 9.624 Thread 0x0000026723390890 Thread added: 0x0000026723390f20
Event: 10.194 Thread 0x000002671cdcd410 Thread exited: 0x000002671cdcd410
Event: 10.348 Thread 0x00000267219ce040 Thread added: 0x000002672338c060
Event: 10.348 Thread 0x00000267219ce040 Thread added: 0x0000026723392ff0
Event: 10.364 Thread 0x000002672338c060 Thread added: 0x0000026723393d10
Event: 10.368 Thread 0x0000026723393d10 Thread added: 0x00000267233943a0
Event: 10.528 Thread 0x000002671639bb60 Thread added: 0x000002671ecfc140
Event: 11.838 Thread 0x00000267219ce040 Thread added: 0x0000026728e64660
Event: 11.844 Thread 0x00000267219ce040 Thread added: 0x0000026728e61f00
Event: 12.011 Thread 0x00000267219ce040 Thread added: 0x0000026728e66dc0
Event: 12.174 Loaded shared library C:\Program Files\Android\Android Studio\jbr\bin\awt.dll
Event: 12.200 Thread 0x00000267219ce040 Thread added: 0x0000026728e64cf0
Event: 12.201 Thread 0x00000267219ce040 Thread added: 0x0000026728e68800
Event: 12.201 Thread 0x00000267219ce040 Thread added: 0x0000026728e65380


Dynamic libraries:
0x00007ff61c8d0000 - 0x00007ff61c8da000 	C:\Program Files\Android\Android Studio\jbr\bin\java.exe
0x00007ff9b4c80000 - 0x00007ff9b4ee7000 	C:\WINDOWS\SYSTEM32\ntdll.dll
0x00007ff9b4280000 - 0x00007ff9b4349000 	C:\WINDOWS\System32\KERNEL32.DLL
0x00007ff9b1c40000 - 0x00007ff9b2031000 	C:\WINDOWS\System32\KERNELBASE.dll
0x00007ff9b1850000 - 0x00007ff9b199b000 	C:\WINDOWS\System32\ucrtbase.dll
0x00007ff9996c0000 - 0x00007ff9996d8000 	C:\Program Files\Android\Android Studio\jbr\bin\jli.dll
0x00007ff98b970000 - 0x00007ff98b98b000 	C:\Program Files\Android\Android Studio\jbr\bin\VCRUNTIME140.dll
0x00007ff9b36a0000 - 0x00007ff9b3865000 	C:\WINDOWS\System32\USER32.dll
0x00007ff9b2040000 - 0x00007ff9b2067000 	C:\WINDOWS\System32\win32u.dll
0x00007ff998040000 - 0x00007ff9982d3000 	C:\WINDOWS\WinSxS\amd64_microsoft.windows.common-controls_6595b64144ccf1df_6.0.26100.8037_none_3e092faae333b53b\COMCTL32.dll
0x00007ff9b2be0000 - 0x00007ff9b2c0b000 	C:\WINDOWS\System32\GDI32.dll
0x00007ff9b1b10000 - 0x00007ff9b1c3b000 	C:\WINDOWS\System32\gdi32full.dll
0x00007ff9b4490000 - 0x00007ff9b4539000 	C:\WINDOWS\System32\msvcrt.dll
0x00007ff9b2970000 - 0x00007ff9b2a13000 	C:\WINDOWS\System32\msvcp_win.dll
0x00007ff9b4540000 - 0x00007ff9b4571000 	C:\WINDOWS\System32\IMM32.DLL
0x00007ff98b990000 - 0x00007ff98b99c000 	C:\Program Files\Android\Android Studio\jbr\bin\vcruntime140_1.dll
0x00007ff995a80000 - 0x00007ff995b0d000 	C:\Program Files\Android\Android Studio\jbr\bin\msvcp140.dll
0x00007ff91dd80000 - 0x00007ff91ea16000 	C:\Program Files\Android\Android Studio\jbr\bin\server\jvm.dll
0x00007ff9b48a0000 - 0x00007ff9b495b000 	C:\WINDOWS\System32\ADVAPI32.dll
0x00007ff9b2b30000 - 0x00007ff9b2bd7000 	C:\WINDOWS\System32\sechost.dll
0x00007ff9b4360000 - 0x00007ff9b4478000 	C:\WINDOWS\System32\RPCRT4.dll
0x00007ff9b2ab0000 - 0x00007ff9b2b24000 	C:\WINDOWS\System32\WS2_32.dll
0x00007ff9b1200000 - 0x00007ff9b125e000 	C:\WINDOWS\SYSTEM32\POWRPROF.dll
0x00007ff9a99c0000 - 0x00007ff9a99cb000 	C:\WINDOWS\SYSTEM32\VERSION.dll
0x00007ff9a2c90000 - 0x00007ff9a2cc5000 	C:\WINDOWS\SYSTEM32\WINMM.dll
0x00007ff9b1130000 - 0x00007ff9b1144000 	C:\WINDOWS\SYSTEM32\UMPDC.dll
0x00007ff9b02b0000 - 0x00007ff9b02cb000 	C:\WINDOWS\SYSTEM32\kernel.appcore.dll
0x00007ff98b960000 - 0x00007ff98b96a000 	C:\Program Files\Android\Android Studio\jbr\bin\jimage.dll
0x00007ff99aa70000 - 0x00007ff99acb2000 	C:\WINDOWS\SYSTEM32\DBGHELP.DLL
0x00007ff9b2c10000 - 0x00007ff9b2f92000 	C:\WINDOWS\System32\combase.dll
0x00007ff9b35c0000 - 0x00007ff9b3697000 	C:\WINDOWS\System32\OLEAUT32.dll
0x00007ff996ea0000 - 0x00007ff996edb000 	C:\WINDOWS\SYSTEM32\dbgcore.DLL
0x00007ff9b1a60000 - 0x00007ff9b1b05000 	C:\WINDOWS\System32\bcryptPrimitives.dll
0x00007ff9aec40000 - 0x00007ff9aec4e000 	C:\Program Files\Android\Android Studio\jbr\bin\instrument.dll
0x00007ff91dd60000 - 0x00007ff91dd80000 	C:\Program Files\Android\Android Studio\jbr\bin\java.dll
0x00007ff91dd40000 - 0x00007ff91dd58000 	C:\Program Files\Android\Android Studio\jbr\bin\zip.dll
0x00007ff9b3a10000 - 0x00007ff9b416f000 	C:\WINDOWS\System32\SHELL32.dll
0x00007ff9b16e0000 - 0x00007ff9b184a000 	C:\WINDOWS\System32\wintypes.dll
0x00007ff9b2070000 - 0x00007ff9b28d4000 	C:\WINDOWS\System32\windows.storage.dll
0x00007ff9b4960000 - 0x00007ff9b4a57000 	C:\WINDOWS\System32\SHCORE.dll
0x00007ff9b4580000 - 0x00007ff9b45e7000 	C:\WINDOWS\System32\shlwapi.dll
0x00007ff9b1480000 - 0x00007ff9b14a9000 	C:\WINDOWS\SYSTEM32\profapi.dll
0x00007ff98b930000 - 0x00007ff98b940000 	C:\Program Files\Android\Android Studio\jbr\bin\net.dll
0x00007ff9aa090000 - 0x00007ff9aa1b7000 	C:\WINDOWS\SYSTEM32\WINHTTP.dll
0x00007ff9b0800000 - 0x00007ff9b086b000 	C:\WINDOWS\system32\mswsock.dll
0x00007ff91dd20000 - 0x00007ff91dd36000 	C:\Program Files\Android\Android Studio\jbr\bin\nio.dll
0x00007ff90ceb0000 - 0x00007ff90cec0000 	C:\Program Files\Android\Android Studio\jbr\bin\verify.dll
0x00007ff999a60000 - 0x00007ff999a87000 	C:\Users\cerez\.gradle\native\660c5614fbf4a5f2a75b1949f50a0caf5cd603558e7d8a26e50b933a0cfb79d1\windows-amd64\native-platform.dll
0x00007ff997400000 - 0x00007ff997477000 	C:\Users\cerez\.gradle\native\0.2.8\x86_64-windows-gnu\gradle-fileevents.dll
0x00007ff97d8b0000 - 0x00007ff97d8b9000 	C:\Program Files\Android\Android Studio\jbr\bin\management.dll
0x00007ff943850000 - 0x00007ff94385b000 	C:\Program Files\Android\Android Studio\jbr\bin\management_ext.dll
0x00007ff9b4480000 - 0x00007ff9b4488000 	C:\WINDOWS\System32\PSAPI.DLL
0x00007ff9afbc0000 - 0x00007ff9afbf3000 	C:\WINDOWS\SYSTEM32\IPHLPAPI.DLL
0x00007ff9b3050000 - 0x00007ff9b305a000 	C:\WINDOWS\System32\NSI.dll
0x00007ff988540000 - 0x00007ff988549000 	C:\Program Files\Android\Android Studio\jbr\bin\extnet.dll
0x00007ff9b0c00000 - 0x00007ff9b0c1b000 	C:\WINDOWS\SYSTEM32\CRYPTSP.dll
0x00007ff9b0210000 - 0x00007ff9b0249000 	C:\WINDOWS\system32\rsaenh.dll
0x00007ff9b08b0000 - 0x00007ff9b08e2000 	C:\WINDOWS\SYSTEM32\USERENV.dll
0x00007ff9b1450000 - 0x00007ff9b147a000 	C:\WINDOWS\SYSTEM32\bcrypt.dll
0x00007ff9b0a60000 - 0x00007ff9b0a6c000 	C:\WINDOWS\SYSTEM32\CRYPTBASE.dll
0x00007ff946000000 - 0x00007ff946008000 	C:\WINDOWS\system32\wshunix.dll
0x00007ff91db80000 - 0x00007ff91dd18000 	C:\Program Files\Android\Android Studio\jbr\bin\awt.dll
0x00007ff91db30000 - 0x00007ff91db74000 	C:\Program Files\Android\Android Studio\jbr\bin\nvdaControllerClient64.dll
0x00007ff9af280000 - 0x00007ff9af2ae000 	C:\WINDOWS\SYSTEM32\dwmapi.dll
0x00007ff997fc0000 - 0x00007ff998036000 	C:\WINDOWS\SYSTEM32\OLEACC.dll
0x00007ff9aeda0000 - 0x00007ff9aee3f000 	C:\WINDOWS\SYSTEM32\apphelp.dll
0x00007ff9aefa0000 - 0x00007ff9af04a000 	C:\WINDOWS\system32\uxtheme.dll
0x00007ff943710000 - 0x00007ff943848000 	C:\ProgramData\A-Volute\A-Volute.28054DF1F58B4\Modules\ScheduledModules\x64\AudioDevProps2.dll
0x00007ff9b3870000 - 0x00007ff9b3a05000 	C:\WINDOWS\System32\ole32.dll
0x00007ff938450000 - 0x00007ff9384fe000 	C:\ProgramData\A-Volute\A-Volute.28054DF1F58B4\Modules\ScheduledModules\x64\NahimicOSD.dll
0x00007ff938520000 - 0x00007ff938540000 	C:\ProgramData\A-Volute\A-Volute.28054DF1F58B4\Modules\ScheduledModules\x64\ProductInfo.dll
0x00007ff942650000 - 0x00007ff942788000 	C:\ProgramData\A-Volute\A-Volute.SonicStudio3\Modules\ScheduledModules\x64\AudioDevProps2.dll
0x00007ff9b4740000 - 0x00007ff9b489d000 	C:\WINDOWS\System32\MSCTF.dll

JVMTI agents:
C:\Users\cerez\.gradle\wrapper\dists\gradle-9.3.1-bin\23ovyewtku6u96viwx3xl3oks\gradle-9.3.1\lib\agents\gradle-instrumentation-agent-9.3.1.jar path:C:\Program Files\Android\Android Studio\jbr\bin\instrument.dll, loaded, initialized, instrumentlib options:none

dbghelp: loaded successfully - version: 4.0.5 - missing functions: none
symbol engine: initialized successfully - sym options: 0x614 - pdb path: .;C:\Program Files\Android\Android Studio\jbr\bin;C:\WINDOWS\SYSTEM32;C:\WINDOWS\WinSxS\amd64_microsoft.windows.common-controls_6595b64144ccf1df_6.0.26100.8037_none_3e092faae333b53b;C:\Program Files\Android\Android Studio\jbr\bin\server;C:\Users\cerez\.gradle\native\660c5614fbf4a5f2a75b1949f50a0caf5cd603558e7d8a26e50b933a0cfb79d1\windows-amd64;C:\Users\cerez\.gradle\native\0.2.8\x86_64-windows-gnu;C:\ProgramData\A-Volute\A-Volute.28054DF1F58B4\Modules\ScheduledModules\x64;C:\ProgramData\A-Volute\A-Volute.SonicStudio3\Modules\ScheduledModules\x64

VM Arguments:
jvm_args: --add-opens=java.base/java.lang=ALL-UNNAMED --add-opens=java.base/java.lang.invoke=ALL-UNNAMED --add-opens=java.base/java.util=ALL-UNNAMED --add-opens=java.prefs/java.util.prefs=ALL-UNNAMED --add-exports=jdk.compiler/com.sun.tools.javac.api=ALL-UNNAMED --add-exports=jdk.compiler/com.sun.tools.javac.util=ALL-UNNAMED --add-opens=java.base/java.util=ALL-UNNAMED --add-opens=java.prefs/java.util.prefs=ALL-UNNAMED --add-opens=java.base/java.nio.charset=ALL-UNNAMED --add-opens=java.base/java.net=ALL-UNNAMED --add-opens=java.base/java.util.concurrent=ALL-UNNAMED --add-opens=java.base/java.util.concurrent.atomic=ALL-UNNAMED --add-opens=java.xml/javax.xml.namespace=ALL-UNNAMED --add-opens=java.base/java.time=ALL-UNNAMED -Xmx2048m -Dfile.encoding=UTF-8 -Duser.country=ES -Duser.language=es -Duser.variant -javaagent:C:\Users\cerez\.gradle\wrapper\dists\gradle-9.3.1-bin\23ovyewtku6u96viwx3xl3oks\gradle-9.3.1\lib\agents\gradle-instrumentation-agent-9.3.1.jar 
java_command: org.gradle.launcher.daemon.bootstrap.GradleDaemon 9.3.1
java_class_path (initial): C:\Users\cerez\.gradle\wrapper\dists\gradle-9.3.1-bin\23ovyewtku6u96viwx3xl3oks\gradle-9.3.1\lib\gradle-daemon-main-9.3.1.jar
Launcher Type: SUN_STANDARD

[Global flags]
     intx CICompilerCount                          = 12                                        {product} {ergonomic}
     uint ConcGCThreads                            = 3                                         {product} {ergonomic}
     uint G1ConcRefinementThreads                  = 13                                        {product} {ergonomic}
   size_t G1HeapRegionSize                         = 1048576                                   {product} {ergonomic}
    uintx GCDrainStackTargetSize                   = 64                                        {product} {ergonomic}
   size_t InitialHeapSize                          = 536870912                                 {product} {ergonomic}
   size_t MarkStackSize                            = 4194304                                   {product} {ergonomic}
   size_t MaxHeapSize                              = 2147483648                                {product} {command line}
   size_t MaxNewSize                               = 1287651328                                {product} {ergonomic}
   size_t MinHeapDeltaBytes                        = 1048576                                   {product} {ergonomic}
   size_t MinHeapSize                              = 8388608                                   {product} {ergonomic}
    uintx NonNMethodCodeHeapSize                   = 7602480                                {pd product} {ergonomic}
    uintx NonProfiledCodeHeapSize                  = 122027880                              {pd product} {ergonomic}
    uintx ProfiledCodeHeapSize                     = 122027880                              {pd product} {ergonomic}
    uintx ReservedCodeCacheSize                    = 251658240                              {pd product} {ergonomic}
     bool SegmentedCodeCache                       = true                                      {product} {ergonomic}
   size_t SoftMaxHeapSize                          = 2147483648                             {manageable} {ergonomic}
     bool UseCompressedOops                        = true                           {product lp64_product} {ergonomic}
     bool UseG1GC                                  = true                                      {product} {ergonomic}
     bool UseLargePagesIndividualAllocation        = false                                  {pd product} {ergonomic}

Logging:
Log output configuration:
 #0: stdout all=warning uptime,level,tags foldmultilines=false
 #1: stderr all=off uptime,level,tags foldmultilines=false

Release file:
JAVA_VERSION="21.0.9" 
MODULES="java.base java.compiler java.datatransfer java.xml java.prefs java.desktop java.instrument java.logging java.management java.security.sasl java.naming java.rmi java.management.rmi java.net.http java.scripting java.security.jgss java.transaction.xa java.sql java.sql.rowset java.xml.crypto java.se java.smartcardio jdk.accessibility jdk.internal.jvmstat jdk.attach jdk.charsets jdk.internal.opt jdk.zipfs jdk.compiler jdk.crypto.ec jdk.crypto.cryptoki jdk.dynalink jdk.hotspot.agent jdk.httpserver jdk.internal.ed jdk.internal.le jdk.internal.vm.ci jdk.jartool jdk.javadoc jdk.jcmd jdk.jdeps jdk.jdwp.agent jdk.jdi jdk.jfr jdk.jlink jdk.jsobject jdk.localedata jdk.management jdk.management.agent jdk.management.jfr jdk.naming.dns jdk.naming.rmi jdk.net jdk.sctp jdk.security.auth jdk.security.jgss jdk.unsupported jdk.unsupported.desktop jdk.xml.dom" 
IMPLEMENTOR="JetBrains s.r.o." 
JAVA_RUNTIME_VERSION="21.0.9+-14787801-b1163.94" 
LIBC="default" 
OS_ARCH="x86_64" 
OS_NAME="Windows" 
SOURCE=".:git:0c757ddc9f2f" 

Environment Variables:
PATH=c:\windows\system32;c:\windows;c:\windows\system32\wbem;c:\windows\system32\windowspowershell\v1.0\;c:\windows\system32\openssh\;c:\program files\nvidia corporation\nvidia app\nvdlisr;c:\program files\dotnet\;C:\Program Files (x86)\NVIDIA Corporation\PhysX\Common;C:\Program Files\Git\cmd;C:\Program Files\nodejs\;C:\Program Files\Autofirma\Autofirma;C:\Program Files\PowerShell\7\;C:\Users\cerez\AppData\Local\Programs\Python\Python313\Scripts\;C:\Users\cerez\AppData\Local\Programs\Python\Python313\;C:\Users\cerez\AppData\Local\Microsoft\WindowsApps;C:\Users\cerez\AppData\Local\Programs\Microsoft VS Code\bin;C:\ffmpeg\bin;C:\Users\cerez\AppData\Roaming\npm;C:\flutter\bin;C:\Program Files\Android\Android Studio\jbr\bin;C:\Users\cerez\AppData\Local\Android\Sdk\platform-tools;
USERNAME=cerez
OS=Windows_NT
PROCESSOR_IDENTIFIER=AMD64 Family 25 Model 33 Stepping 2, AuthenticAMD
TMP=C:\Users\cerez\AppData\Local\Temp
TEMP=C:\Users\cerez\AppData\Local\Temp




Periodic native trim disabled

JNI global refs:
JNI global refs: 72, weak refs: 15

JNI global refs memory usage: 1467, weak refs: 833

Process memory usage:
Resident Set Size: 1821448K (5% of 33460100K total physical memory with 18586528K free physical memory)

OOME stack traces (most recent first):
Classloader memory used:
Loader java.net.URLClassLoader                                                         : 53589K
Loader org.gradle.internal.classloader.VisitableURLClassLoader$InstrumentingVisitableURLClassLoader: 48344K
Loader org.gradle.internal.classloader.VisitableURLClassLoader                         : 44887K
Loader bootstrap                                                                       : 32324K
Loader org.gradle.initialization.MixInLegacyTypesClassLoader                           : 13421K
Loader jdk.internal.reflect.DelegatingClassLoader                                      : 472K
Loader com.intellij.util.lang.UrlClassLoader                                           : 411K
Loader org.gradle.internal.classloader.VisitableURLClassLoader                         : 253K
Loader jdk.internal.loader.ClassLoaders$AppClassLoader                                 : 231K
Loader jdk.internal.loader.ClassLoaders$PlatformClassLoader                            : 184K
Loader org.gradle.groovy.scripts.internal.DefaultScriptCompilationHandler$ScriptClassLoader: 129K
Loader sun.reflect.misc.MethodUtil                                                     : 2984B

Classes loaded by more than one classloader:
Class Program                                                                         : loaded 5 times (x 72B)
Class com.google.common.base.Equivalence$Identity                                     : loaded 3 times (x 82B)
Class com.google.common.collect.RegularImmutableMap$KeySet                            : loaded 3 times (x 152B)
Class com.google.common.collect.Iterators$MergingIterator                             : loaded 3 times (x 81B)
Class com.google.common.io.ByteSource                                                 : loaded 3 times (x 84B)
Class com.google.common.collect.ImmutableList$SubList                                 : loaded 3 times (x 209B)
Class com.google.common.collect.ImmutableSet$SetBuilderImpl                           : loaded 3 times (x 76B)
Class com.google.common.collect.ImmutableList                                         : loaded 3 times (x 206B)
Class Build_gradle                                                                    : loaded 3 times (x 126B)
Class com.google.common.base.CharMatcher$InRange                                      : loaded 3 times (x 111B)
Class com.google.common.collect.Maps$BiMapConverter                                   : loaded 3 times (x 90B)
Class com.google.common.collect.ImmutableMapEntrySet$RegularEntrySet                  : loaded 3 times (x 152B)
Class org.objectweb.asm.ModuleWriter                                                  : loaded 3 times (x 82B)
Class com.google.common.base.CharMatcher$NamedFastMatcher                             : loaded 3 times (x 112B)
Class com.google.common.base.CharMatcher$1                                            : loaded 3 times (x 113B)
Class org.objectweb.asm.MethodVisitor                                                 : loaded 3 times (x 105B)
Class org.objectweb.asm.Frame                                                         : loaded 3 times (x 73B)
Class com.google.common.base.Joiner$2                                                 : loaded 3 times (x 79B)
Class com.google.common.collect.Maps$IteratorBasedAbstractMap                         : loaded 3 times (x 125B)
Class com.google.common.base.CharMatcher                                              : loaded 3 times (x 111B)
Class org.objectweb.asm.Label                                                         : loaded 3 times (x 73B)
Class org.objectweb.asm.ClassTooLargeException                                        : loaded 3 times (x 83B)
Class org.objectweb.asm.CurrentFrame                                                  : loaded 3 times (x 73B)
Class com.google.common.base.Joiner$1                                                 : loaded 3 times (x 80B)
Class com.google.common.collect.PeekingIterator                                       : loaded 3 times (x 70B)
Class com.google.common.base.CharMatcher$IsEither                                     : loaded 3 times (x 111B)
Class com.google.common.base.Preconditions                                            : loaded 3 times (x 71B)
Class com.google.common.collect.Hashing                                               : loaded 3 times (x 71B)
Class com.google.common.collect.ImmutableList$1                                       : loaded 3 times (x 97B)
Class com.google.common.hash.PrimitiveSink                                            : loaded 3 times (x 70B)
Class com.google.common.base.PatternCompiler                                          : loaded 3 times (x 70B)
Class com.google.common.base.Equivalence$Equals                                       : loaded 3 times (x 82B)
Class com.google.common.base.CharMatcher$Is                                           : loaded 3 times (x 111B)
Class com.google.common.base.CharMatcher$Negated                                      : loaded 3 times (x 113B)
Class com.google.common.collect.RegularImmutableBiMap                                 : loaded 3 times (x 149B)
Class com.google.common.collect.RegularImmutableMap$BucketOverflowException           : loaded 3 times (x 82B)
Class com.google.common.collect.ImmutableEnumSet                                      : loaded 3 times (x 146B)
Class org.objectweb.asm.MethodWriter                                                  : loaded 3 times (x 106B)
Class com.google.common.collect.ImmutableSet$RegularSetBuilderImpl                    : loaded 3 times (x 77B)
Class com.google.common.collect.RegularImmutableMap                                   : loaded 3 times (x 121B)
Class com.google.common.collect.ImmutableMap$MapViewOfValuesAsSingletonSets           : loaded 3 times (x 126B)
Class org.objectweb.asm.SymbolTable                                                   : loaded 3 times (x 72B)
Class com.google.common.io.Files                                                      : loaded 3 times (x 71B)
Class com.google.common.collect.SortedMapDifference                                   : loaded 3 times (x 70B)
Class com.google.common.collect.CollectPreconditions                                  : loaded 3 times (x 71B)
Class com.google.common.collect.ImmutableEntry                                        : loaded 3 times (x 82B)
Class [Lcom.google.common.collect.AbstractMapEntry;                                   : loaded 3 times (x 69B)
Class com.google.common.collect.ArrayListMultimap                                     : loaded 3 times (x 172B)
Class com.google.common.collect.UnmodifiableListIterator                              : loaded 3 times (x 95B)
Class [Lorg.objectweb.asm.Symbol;                                                     : loaded 3 times (x 69B)
Class org.objectweb.asm.ClassVisitor                                                  : loaded 3 times (x 88B)
Class com.google.common.base.CharMatcher$NegatedFastMatcher                           : loaded 3 times (x 113B)
Class com.google.common.collect.ImmutableMap                                          : loaded 3 times (x 120B)
Class com.google.common.base.Predicate                                                : loaded 3 times (x 70B)
Class com.google.common.collect.Sets                                                  : loaded 3 times (x 71B)
Class com.google.common.base.CharMatcher$FastMatcher                                  : loaded 3 times (x 111B)
Class org.objectweb.asm.Handler                                                       : loaded 3 times (x 72B)
Class com.google.common.base.Platform$JdkPatternCompiler                              : loaded 3 times (x 75B)
Class org.objectweb.asm.MethodTooLargeException                                       : loaded 3 times (x 83B)
Class com.google.common.base.Strings                                                  : loaded 3 times (x 71B)
Class org.objectweb.asm.Attribute                                                     : loaded 3 times (x 77B)
Class com.google.common.base.Supplier                                                 : loaded 3 times (x 70B)
Class com.google.common.base.CharMatcher$Or                                           : loaded 3 times (x 112B)
Class com.google.common.io.Closer$Suppressor                                          : loaded 3 times (x 70B)
Class com.google.common.io.LineProcessor                                              : loaded 3 times (x 70B)
Class org.objectweb.asm.RecordComponentWriter                                         : loaded 3 times (x 78B)
Class org.objectweb.asm.AnnotationWriter                                              : loaded 3 times (x 79B)
Class com.google.common.collect.ImmutableSet                                          : loaded 3 times (x 145B)
Class com.google.common.base.CharMatcher$BitSetMatcher                                : loaded 3 times (x 112B)
Class com.google.common.io.Closer                                                     : loaded 3 times (x 78B)
Class com.google.common.collect.RegularImmutableMap$Values                            : loaded 3 times (x 207B)
Class org.objectweb.asm.Symbol                                                        : loaded 3 times (x 73B)
Class com.google.common.math.IntMath$1                                                : loaded 3 times (x 71B)
Class com.google.common.io.Files$FileByteSink                                         : loaded 3 times (x 77B)
Class org.objectweb.asm.ByteVector                                                    : loaded 3 times (x 79B)
Class com.google.common.graph.SuccessorsFunction                                      : loaded 3 times (x 70B)
Class org.objectweb.asm.Type                                                          : loaded 3 times (x 72B)
Class com.google.common.collect.Sets$SetView                                          : loaded 3 times (x 138B)
Class [Lcom.google.common.collect.ImmutableMapEntry;                                  : loaded 3 times (x 69B)
Class [Lcom.google.common.collect.Iterators$EmptyModifiableIterator;                  : loaded 3 times (x 69B)
Class com.google.common.collect.Maps$8                                                : loaded 3 times (x 82B)
Class [Lorg.objectweb.asm.AnnotationWriter;                                           : loaded 3 times (x 69B)
Class com.google.common.base.Platform                                                 : loaded 3 times (x 71B)
Class com.google.common.collect.ListMultimap                                          : loaded 3 times (x 70B)
Class [Lcom.google.common.collect.ImmutableEntry;                                     : loaded 3 times (x 69B)
Class com.google.common.collect.Maps                                                  : loaded 3 times (x 71B)
Class com.google.common.collect.RegularImmutableList                                  : loaded 3 times (x 213B)
Class com.google.common.collect.ImmutableEnumMap                                      : loaded 3 times (x 126B)
Class com.google.common.base.Function                                                 : loaded 3 times (x 70B)
Class com.google.common.collect.ImmutableMapEntry$NonTerminalImmutableMapEntry        : loaded 3 times (x 85B)
Class com.google.common.collect.Iterators$EmptyModifiableIterator                     : loaded 3 times (x 86B)
Class org.objectweb.asm.AnnotationVisitor                                             : loaded 3 times (x 78B)
Class com.google.common.base.Equivalence                                              : loaded 3 times (x 82B)
Class com.google.common.collect.ImmutableMapEntry                                     : loaded 3 times (x 85B)
Class com.google.common.math.IntMath                                                  : loaded 3 times (x 71B)
Class com.google.common.base.CommonPattern                                            : loaded 3 times (x 74B)
Class com.google.common.base.CharMatcher$IsNot                                        : loaded 3 times (x 111B)
Class com.google.common.collect.RegularImmutableSet                                   : loaded 3 times (x 149B)
Class com.google.common.collect.Maps$EntryTransformer                                 : loaded 3 times (x 70B)
Class org.objectweb.asm.RecordComponentVisitor                                        : loaded 3 times (x 77B)
Class com.google.common.collect.Sets$1                                                : loaded 3 times (x 139B)
Class com.google.common.collect.ImmutableAsList                                       : loaded 3 times (x 209B)
Class com.google.common.collect.AbstractMapBasedMultimap                              : loaded 3 times (x 139B)
Class com.google.common.collect.Iterators$9                                           : loaded 3 times (x 81B)
Class com.google.common.base.FunctionalEquivalence                                    : loaded 3 times (x 83B)
Class com.google.common.collect.Lists                                                 : loaded 3 times (x 71B)
Class com.google.common.base.Converter                                                : loaded 3 times (x 90B)
Class com.google.common.collect.ImmutableSet$CachingAsList                            : loaded 3 times (x 148B)
Class com.google.common.collect.ImmutableCollection                                   : loaded 3 times (x 125B)
Class com.google.common.base.CharMatcher$AnyOf                                        : loaded 3 times (x 112B)
Class com.google.common.base.CharMatcher$ForPredicate                                 : loaded 3 times (x 112B)
Class com.google.common.collect.ImmutableSet$JdkBackedSetBuilderImpl                  : loaded 3 times (x 76B)
Class com.google.common.collect.Iterators$5                                           : loaded 3 times (x 82B)
Class com.google.common.collect.Sets$2                                                : loaded 3 times (x 139B)
Class com.google.common.collect.ImmutableBiMap                                        : loaded 3 times (x 143B)
Class [Lorg.objectweb.asm.SymbolTable$Entry;                                          : loaded 3 times (x 69B)
Class com.google.common.collect.AbstractListMultimap                                  : loaded 3 times (x 172B)
Class [Lorg.objectweb.asm.AnnotationVisitor;                                          : loaded 3 times (x 69B)
Class com.google.common.collect.Iterators$4                                           : loaded 3 times (x 82B)
Class com.google.common.collect.ImmutableMap$IteratorBasedImmutableMap                : loaded 3 times (x 126B)
Class com.google.common.collect.SingletonImmutableSet                                 : loaded 3 times (x 146B)
Class org.objectweb.asm.Edge                                                          : loaded 3 times (x 72B)
Class com.google.common.collect.Sets$3                                                : loaded 3 times (x 139B)
Class com.google.common.collect.Iterators$1                                           : loaded 3 times (x 81B)
Class org.objectweb.asm.SymbolTable$Entry                                             : loaded 3 times (x 74B)
Class com.google.common.base.JdkPattern                                               : loaded 3 times (x 75B)
Class org.objectweb.asm.ModuleVisitor                                                 : loaded 3 times (x 81B)
Class com.google.common.io.Files$FileByteSource                                       : loaded 3 times (x 85B)
Class com.google.common.collect.ImmutableList$ReverseImmutableList                    : loaded 3 times (x 209B)
Class com.google.common.base.PairwiseEquivalence                                      : loaded 3 times (x 83B)
Class com.google.common.collect.Sets$4                                                : loaded 3 times (x 139B)
Class com.google.common.io.ByteSink                                                   : loaded 3 times (x 76B)
Class com.google.common.collect.SingletonImmutableList                                : loaded 3 times (x 207B)
Class com.google.common.base.ExtraObjectsMethodsForWeb                                : loaded 3 times (x 71B)
Class com.google.common.collect.Multimap                                              : loaded 3 times (x 70B)
Class com.google.common.primitives.IntsMethodsForWeb                                  : loaded 3 times (x 71B)
Class com.google.common.collect.ImmutableMap$Builder                                  : loaded 3 times (x 82B)
Class com.google.common.collect.ImmutableMapEntrySet                                  : loaded 3 times (x 152B)
Class com.google.common.math.MathPreconditions                                        : loaded 3 times (x 71B)
Class com.google.common.collect.AbstractIndexedListIterator                           : loaded 3 times (x 96B)
Class com.google.common.collect.ObjectArrays                                          : loaded 3 times (x 71B)
Class com.google.common.collect.ArrayListMultimapGwtSerializationDependencies         : loaded 3 times (x 172B)
Class com.google.common.collect.Multiset                                              : loaded 3 times (x 70B)
Class com.google.common.primitives.Ints                                               : loaded 3 times (x 71B)
Class com.google.common.collect.AbstractIterator                                      : loaded 3 times (x 82B)
Class com.google.common.collect.BiMap                                                 : loaded 3 times (x 70B)
Class com.google.common.collect.ImmutableMap$1                                        : loaded 3 times (x 81B)
Class com.google.common.collect.IndexedImmutableSet                                   : loaded 3 times (x 152B)
Class org.objectweb.asm.FieldVisitor                                                  : loaded 3 times (x 77B)
Class com.google.common.collect.AbstractMapBasedMultimap$Itr                          : loaded 3 times (x 83B)
Class com.google.common.collect.MapDifference                                         : loaded 3 times (x 70B)
Class com.google.common.base.Objects                                                  : loaded 3 times (x 71B)
Class com.google.common.base.CharMatcher$And                                          : loaded 3 times (x 112B)
Class org.objectweb.asm.FieldWriter                                                   : loaded 3 times (x 78B)
Class org.objectweb.asm.ClassWriter                                                   : loaded 3 times (x 106B)
Class com.google.common.collect.Lists$StringAsImmutableList                           : loaded 3 times (x 207B)
Class com.google.common.collect.Iterators                                             : loaded 3 times (x 71B)
Class com.google.common.collect.RegularImmutableAsList                                : loaded 3 times (x 217B)
Class com.google.common.collect.AbstractMultimap                                      : loaded 3 times (x 123B)
Class com.google.common.collect.AbstractMapEntry                                      : loaded 3 times (x 81B)
Class com.google.common.collect.Iterators$SingletonIterator                           : loaded 3 times (x 81B)
Class com.google.common.collect.Iterators$ArrayItr                                    : loaded 3 times (x 97B)
Class com.google.common.collect.ImmutableCollection$Builder                           : loaded 3 times (x 76B)
Class com.google.common.collect.SingletonImmutableBiMap                               : loaded 3 times (x 143B)
Class com.google.common.collect.UnmodifiableIterator                                  : loaded 3 times (x 80B)
Class [Lorg.objectweb.asm.Type;                                                       : loaded 3 times (x 69B)
Class com.google.common.collect.Platform                                              : loaded 3 times (x 71B)
Class com.google.common.base.Joiner                                                   : loaded 3 times (x 79B)
Class com.google.common.base.MoreObjects                                              : loaded 3 times (x 71B)
Class kotlin.enums.EnumEntriesList                                                    : loaded 2 times (x 223B)
Class com.google.common.collect.ImmutableRangeSet$AsSet                               : loaded 2 times (x 300B)
Class com.google.common.collect.ImmutableListMultimap                                 : loaded 2 times (x 176B)
Class com.google.common.cache.CacheLoader$FunctionToCacheLoader                       : loaded 2 times (x 75B)
Class kotlin.jvm.internal.FunctionBase                                                : loaded 2 times (x 70B)
Class kotlin.jvm.internal.FunctionReference                                           : loaded 2 times (x 122B)
Class kotlin.reflect.jvm.internal.impl.name.FqNamesUtilKt                             : loaded 2 times (x 71B)
Class kotlin.reflect.jvm.internal.impl.name.StandardClassIdsKt                        : loaded 2 times (x 71B)
Class kotlin.collections.CollectionsKt__IteratorsJVMKt                                : loaded 2 times (x 71B)
Class kotlin.comparisons.ComparisonsKt___ComparisonsJvmKt                             : loaded 2 times (x 71B)
Class com.google.common.collect.EmptyImmutableListMultimap                            : loaded 2 times (x 176B)
Class com.google.common.collect.BaseImmutableMultimap                                 : loaded 2 times (x 123B)
Class com.android.tools.lint.model.DefaultLintModelArtifact                           : loaded 2 times (x 84B)
Class it.unimi.dsi.fastutil.objects.ReferenceCollection                               : loaded 2 times (x 70B)
Class [Lorg.objectweb.asm.Attribute;                                                  : loaded 2 times (x 69B)
Class kotlin.reflect.KProperty0                                                       : loaded 2 times (x 70B)
Class kotlin.Result                                                                   : loaded 2 times (x 72B)
Class it.unimi.dsi.fastutil.ints.IntCollection                                        : loaded 2 times (x 70B)
Class [Lkotlin.coroutines.intrinsics.CoroutineSingletons;                             : loaded 2 times (x 69B)
Class org.gradle.internal.service.ServiceLocator                                      : loaded 2 times (x 70B)
Class kotlin.reflect.jvm.internal.impl.name.StandardClassIds                          : loaded 2 times (x 71B)
Class org.gradle.internal.classloader.InstrumentingClassLoader                        : loaded 2 times (x 70B)
Class com.google.common.collect.HashBiMap$BiEntry                                     : loaded 2 times (x 83B)
Class org.gradle.internal.classpath.TransformedClassPath                              : loaded 2 times (x 96B)
Class kotlin.reflect.jvm.internal.KProperty2Impl$$Lambda$0                            : loaded 2 times (x 76B)
Class kotlin.reflect.KProperty1                                                       : loaded 2 times (x 70B)
Class kotlin.reflect.KClass                                                           : loaded 2 times (x 70B)
Class kotlin.Pair                                                                     : loaded 2 times (x 72B)
Class com.android.tools.lint.model.LintModelModuleType                                : loaded 2 times (x 79B)
Class kotlin.sequences.TransformingSequence$iterator$1                                : loaded 2 times (x 79B)
Class [Lkotlin.Function;                                                              : loaded 2 times (x 69B)
Class com.google.common.base.Ascii                                                    : loaded 2 times (x 71B)
Class com.google.common.cache.LocalCache$1                                            : loaded 2 times (x 89B)
Class com.google.common.cache.CacheBuilder$NullListener                               : loaded 2 times (x 82B)
Class kotlin.reflect.jvm.internal.KProperty2Impl$$Lambda$1                            : loaded 2 times (x 76B)
Class kotlin.reflect.KProperty2                                                       : loaded 2 times (x 70B)
Class kotlin.io.CloseableKt                                                           : loaded 2 times (x 71B)
Class com.android.tools.lint.model.LintModelDependency                                : loaded 2 times (x 70B)
Class kotlin.collections.CollectionsKt__MutableCollectionsKt                          : loaded 2 times (x 71B)
Class com.google.common.io.ByteSource$ByteArrayByteSource                             : loaded 2 times (x 85B)
Class com.google.common.reflect.TypeToken$SimpleTypeToken                             : loaded 2 times (x 73B)
Class com.google.common.collect.Sets$ImprovedAbstractSet                              : loaded 2 times (x 135B)
Class com.google.common.collect.ImmutableList$Builder                                 : loaded 2 times (x 77B)
Class com.google.common.cache.LocalCache$2                                            : loaded 2 times (x 142B)
Class [Lcom.android.resources.Density;                                                : loaded 2 times (x 69B)
Class com.google.common.hash.AbstractHashFunction                                     : loaded 2 times (x 95B)
Class it.unimi.dsi.fastutil.ints.IntSpliterator                                       : loaded 2 times (x 70B)
Class kotlin.reflect.jvm.internal.impl.utils.CollectionsKt                            : loaded 2 times (x 71B)
Class kotlin.reflect.jvm.internal.CacheByClass                                        : loaded 2 times (x 73B)
Class kotlin.coroutines.CoroutineContext$Element                                      : loaded 2 times (x 70B)
Class com.google.common.reflect.Invokable                                             : loaded 2 times (x 103B)
Class kotlin.io.FilesKt__FilePathComponentsKt                                         : loaded 2 times (x 71B)
Class kotlin.reflect.KCallable                                                        : loaded 2 times (x 70B)
Class com.google.common.collect.ImmutableRangeSet$1                                   : loaded 2 times (x 210B)
Class kotlin.collections.AbstractIterator                                             : loaded 2 times (x 83B)
Class kotlin.text.Regex$Companion                                                     : loaded 2 times (x 71B)
Class kotlin.text.CharsKt                                                             : loaded 2 times (x 71B)
Class com.android.io.CancellableFileIo                                                : loaded 2 times (x 71B)
Class com.google.common.collect.Range                                                 : loaded 2 times (x 87B)
Class com.google.common.base.Optional                                                 : loaded 2 times (x 80B)
Class com.google.common.util.concurrent.AbstractFuture$Trusted                        : loaded 2 times (x 70B)
Class com.android.resources.Density                                                   : loaded 2 times (x 92B)
Class kotlin.reflect.jvm.internal.KMutableProperty1Impl                               : loaded 2 times (x 135B)
Class kotlin.reflect.jvm.internal.impl.builtins.functions.FunctionTypeKind$SuspendFunction: loaded 2 times (x 72B)
Class kotlin.jvm.internal.PropertyReference2Impl                                      : loaded 2 times (x 127B)
Class kotlin.coroutines.ContinuationInterceptor$Key                                   : loaded 2 times (x 71B)
Class kotlin.text.DelimitedRangesSequence$iterator$1                                  : loaded 2 times (x 79B)
Class it.unimi.dsi.fastutil.Function                                                  : loaded 2 times (x 70B)
Class com.android.tools.lint.model.DefaultLintModelLibraryResolver                    : loaded 2 times (x 76B)
Class kotlin._Assertions                                                              : loaded 2 times (x 71B)
Class com.google.common.util.concurrent.UncheckedExecutionException                   : loaded 2 times (x 82B)
Class org.gradle.kotlin.dsl.VersionCatalogAccessorsKt                                 : loaded 2 times (x 71B)
Class com.android.tools.lint.model.LintModelModuleLoader                              : loaded 2 times (x 70B)
Class kotlin.time.DurationUnitKt__DurationUnitJvmKt                                   : loaded 2 times (x 71B)
Class kotlin.reflect.jvm.internal.impl.builtins.functions.FunctionTypeKind            : loaded 2 times (x 72B)
Class it.unimi.dsi.fastutil.ints.IntArraySet                                          : loaded 2 times (x 235B)
Class kotlin.reflect.jvm.internal.ReflectionFactoryImpl                               : loaded 2 times (x 91B)
Class com.android.ide.common.gradle.Separator                                         : loaded 2 times (x 79B)
Class com.android.tools.lint.model.LintModelSourceProvider                            : loaded 2 times (x 70B)
Class kotlin.collections.MapsKt__MapsJVMKt                                            : loaded 2 times (x 71B)
Class kotlin.collections.EmptyList                                                    : loaded 2 times (x 174B)
Class [Lcom.android.prefs.VariableValue;                                              : loaded 2 times (x 69B)
Class kotlin.collections.ArraysKt___ArraysKt$asSequence$$inlined$Sequence$1           : loaded 2 times (x 75B)
Class com.android.tools.lint.model.PathVariables$Companion                            : loaded 2 times (x 71B)
Class com.google.common.cache.LocalCache$Strength$3                                   : loaded 2 times (x 81B)
Class com.google.common.collect.AbstractMapBasedMultimap$KeySet$1                     : loaded 2 times (x 82B)
Class com.google.common.cache.CacheLoader$UnsupportedLoadingOperationException        : loaded 2 times (x 82B)
Class org.gradle.internal.classloader.ClasspathUtil$1                                 : loaded 2 times (x 76B)
Class com.google.common.io.ByteStreams                                                : loaded 2 times (x 71B)
Class kotlin.text.StringsKt__RegexExtensionsJVMKt                                     : loaded 2 times (x 71B)
Class com.google.common.base.Splitter$1                                               : loaded 2 times (x 77B)
Class kotlin.collections.ArraysKt___ArraysJvmKt                                       : loaded 2 times (x 71B)
Class kotlin.collections.CollectionsKt__CollectionsKt                                 : loaded 2 times (x 71B)
Class kotlin.reflect.jvm.internal.impl.builtins.StandardNames$FqNames                 : loaded 2 times (x 71B)
Class it.unimi.dsi.fastutil.objects.ObjectOpenHashSet                                 : loaded 2 times (x 187B)
Class kotlin.coroutines.ContinuationKt                                                : loaded 2 times (x 71B)
Class com.android.tools.lint.model.LintModelDependencyGraph                           : loaded 2 times (x 70B)
Class com.android.tools.lint.model.LintModelSerialization$TargetFile                  : loaded 2 times (x 79B)
Class org.gradle.api.internal.classpath.DefaultModuleRegistry$DefaultModule           : loaded 2 times (x 86B)
Class com.android.tools.lint.model.LintModelModuleLibrary                             : loaded 2 times (x 70B)
Class kotlin.reflect.jvm.internal.ClassValueCache                                     : loaded 2 times (x 74B)
Class kotlin.ResultKt                                                                 : loaded 2 times (x 71B)
Class kotlin.reflect.KTypeParameter                                                   : loaded 2 times (x 70B)
Class com.android.tools.lint.model.DefaultLintModelDependencies                       : loaded 2 times (x 78B)
Class com.android.ide.common.repository.AgpVersion                                    : loaded 2 times (x 75B)
Class com.google.common.base.Absent                                                   : loaded 2 times (x 80B)
Class it.unimi.dsi.fastutil.ints.IntIterator                                          : loaded 2 times (x 70B)
Class org.objectweb.asm.Handle                                                        : loaded 2 times (x 72B)
Class com.google.common.collect.TransformedIterator                                   : loaded 2 times (x 80B)
Class com.google.common.cache.LocalCache$Strength$2                                   : loaded 2 times (x 81B)
Class kotlin.reflect.jvm.internal.KProperty2Impl                                      : loaded 2 times (x 128B)
Class kotlin.Result$Failure                                                           : loaded 2 times (x 72B)
Class com.google.common.util.concurrent.SettableFuture                                : loaded 2 times (x 114B)
Class kotlin.collections.ArraysKt__ArraysKt                                           : loaded 2 times (x 71B)
Class kotlin.coroutines.jvm.internal.ContinuationImpl                                 : loaded 2 times (x 87B)
Class it.unimi.dsi.fastutil.ints.IntArrays$ForkJoinQuickSort2                         : loaded 2 times (x 96B)
Class it.unimi.dsi.fastutil.objects.ObjectBidirectionalIterator                       : loaded 2 times (x 70B)
Class kotlin.reflect.jvm.internal.impl.builtins.jvm.JavaToKotlinClassMap              : loaded 2 times (x 71B)
Class kotlin.reflect.jvm.internal.KotlinReflectionInternalError                       : loaded 2 times (x 82B)
Class com.android.tools.lint.model.DefaultLintModelVariant$artifact$2                 : loaded 2 times (x 79B)
Class kotlin.collections.SetsKt__SetsJVMKt                                            : loaded 2 times (x 71B)
Class com.android.tools.lint.model.LintModelMavenName$Companion                       : loaded 2 times (x 71B)
Class kotlin.Function                                                                 : loaded 2 times (x 70B)
Class org.gradle.api.internal.classpath.Module                                        : loaded 2 times (x 70B)
Class kotlin.KotlinVersion                                                            : loaded 2 times (x 74B)
Class com.google.common.collect.AbstractMultimap$Values                               : loaded 2 times (x 118B)
Class kotlin.reflect.jvm.internal.KClassImpl$Data$$Lambda$0                           : loaded 2 times (x 76B)
Class kotlin.reflect.jvm.internal.KClassifierImpl                                     : loaded 2 times (x 70B)
Class kotlin.reflect.KMutableProperty                                                 : loaded 2 times (x 70B)
Class kotlin.internal.ProgressionUtilKt                                               : loaded 2 times (x 71B)
Class kotlin.collections.CharIterator                                                 : loaded 2 times (x 82B)
Class com.google.common.cache.Weigher                                                 : loaded 2 times (x 70B)
Class org.gradle.api.internal.classpath.UnknownModuleException                        : loaded 2 times (x 82B)
Class androidx.lifecycle.lint.LiveDataCoreIssueRegistry                               : loaded 2 times (x 83B)
Class kotlin.reflect.jvm.internal.KClassImpl$Data$$Lambda$1                           : loaded 2 times (x 76B)
Class kotlin.reflect.jvm.internal.impl.name.FqNameUnsafe$Companion                    : loaded 2 times (x 71B)
Class kotlin.jvm.internal.PropertyReference                                           : loaded 2 times (x 115B)
Class com.android.prefs.VariableValue                                                 : loaded 2 times (x 82B)
Class com.android.prefs.AbstractAndroidLocations$Companion                            : loaded 2 times (x 71B)
Class com.google.common.base.Stopwatch                                                : loaded 2 times (x 72B)
Class com.google.common.cache.LocalCache$Strength                                     : loaded 2 times (x 81B)
Class com.google.common.cache.Cache                                                   : loaded 2 times (x 70B)
Class kotlin.reflect.jvm.internal.KPackageImpl$$Lambda$0                              : loaded 2 times (x 76B)
Class kotlin.coroutines.jvm.internal.SuspendLambda                                    : loaded 2 times (x 91B)
Class com.google.common.io.Files$2                                                    : loaded 2 times (x 76B)
Class kotlin.reflect.jvm.internal.KClassImpl$Data$$Lambda$2                           : loaded 2 times (x 76B)
Class com.android.tools.lint.model.LintModelAndroidArtifact                           : loaded 2 times (x 70B)
Class [Lcom.android.tools.lint.model.LintModelSerialization$TargetFile;               : loaded 2 times (x 69B)
Class com.google.common.base.NullnessCasts                                            : loaded 2 times (x 71B)
Class com.google.common.collect.AbstractMultimap$Entries                              : loaded 2 times (x 120B)
Class com.google.common.util.concurrent.AbstractFuture$Cancellation                   : loaded 2 times (x 72B)
Class com.google.common.collect.AbstractMapBasedMultimap$WrappedCollection$WrappedIterator: loaded 2 times (x 84B)
Class com.android.tools.lint.model.LintModelJavaArtifact                              : loaded 2 times (x 70B)
Class kotlin.io.ByteStreamsKt                                                         : loaded 2 times (x 71B)
Class [Lkotlin.reflect.jvm.internal.impl.builtins.PrimitiveType;                      : loaded 2 times (x 69B)
Class kotlin.reflect.jvm.internal.impl.builtins.StandardNames                         : loaded 2 times (x 71B)
Class kotlin.reflect.jvm.internal.KClassImpl$Data$$Lambda$3                           : loaded 2 times (x 76B)
Class kotlin.reflect.jvm.internal.ReflectProperties$LazySoftVal                       : loaded 2 times (x 78B)
Class [Lkotlin.reflect.KAnnotatedElement;                                             : loaded 2 times (x 69B)
Class com.google.common.base.Present                                                  : loaded 2 times (x 81B)
Class com.google.common.cache.RemovalListener                                         : loaded 2 times (x 70B)
Class org.gradle.api.internal.DefaultClassPathRegistry                                : loaded 2 times (x 76B)
Class kotlin.jvm.JvmClassMappingKt                                                    : loaded 2 times (x 71B)
Class kotlin.reflect.jvm.internal.KClassImpl$Data$$Lambda$4                           : loaded 2 times (x 76B)
Class kotlin.reflect.jvm.internal.KPropertyImpl                                       : loaded 2 times (x 115B)
Class kotlin.jvm.internal.Reflection                                                  : loaded 2 times (x 71B)
Class kotlin.reflect.KProperty                                                        : loaded 2 times (x 70B)
Class it.unimi.dsi.fastutil.objects.ObjectSpliterator                                 : loaded 2 times (x 70B)
Class kotlin.jvm.functions.Function22                                                 : loaded 2 times (x 70B)
Class kotlin.ranges.ClosedRange                                                       : loaded 2 times (x 70B)
Class com.android.sdklib.AndroidApiLevel                                              : loaded 2 times (x 74B)
Class com.android.tools.lint.model.LintModelLintOptions                               : loaded 2 times (x 70B)
Class com.android.prefs.PathLocator$singlePathOf$values$1                             : loaded 2 times (x 79B)
Class com.android.tools.lint.model.PathVariables$Companion$PATH_COMPARATOR$1          : loaded 2 times (x 78B)
Class com.google.common.reflect.Invokable$ConstructorInvokable                        : loaded 2 times (x 107B)
Class com.google.common.collect.ImmutableMultimap$Keys                                : loaded 2 times (x 166B)
Class org.gradle.api.internal.ClassPathRegistry                                       : loaded 2 times (x 70B)
Class org.gradle.internal.classpath.DefaultClassPath$ImmutableUniqueList              : loaded 2 times (x 199B)
Class com.google.common.collect.MapMakerInternalMap$Segment                           : loaded 2 times (x 142B)
Class kotlin.collections.MapWithDefault                                               : loaded 2 times (x 70B)
Class com.google.common.collect.NullnessCasts                                         : loaded 2 times (x 71B)
Class kotlin.collections.IntIterator                                                  : loaded 2 times (x 82B)
Class kotlin.reflect.jvm.internal.impl.resolve.jvm.JvmPrimitiveType                   : loaded 2 times (x 79B)
Class kotlin.reflect.jvm.internal.KClassImpl$Data$$Lambda$5                           : loaded 2 times (x 76B)
Class kotlin.reflect.jvm.internal.KClassImpl$Companion                                : loaded 2 times (x 71B)
Class kotlin.reflect.jvm.internal.ComputableClassValue                                : loaded 2 times (x 80B)
Class kotlin.jvm.internal.TypeIntrinsics                                              : loaded 2 times (x 71B)
Class com.android.prefs.PathLocator$singlePathOf$values$2                             : loaded 2 times (x 78B)
Class com.android.tools.lint.model.PathVariables$Companion$PATH_COMPARATOR$2          : loaded 2 times (x 78B)
Class kotlin.text.StringsKt__StringsJVMKt                                             : loaded 2 times (x 71B)
Class com.google.common.reflect.TypeToken                                             : loaded 2 times (x 73B)
Class kotlin.time.DurationUnit                                                        : loaded 2 times (x 79B)
Class com.google.common.cache.LocalCache$Strength$1                                   : loaded 2 times (x 81B)
Class com.google.common.io.ByteArrayDataInput                                         : loaded 2 times (x 70B)
Class kotlin.reflect.jvm.internal.KClassImpl$Data$$Lambda$6                           : loaded 2 times (x 76B)
Class kotlin.collections.SetsKt                                                       : loaded 2 times (x 71B)
Class com.android.tools.lint.model.PathVariables$Companion$PATH_COMPARATOR$3          : loaded 2 times (x 78B)
Class kotlin.text.StringsKt__IndentKt                                                 : loaded 2 times (x 71B)
Class kotlin.reflect.jvm.internal.impl.name.ClassId                                   : loaded 2 times (x 72B)
Class com.google.common.cache.CacheBuilder                                            : loaded 2 times (x 72B)
Class Settings_gradle$1                                                               : loaded 2 times (x 74B)
Class ijJvmDebugger1_1grofuh2frvnxsjoafny883mt$_run_closure1                          : loaded 2 times (x 139B)
Class org.gradle.internal.classpath.ClassPath                                         : loaded 2 times (x 70B)
Class kotlin.collections.ArrayDeque                                                   : loaded 2 times (x 207B)
Class kotlin.jvm.functions.Function21                                                 : loaded 2 times (x 70B)
Class kotlin.reflect.jvm.internal.KPackageImpl                                        : loaded 2 times (x 85B)
Class com.google.common.hash.Hasher                                                   : loaded 2 times (x 70B)
Class kotlin.reflect.jvm.internal.KClassImpl$Data$$Lambda$7                           : loaded 2 times (x 76B)
Class [Lkotlin.reflect.jvm.internal.impl.name.FqName;                                 : loaded 2 times (x 69B)
Class kotlin.reflect.KFunction                                                        : loaded 2 times (x 70B)
Class com.android.tools.lint.model.PathVariables$Companion$PATH_COMPARATOR$4          : loaded 2 times (x 78B)
Class com.google.common.collect.MapMakerInternalMap$StrongValueEntry                  : loaded 2 times (x 70B)
Class kotlin.time.DurationUnitKt__DurationUnitKt                                      : loaded 2 times (x 71B)
Class org.gradle.internal.service.UnknownServiceException                             : loaded 2 times (x 83B)
Class kotlin.reflect.jvm.internal.KClassImpl$Data$$Lambda$8                           : loaded 2 times (x 76B)
Class [Lkotlin.reflect.KDeclarationContainer;                                         : loaded 2 times (x 69B)
Class it.unimi.dsi.fastutil.objects.ObjectIterable                                    : loaded 2 times (x 70B)
Class com.android.tools.lint.model.DefaultLintModelAndroidLibrary                     : loaded 2 times (x 111B)
Class kotlin.collections.MapsKt__MapsKt                                               : loaded 2 times (x 71B)
Class com.android.sdklib.AndroidApiLevel$Companion                                    : loaded 2 times (x 71B)
Class com.android.prefs.AndroidLocationsProvider                                      : loaded 2 times (x 70B)
Class kotlin.jvm.internal.Lambda                                                      : loaded 2 times (x 75B)
Class com.google.common.cache.LocalCache$LocalLoadingCache                            : loaded 2 times (x 134B)
Class com.google.common.base.AbstractIterator$State                                   : loaded 2 times (x 79B)
Class kotlin.reflect.jvm.internal.KClassImpl$Data$$Lambda$9                           : loaded 2 times (x 76B)
Class com.google.common.base.Suppliers$SupplierOfInstance                             : loaded 2 times (x 79B)
Class kotlin.properties.Delegates                                                     : loaded 2 times (x 71B)
Class kotlin.collections.AbstractMutableSet                                           : loaded 2 times (x 142B)
Class kotlin.Metadata                                                                 : loaded 2 times (x 70B)
Class kotlin.collections.CollectionsKt___CollectionsKt$asSequence$$inlined$Sequence$1 : loaded 2 times (x 75B)
Class kotlin.text.MatchResult$Destructured                                            : loaded 2 times (x 72B)
Class kotlin.reflect.jvm.internal.KProperty1Impl$$Lambda$1                            : loaded 2 times (x 76B)
Class kotlin.UninitializedPropertyAccessException                                     : loaded 2 times (x 82B)
Class com.google.common.reflect.TypeToken$1                                           : loaded 2 times (x 110B)
Class com.google.common.cache.LocalCache$ComputingValueReference                      : loaded 2 times (x 96B)
Class kotlin.reflect.KProperty$Getter                                                 : loaded 2 times (x 70B)
Class com.google.common.reflect.TypeToken$2                                           : loaded 2 times (x 110B)
Class com.google.common.cache.LocalCache$Segment                                      : loaded 2 times (x 154B)
Class kotlin.time.DurationJvmKt                                                       : loaded 2 times (x 71B)
Class kotlin.jvm.functions.Function20                                                 : loaded 2 times (x 70B)
Class com.google.common.collect.MapMakerInternalMap$Strength$2                        : loaded 2 times (x 80B)
Class org.gradle.api.internal.ClassPathProvider                                       : loaded 2 times (x 70B)
Class [Lorg.gradle.api.internal.ClassPathProvider;                                    : loaded 2 times (x 69B)
Class kotlin.reflect.jvm.internal.ReflectProperties                                   : loaded 2 times (x 71B)
Class it.unimi.dsi.fastutil.objects.ObjectIterator                                    : loaded 2 times (x 70B)
Class kotlin.SafePublicationLazyImpl                                                  : loaded 2 times (x 76B)
Class org.jetbrains.kotlin.cli.jvm.compiler.KotlinCoreEnvironment                     : loaded 2 times (x 72B)
Class [Lcom.google.common.base.Supplier;                                              : loaded 2 times (x 69B)
Class com.google.common.collect.SortedIterable                                        : loaded 2 times (x 70B)
Class com.google.common.cache.CacheLoader                                             : loaded 2 times (x 74B)
Class org.gradle.api.internal.classpath.ModuleRegistry                                : loaded 2 times (x 70B)
Class org.gradle.internal.installation.GradleInstallation$1                           : loaded 2 times (x 75B)
Class kotlin.text.StringsKt__StringNumberConversionsJVMKt                             : loaded 2 times (x 71B)
Class kotlin.sequences.Sequence                                                       : loaded 2 times (x 70B)
Class com.android.ide.common.repository.AgpVersion$PreviewKind$Companion              : loaded 2 times (x 71B)
Class com.android.ProgressManagerAdapter                                              : loaded 2 times (x 73B)
Class com.google.common.base.Splitter$SplittingIterator                               : loaded 2 times (x 84B)
Class com.google.common.util.concurrent.internal.InternalFutureFailureAccess          : loaded 2 times (x 72B)
Class kotlin.time.Duration$Companion                                                  : loaded 2 times (x 71B)
Class kotlin.reflect.jvm.internal.KDeclarationContainerImpl                           : loaded 2 times (x 84B)
Class kotlin.coroutines.intrinsics.IntrinsicsKt__IntrinsicsKt                         : loaded 2 times (x 71B)
Class kotlin.text.RegexKt                                                             : loaded 2 times (x 71B)
Class kotlin.text.MatchResult                                                         : loaded 2 times (x 70B)
Class com.google.common.collect.ImmutableMultimap$Values                              : loaded 2 times (x 126B)
Class com.google.common.cache.LocalCache$LocalManualCache$1                           : loaded 2 times (x 75B)
Class ijKotlinCoroutineJvmDebugInit1_4nqxc78ppookkimfn9o9prvg$_run_closure1$_closure2 : loaded 2 times (x 139B)
Class kotlin.io.FilesKt__UtilsKt                                                      : loaded 2 times (x 71B)
Class kotlin.collections.CollectionsKt__CollectionsJVMKt                              : loaded 2 times (x 71B)
Class [Lcom.android.prefs.Global;                                                     : loaded 2 times (x 69B)
Class it.unimi.dsi.fastutil.ints.IntIterable                                          : loaded 2 times (x 70B)
Class it.unimi.dsi.fastutil.ints.IntSet                                               : loaded 2 times (x 70B)
Class org.gradle.api.internal.classpath.DefaultModuleRegistry                         : loaded 2 times (x 86B)
Class kotlin.KotlinVersionCurrentValue                                                : loaded 2 times (x 71B)
Class kotlin.reflect.jvm.internal.impl.name.SpecialNames                              : loaded 2 times (x 71B)
Class kotlin.reflect.jvm.internal.impl.builtins.functions.FunctionTypeKind$KFunction  : loaded 2 times (x 72B)
Class kotlin.reflect.jvm.internal.KProperty1Impl$$Lambda$0                            : loaded 2 times (x 76B)
Class kotlin.collections.CollectionsKt__IteratorsKt                                   : loaded 2 times (x 71B)
Class kotlin.sequences.SequencesKt                                                    : loaded 2 times (x 71B)
Class kotlin.reflect.jvm.internal.impl.builtins.jvm.JavaToKotlinClassMap$PlatformMutabilityMapping: loaded 2 times (x 72B)
Class kotlin.sequences.SequenceScope                                                  : loaded 2 times (x 73B)
Class com.google.common.util.concurrent.ListenableFuture                              : loaded 2 times (x 70B)
Class com.google.common.cache.ReferenceEntry                                          : loaded 2 times (x 70B)
Class kotlin.jvm.internal.markers.KMutableSet                                         : loaded 2 times (x 70B)
Class com.google.common.hash.HashCode$BytesHashCode                                   : loaded 2 times (x 81B)
Class com.google.common.collect.MapMakerInternalMap$Strength$1                        : loaded 2 times (x 80B)
Class androidx.lifecycle.lint.NonNullableMutableLiveDataDetector                      : loaded 2 times (x 173B)
Class com.google.common.hash.HashFunction                                             : loaded 2 times (x 70B)
Class org.gradle.api.internal.DefaultClassPathProvider                                : loaded 2 times (x 76B)
Class com.android.tools.lint.model.LintModelSerialization                             : loaded 2 times (x 75B)
Class kotlin.text.StringsKt                                                           : loaded 2 times (x 71B)
Class com.google.common.util.concurrent.AbstractFuture                                : loaded 2 times (x 106B)
Class com.google.common.base.Splitter                                                 : loaded 2 times (x 72B)
Class com.google.common.hash.HashCode                                                 : loaded 2 times (x 80B)
Class kotlin.coroutines.jvm.internal.RestrictedContinuationImpl                       : loaded 2 times (x 87B)
Class kotlin.coroutines.CoroutineContext$Key                                          : loaded 2 times (x 70B)
Class kotlin.LazyKt__LazyJVMKt                                                        : loaded 2 times (x 71B)
Class com.google.common.collect.ImmutableMultiset                                     : loaded 2 times (x 163B)
Class com.google.common.cache.CacheLoader$SupplierToCacheLoader                       : loaded 2 times (x 75B)
Class kotlin.jvm.internal.markers.KMutableList                                        : loaded 2 times (x 70B)
Class [Lkotlin.Pair;                                                                  : loaded 2 times (x 69B)
Class kotlin.io.FilesKt__FileReadWriteKt                                              : loaded 2 times (x 71B)
Class kotlin.text.MatchNamedGroupCollection                                           : loaded 2 times (x 70B)
Class kotlin.text.StringsKt__StringNumberConversionsKt                                : loaded 2 times (x 71B)
Class kotlin.jvm.internal.ArrayIteratorKt                                             : loaded 2 times (x 71B)
Class com.android.ide.common.gradle.Numeric                                           : loaded 2 times (x 77B)
Class [Lcom.android.resources.ResourceEnum;                                           : loaded 2 times (x 69B)
Class kotlin.jvm.internal.MutablePropertyReference1Impl                               : loaded 2 times (x 137B)
Class com.android.tools.lint.model.LintModelBuildFeatures                             : loaded 2 times (x 70B)
Class com.google.common.collect.ImmutableSortedSet                                    : loaded 2 times (x 300B)
Class [Lcom.google.common.cache.LocalCache$EntryFactory;                              : loaded 2 times (x 69B)
Class org.gradle.internal.classloader.ClassLoaderFactory                              : loaded 2 times (x 70B)
Class kotlin.reflect.jvm.internal.impl.builtins.PrimitiveType                         : loaded 2 times (x 79B)
Class [Lkotlin.reflect.KCallable;                                                     : loaded 2 times (x 69B)
Class kotlin.reflect.KProperty$Accessor                                               : loaded 2 times (x 70B)
Class com.google.common.collect.ImmutableMap$SerializedForm                           : loaded 2 times (x 73B)
Class com.google.common.cache.LocalCache$LocalManualCache                             : loaded 2 times (x 99B)
Class org.gradle.internal.service.CachingServiceLocator                               : loaded 2 times (x 82B)
Class it.unimi.dsi.fastutil.objects.AbstractObjectCollection                          : loaded 2 times (x 143B)
Class kotlin.collections.AbstractList$IteratorImpl                                    : loaded 2 times (x 82B)
Class kotlin.reflect.jvm.internal.KCallableImpl                                       : loaded 2 times (x 105B)
Class kotlin.collections.AbstractList$SubList                                         : loaded 2 times (x 198B)
Class kotlin.jvm.internal.CallableReference                                           : loaded 2 times (x 106B)
Class com.google.common.collect.RegularImmutableSortedSet                             : loaded 2 times (x 300B)
Class com.google.common.collect.AbstractMapBasedMultimap$KeySet                       : loaded 2 times (x 137B)
Class kotlin.jvm.internal.markers.KMutableMap                                         : loaded 2 times (x 70B)
Class com.google.common.collect.MapMakerInternalMap$InternalEntry                     : loaded 2 times (x 70B)
Class [Lcom.google.common.collect.HashBiMap$BiEntry;                                  : loaded 2 times (x 69B)
Class kotlin.reflect.jvm.internal.impl.builtins.functions.FunctionTypeKind$Function   : loaded 2 times (x 72B)
Class kotlin.properties.ReadOnlyProperty                                              : loaded 2 times (x 70B)
Class kotlin.reflect.jvm.internal.impl.descriptors.runtime.structure.ReflectClassUtilKt: loaded 2 times (x 71B)
Class kotlin.reflect.jvm.internal.impl.name.FqName$Companion                          : loaded 2 times (x 71B)
Class kotlin.ranges.IntRange                                                          : loaded 2 times (x 93B)
Class kotlin.jvm.internal.AdaptedFunctionReference                                    : loaded 2 times (x 77B)
Class org.objectweb.asm.signature.SignatureVisitor                                    : loaded 2 times (x 87B)
Class com.google.common.collect.ImmutableRangeSet                                     : loaded 2 times (x 115B)
Class com.android.sdklib.AndroidVersion$PreviewType                                   : loaded 2 times (x 79B)
Class com.android.prefs.LocationValue                                                 : loaded 2 times (x 70B)
Class com.google.common.collect.CollectSpliterators$1WithCharacteristics              : loaded 2 times (x 90B)
Class kotlin.enums.EnumEntries                                                        : loaded 2 times (x 70B)
Class com.google.common.collect.ImmutableMultimap                                     : loaded 2 times (x 147B)
Class kotlin.text.StringsKt__AppendableKt                                             : loaded 2 times (x 71B)
Class com.google.common.hash.Hashing                                                  : loaded 2 times (x 71B)
Class com.google.gson.JsonParseException                                              : loaded 2 times (x 82B)
Class com.android.tools.lint.model.DefaultLintModelJavaLibrary                        : loaded 2 times (x 103B)
Class com.android.prefs.PathLocator                                                   : loaded 2 times (x 73B)
Class com.google.common.collect.IndexedImmutableSet$1                                 : loaded 2 times (x 213B)
Class com.google.common.cache.CacheBuilder$OneWeigher                                 : loaded 2 times (x 82B)
Class com.android.Version                                                             : loaded 2 times (x 71B)
Class kotlin.reflect.jvm.internal.KDeclarationContainerImpl$Companion                 : loaded 2 times (x 71B)
Class com.android.sdklib.AndroidVersion                                               : loaded 2 times (x 75B)
Class com.android.tools.lint.model.LintModelLibraryResolver                           : loaded 2 times (x 70B)
Class kotlin.text.MatchResult$DefaultImpls                                            : loaded 2 times (x 71B)
Class com.android.tools.lint.model.LintModelSerialization$LintModelSerializationAdapter: loaded 2 times (x 70B)
Class org.gradle.internal.classloader.ClasspathUtil                                   : loaded 2 times (x 71B)
Class kotlin.jvm.internal.PropertyReference0                                          : loaded 2 times (x 127B)
Class it.unimi.dsi.fastutil.Hash                                                      : loaded 2 times (x 70B)
Class kotlin.sequences.EmptySequence                                                  : loaded 2 times (x 78B)
Class com.google.common.util.concurrent.Uninterruptibles                              : loaded 2 times (x 71B)
Class kotlin.reflect.jvm.internal.impl.builtins.functions.FunctionTypeKind$KSuspendFunction: loaded 2 times (x 72B)
Class kotlin.reflect.jvm.internal.KClassImpl$$Lambda$0                                : loaded 2 times (x 76B)
Class kotlin.jvm.internal.DefaultConstructorMarker                                    : loaded 2 times (x 71B)
Class kotlin.reflect.full.IllegalCallableAccessException                              : loaded 2 times (x 82B)
Class kotlin.jvm.internal.PropertyReference1                                          : loaded 2 times (x 127B)
Class kotlin.coroutines.ContinuationInterceptor                                       : loaded 2 times (x 70B)
Class com.google.common.io.CharSource                                                 : loaded 2 times (x 85B)
Class com.google.common.util.concurrent.LazyLogger                                    : loaded 2 times (x 72B)
Class org.gradle.api.specs.Spec                                                       : loaded 2 times (x 70B)
Class com.google.common.collect.MapMaker                                              : loaded 2 times (x 72B)
Class kotlin.reflect.jvm.internal.impl.SpecialJvmAnnotations                          : loaded 2 times (x 71B)
Class kotlin.reflect.jvm.internal.CachesKt$$Lambda$0                                  : loaded 2 times (x 75B)
Class kotlin.jvm.internal.MutablePropertyReference                                    : loaded 2 times (x 119B)
Class kotlin.jvm.internal.PropertyReference2                                          : loaded 2 times (x 127B)
Class kotlin.UnsafeLazyImpl                                                           : loaded 2 times (x 76B)
Class kotlin.LazyKt__LazyJVMKt$WhenMappings                                           : loaded 2 times (x 71B)
Class com.android.tools.lint.model.LintModelExternalLibrary                           : loaded 2 times (x 70B)
Class [Lkotlin.reflect.jvm.internal.impl.builtins.jvm.JavaToKotlinClassMap$PlatformMutabilityMapping;: loaded 2 times (x 69B)
Class kotlin.reflect.jvm.internal.CachesKt$$Lambda$1                                  : loaded 2 times (x 75B)
Class kotlin.reflect.full.IllegalPropertyDelegateAccessException                      : loaded 2 times (x 82B)
Class it.unimi.dsi.fastutil.HashCommon                                                : loaded 2 times (x 71B)
Class kotlin.LazyThreadSafetyMode                                                     : loaded 2 times (x 79B)
Class com.android.tools.lint.model.LintModelVariant                                   : loaded 2 times (x 70B)
Class kotlin.jvm.internal.ArrayIterator                                               : loaded 2 times (x 79B)
Class com.google.common.cache.LocalCache$LoadingValueReference                        : loaded 2 times (x 96B)
Class org.gradle.api.internal.classpath.EffectiveClassPath                            : loaded 2 times (x 90B)
Class kotlin.reflect.jvm.internal.CachesKt$$Lambda$2                                  : loaded 2 times (x 75B)
Class kotlin.collections.EmptyIterator                                                : loaded 2 times (x 89B)
Class kotlin.SynchronizedLazyImpl                                                     : loaded 2 times (x 76B)
Class [Lcom.android.tools.lint.model.LintModelArtifactType;                           : loaded 2 times (x 69B)
Class com.android.tools.lint.model.LintModelMavenName                                 : loaded 2 times (x 70B)
Class kotlin.text.StringsKt__RegexExtensionsKt                                        : loaded 2 times (x 71B)
Class com.google.common.collect.CollectSpliterators                                   : loaded 2 times (x 71B)
Class com.google.common.reflect.Invokable$MethodInvokable                             : loaded 2 times (x 107B)
Class com.google.common.collect.Multimaps$Entries                                     : loaded 2 times (x 118B)
Class com.google.common.collect.AbstractMapBasedMultimap$WrappedList                  : loaded 2 times (x 205B)
Class kotlin.sequences.SequencesKt___SequencesKt$flatMap$2                            : loaded 2 times (x 125B)
Class kotlin.reflect.jvm.internal.KMutableProperty1Impl$$Lambda$0                     : loaded 2 times (x 76B)
Class kotlin.coroutines.jvm.internal.RestrictedSuspendLambda                          : loaded 2 times (x 91B)
Class kotlin.reflect.jvm.internal.CachesKt$$Lambda$3                                  : loaded 2 times (x 75B)
Class com.android.tools.lint.model.LintModelLibrary                                   : loaded 2 times (x 70B)
Class kotlin.sequences.SequencesKt__SequencesJVMKt                                    : loaded 2 times (x 71B)
Class [Lcom.android.ide.common.repository.AgpVersion$PreviewKind;                     : loaded 2 times (x 69B)
Class kotlin.collections.AbstractList                                                 : loaded 2 times (x 197B)
Class kotlin.collections.AbstractCollection                                           : loaded 2 times (x 117B)
Class ijJvmDebugger1_1grofuh2frvnxsjoafny883mt$_run_closure1$_closure2                : loaded 2 times (x 140B)
Class kotlin.reflect.jvm.internal.KProperty1Impl                                      : loaded 2 times (x 128B)
Class kotlin.sequences.SequencesKt__SequenceBuilderKt$sequence$$inlined$Sequence$1    : loaded 2 times (x 75B)
Class kotlin.reflect.jvm.internal.CachesKt$$Lambda$4                                  : loaded 2 times (x 75B)
Class kotlin.collections.ArrayAsCollection                                            : loaded 2 times (x 105B)
Class kotlin.LazyKt__LazyKt                                                           : loaded 2 times (x 71B)
Class kotlin.text.Regex                                                               : loaded 2 times (x 72B)
Class com.android.utils.EnvironmentProvider                                           : loaded 2 times (x 70B)
Class kotlin.text.StringsKt__StringBuilderJVMKt                                       : loaded 2 times (x 71B)
Class org.gradle.internal.classloader.ClassLoaderVisitor                              : loaded 2 times (x 76B)
Class com.google.common.collect.ImmutableRangeSet$Builder                             : loaded 2 times (x 77B)
Class com.google.common.cache.LocalCache$StrongValueReference                         : loaded 2 times (x 90B)
Class com.google.common.io.ByteSource$ConcatenatedByteSource                          : loaded 2 times (x 85B)
Class it.unimi.dsi.fastutil.ints.AbstractIntSet                                       : loaded 2 times (x 233B)
Class kotlin.collections.AbstractList$Companion                                       : loaded 2 times (x 71B)
Class kotlin.jvm.internal.ReflectionFactory                                           : loaded 2 times (x 91B)
Class kotlin.jvm.internal.Ref$ObjectRef                                               : loaded 2 times (x 72B)
Class kotlin.UNINITIALIZED_VALUE                                                      : loaded 2 times (x 71B)
Class org.gradle.internal.classloader.VisitableURLClassLoader$InstrumentingVisitableURLClassLoader: loaded 2 times (x 123B)
Class com.google.common.collect.MapMakerInternalMap$AbstractWeakKeyEntry              : loaded 2 times (x 87B)
Class com.google.common.base.CharMatcher$None                                         : loaded 2 times (x 112B)
Class com.android.utils.EnvironmentProvider$DirectEnvironmentProvider                 : loaded 2 times (x 80B)
Class [Lkotlin.reflect.jvm.internal.impl.resolve.jvm.JvmPrimitiveType;                : loaded 2 times (x 69B)
Class kotlin.jvm.internal.ClassBasedDeclarationContainer                              : loaded 2 times (x 70B)
Class kotlin.coroutines.Continuation                                                  : loaded 2 times (x 70B)
Class kotlin.sequences.SequencesKt___SequencesKt                                      : loaded 2 times (x 71B)
Class kotlin.ranges.RangesKt__RangesKt                                                : loaded 2 times (x 71B)
Class com.android.tools.lint.model.LintModelArtifactType                              : loaded 2 times (x 79B)
Class kotlin.collections.SetsKt___SetsKt                                              : loaded 2 times (x 71B)
Class kotlin.sequences.SequencesKt__SequencesKt                                       : loaded 2 times (x 71B)
Class kotlin.comparisons.ComparisonsKt__ComparisonsKt                                 : loaded 2 times (x 71B)
Class [Lcom.google.common.cache.CacheBuilder$NullListener;                            : loaded 2 times (x 69B)
Class org.gradle.internal.classloader.VisitableURLClassLoader$Spec                    : loaded 2 times (x 74B)
Class org.gradle.internal.classpath.DefaultClassPath                                  : loaded 2 times (x 90B)
Class kotlin.text.MatcherMatchResult$groupValues$1                                    : loaded 2 times (x 198B)
Class it.unimi.dsi.fastutil.ints.IntArrays                                            : loaded 2 times (x 71B)
Class kotlin.Result$Companion                                                         : loaded 2 times (x 71B)
Class kotlin.coroutines.jvm.internal.BaseContinuationImpl                             : loaded 2 times (x 87B)
Class it.unimi.dsi.fastutil.Hash$Strategy                                             : loaded 2 times (x 70B)
Class kotlin.sequences.FilteringSequence                                              : loaded 2 times (x 75B)
Class com.android.tools.lint.model.LintModelDependencies                              : loaded 2 times (x 70B)
Class kotlin.text.CharsKt__CharJVMKt                                                  : loaded 2 times (x 71B)
Class kotlin.comparisons.ComparisonsKt                                                : loaded 2 times (x 71B)
Class kotlin.comparisons.ComparisonsKt___ComparisonsKt                                : loaded 2 times (x 71B)
Class com.google.common.base.AbstractIterator                                         : loaded 2 times (x 80B)
Class ijKotlinCoroutineJvmDebugInit1_4nqxc78ppookkimfn9o9prvg$_run_closure1           : loaded 2 times (x 139B)
Class org.jetbrains.kotlin.cli.jvm.compiler.KotlinCoreEnvironment$Companion           : loaded 2 times (x 71B)
Class kotlin.reflect.KType                                                            : loaded 2 times (x 70B)
Class kotlin.reflect.jvm.internal.KPropertyImpl$$Lambda$1                             : loaded 2 times (x 76B)
Class com.google.common.hash.AbstractHasher                                           : loaded 2 times (x 142B)
Class kotlin.KotlinVersion$Companion                                                  : loaded 2 times (x 71B)
Class org.gradle.internal.classloader.ClassLoaderSpec                                 : loaded 2 times (x 71B)
Class com.google.common.collect.AbstractMapBasedMultimap$1                            : loaded 2 times (x 84B)
Class org.gradle.internal.classloader.DefaultClassLoaderFactory                       : loaded 2 times (x 82B)
Class it.unimi.dsi.fastutil.ints.IntArrays$ForkJoinQuickSortComp                      : loaded 2 times (x 96B)
Class kotlin.reflect.jvm.internal.ReflectProperties$Val$1                             : loaded 2 times (x 71B)
Class kotlin.text.DelimitedRangesSequence                                             : loaded 2 times (x 75B)
Class com.android.tools.lint.model.LintModelSerialization$LintModelSerializationFileAdapter: loaded 2 times (x 87B)
Class kotlin.collections.CollectionsKt___CollectionsJvmKt                             : loaded 2 times (x 71B)
Class com.android.prefs.VariableType                                                  : loaded 2 times (x 79B)
Class kotlin.jvm.internal.FunctionReferenceImpl                                       : loaded 2 times (x 122B)
Class com.google.common.io.ByteSource$EmptyByteSource                                 : loaded 2 times (x 85B)
Class com.google.common.cache.CacheStats                                              : loaded 2 times (x 71B)
Class kotlin.time.DurationKt                                                          : loaded 2 times (x 71B)
Class kotlin.jdk7.AutoCloseableKt                                                     : loaded 2 times (x 71B)
Class com.google.common.base.Suppliers                                                : loaded 2 times (x 71B)
Class kotlin.jvm.internal.markers.KMutableIterable                                    : loaded 2 times (x 70B)
Class [Lcom.google.common.cache.CacheBuilder$OneWeigher;                              : loaded 2 times (x 69B)
Class kotlin.TuplesKt                                                                 : loaded 2 times (x 71B)
Class kotlin.Unit                                                                     : loaded 2 times (x 71B)
Class com.android.tools.lint.model.LintModelModule                                    : loaded 2 times (x 70B)
Class kotlin.sequences.SequencesKt___SequencesJvmKt                                   : loaded 2 times (x 71B)
Class com.android.tools.lint.model.PathVariables                                      : loaded 2 times (x 72B)
Class com.google.gson.JsonSyntaxException                                             : loaded 2 times (x 82B)
Class com.google.common.collect.AbstractMapBasedMultimap$2                            : loaded 2 times (x 85B)
Class com.google.common.collect.ImmutableMultisetGwtSerializationDependencies         : loaded 2 times (x 125B)
Class com.google.common.util.concurrent.AbstractFuture$Listener                       : loaded 2 times (x 72B)
Class Settings_gradle$1$1                                                             : loaded 2 times (x 74B)
Class [Lkotlin.reflect.KClass;                                                        : loaded 2 times (x 69B)
Class [Lorg.objectweb.asm.Label;                                                      : loaded 2 times (x 69B)
Class kotlin.reflect.jvm.internal.impl.name.FqName                                    : loaded 2 times (x 72B)
Class com.android.ide.common.gradle.Version$Companion$ParseState                      : loaded 2 times (x 70B)
Class kotlin.ranges.RangesKt                                                          : loaded 2 times (x 71B)
Class org.gradle.internal.classloader.VisitableURLClassLoader                         : loaded 2 times (x 117B)
Class org.objectweb.asm.signature.SignatureWriter                                     : loaded 2 times (x 88B)
Class kotlin.reflect.jvm.internal.KClassImpl                                          : loaded 2 times (x 115B)
Class kotlin.collections.ArraysUtilJVM                                                : loaded 2 times (x 71B)
Class kotlin.jvm.functions.Function0                                                  : loaded 2 times (x 70B)
Class com.android.ide.common.repository.AgpVersion$Companion                          : loaded 2 times (x 71B)
Class kotlin.sequences.FlatteningSequence$iterator$1                                  : loaded 2 times (x 79B)
Class com.android.prefs.AbstractAndroidLocations                                      : loaded 2 times (x 82B)
Class com.google.common.collect.ImmutableList$SerializedForm                          : loaded 2 times (x 73B)
Class Settings_gradle                                                                 : loaded 2 times (x 124B)
Class org.gradle.internal.Cast                                                        : loaded 2 times (x 71B)
Class org.gradle.api.Action                                                           : loaded 2 times (x 70B)
Class kotlin.properties.ReadWriteProperty                                             : loaded 2 times (x 70B)
Class com.google.common.collect.MapMakerInternalMap                                   : loaded 2 times (x 161B)
Class kotlin.reflect.jvm.internal.KPropertyImpl$$Lambda$0                             : loaded 2 times (x 76B)
Class com.google.common.collect.HashBiMap                                             : loaded 2 times (x 143B)
Class com.google.common.collect.MapMakerInternalMap$Strength                          : loaded 2 times (x 80B)
Class it.unimi.dsi.fastutil.ints.IntArrays$ArrayHashStrategy                          : loaded 2 times (x 75B)
Class kotlin.collections.AbstractMutableList                                          : loaded 2 times (x 206B)
Class kotlin.reflect.jvm.internal.impl.name.ClassId$Companion                         : loaded 2 times (x 71B)
Class kotlin.reflect.jvm.internal.impl.load.java.JvmAnnotationNames                   : loaded 2 times (x 71B)
Class com.android.ide.common.gradle.Version$Companion                                 : loaded 2 times (x 71B)
Class com.android.tools.lint.model.DefaultLintModelMavenName                          : loaded 2 times (x 85B)
Class kotlin.jvm.functions.Function1                                                  : loaded 2 times (x 70B)
Class com.google.common.reflect.TypeCapture                                           : loaded 2 times (x 71B)
Class com.android.utils.ILogger                                                       : loaded 2 times (x 70B)
Class com.google.common.base.Ticker                                                   : loaded 2 times (x 72B)
Class kotlin.jvm.internal.markers.KMutableIterator                                    : loaded 2 times (x 70B)
Class com.android.SdkConstants                                                        : loaded 2 times (x 71B)
Class kotlin.reflect.jvm.internal.KClassImpl$Data$$Lambda$10                          : loaded 2 times (x 76B)
Class kotlin.reflect.jvm.internal.KDeclarationContainerImpl$Data$$Lambda$0            : loaded 2 times (x 76B)
Class com.android.utils.NullLogger                                                    : loaded 2 times (x 85B)
Class kotlin.sequences.TransformingSequence                                           : loaded 2 times (x 75B)
Class kotlin.jvm.functions.Function2                                                  : loaded 2 times (x 70B)
Class kotlin.KotlinNothingValueException                                              : loaded 2 times (x 82B)
Class [Lcom.google.common.cache.LocalCache$Segment;                                   : loaded 2 times (x 69B)
Class [Lcom.google.common.cache.LocalCache$Strength;                                  : loaded 2 times (x 69B)
Class com.google.common.cache.CacheBuilder$1                                          : loaded 2 times (x 85B)
Class org.gradle.internal.classpath.DefaultClassPath$ImmutableUniqueList$Builder      : loaded 2 times (x 75B)
Class com.google.common.collect.MapMakerInternalMap$WeakValueReference                : loaded 2 times (x 70B)
Class kotlin.reflect.jvm.internal.KClassImpl$Data$$Lambda$11                          : loaded 2 times (x 76B)
Class kotlin.reflect.jvm.internal.KDeclarationContainerImpl$Data                      : loaded 2 times (x 72B)
Class kotlin.jvm.functions.Function3                                                  : loaded 2 times (x 70B)
Class org.jetbrains.kotlin.utils.exceptions.KotlinExceptionWithAttachments            : loaded 2 times (x 70B)
Class kotlin.collections.MapsKt___MapsJvmKt                                           : loaded 2 times (x 71B)
Class [Lcom.android.prefs.LocationValue;                                              : loaded 2 times (x 69B)
Class it.unimi.dsi.fastutil.objects.ReferenceSet                                      : loaded 2 times (x 70B)
Class com.google.common.collect.AbstractRangeSet                                      : loaded 2 times (x 114B)
Class com.google.common.cache.LocalCache                                              : loaded 2 times (x 187B)
Class com.google.common.cache.CacheBuilder$2                                          : loaded 2 times (x 79B)
Class com.android.utils.FileUtils                                                     : loaded 2 times (x 71B)
Class ijJvmDebugger1_1grofuh2frvnxsjoafny883mt                                        : loaded 2 times (x 171B)
Class com.google.common.io.ByteArrayDataOutput                                        : loaded 2 times (x 70B)
Class kotlin.annotation.Target                                                        : loaded 2 times (x 70B)
Class kotlin.reflect.jvm.internal.impl.builtins.PrimitiveType$Companion               : loaded 2 times (x 71B)
Class kotlin.jvm.functions.Function4                                                  : loaded 2 times (x 70B)
Class kotlin.reflect.jvm.internal.KClassImpl$Data$$Lambda$12                          : loaded 2 times (x 76B)
Class kotlin.reflect.jvm.internal.KClassImpl$Data                                     : loaded 2 times (x 72B)
Class kotlin.collections.EmptySet                                                     : loaded 2 times (x 122B)
Class kotlin.collections.CollectionsKt___CollectionsKt                                : loaded 2 times (x 71B)
Class com.google.common.cache.CacheBuilder$3                                          : loaded 2 times (x 72B)
Class org.gradle.api.GradleException                                                  : loaded 2 times (x 82B)
Class kotlin.annotation.Retention                                                     : loaded 2 times (x 70B)
Class kotlin.jvm.functions.Function5                                                  : loaded 2 times (x 70B)
Class kotlin.reflect.jvm.internal.KClassImpl$Data$$Lambda$13                          : loaded 2 times (x 76B)
Class com.android.tools.lint.model.DefaultLintModelAndroidArtifact                    : loaded 2 times (x 93B)
Class com.android.ide.common.gradle.Version                                           : loaded 2 times (x 75B)
Class kotlin.reflect.KDeclarationContainer                                            : loaded 2 times (x 70B)
Class kotlin.text.StringsKt___StringsJvmKt                                            : loaded 2 times (x 71B)
Class com.google.common.base.Suppliers$MemoizingSupplier                              : loaded 2 times (x 79B)
Class [Lcom.google.common.collect.MapMakerInternalMap$Strength;                       : loaded 2 times (x 69B)
Class kotlin.jvm.functions.Function6                                                  : loaded 2 times (x 70B)
Class kotlin.reflect.jvm.internal.KClassImpl$Data$$Lambda$14                          : loaded 2 times (x 76B)
Class kotlin.reflect.jvm.internal.KTypeParameterOwnerImpl                             : loaded 2 times (x 70B)
Class kotlin.io.FilesKt                                                               : loaded 2 times (x 71B)
Class kotlin.collections.MapsKt___MapsKt                                              : loaded 2 times (x 71B)
Class kotlin.collections.ArraysKt___ArraysKt                                          : loaded 2 times (x 71B)
Class kotlin.ranges.IntProgression$Companion                                          : loaded 2 times (x 71B)
Class ijKotlinCoroutineJvmDebugInit1_4nqxc78ppookkimfn9o9prvg                         : loaded 2 times (x 171B)
Class [Lkotlin.time.DurationUnit;                                                     : loaded 2 times (x 69B)
Class com.google.common.hash.HashCode$IntHashCode                                     : loaded 2 times (x 80B)
Class kotlin.jvm.internal.MutablePropertyReference2                                   : loaded 2 times (x 137B)
Class kotlin.jvm.functions.Function7                                                  : loaded 2 times (x 70B)
Class kotlin.reflect.jvm.internal.KClassImpl$Data$$Lambda$15                          : loaded 2 times (x 76B)
Class kotlin.reflect.jvm.internal.impl.name.Name                                      : loaded 2 times (x 75B)
Class kotlin.reflect.jvm.internal.KPropertyImpl$Companion                             : loaded 2 times (x 71B)
Class it.unimi.dsi.fastutil.objects.ObjectSet                                         : loaded 2 times (x 70B)
Class com.android.tools.lint.model.DefaultLintModelSourceProvider                     : loaded 2 times (x 84B)
Class kotlin.collections.MapsKt__MapWithDefaultKt                                     : loaded 2 times (x 71B)
Class [Lcom.android.prefs.VariableType;                                               : loaded 2 times (x 69B)
Class com.google.common.cache.LocalCache$EntryFactory                                 : loaded 2 times (x 83B)
Class it.unimi.dsi.fastutil.ints.IntArrays$ForkJoinQuickSortIndirect                  : loaded 2 times (x 96B)
Class kotlin.jvm.functions.Function8                                                  : loaded 2 times (x 70B)
Class kotlin.reflect.jvm.internal.KClassImpl$Data$$Lambda$16                          : loaded 2 times (x 76B)
Class kotlin.reflect.jvm.internal.impl.name.FqNameUnsafe                              : loaded 2 times (x 72B)
Class [Lcom.android.ide.common.gradle.Separator;                                      : loaded 2 times (x 69B)
Class com.android.prefs.QueryResult                                                   : loaded 2 times (x 82B)
Class kotlin.collections.CollectionsKt__MutableCollectionsJVMKt                       : loaded 2 times (x 71B)
Class com.google.common.base.CharMatcher$Whitespace                                   : loaded 2 times (x 112B)
Class kotlin.text.StringsKt___StringsKt                                               : loaded 2 times (x 71B)
Class kotlin.enums.EnumEntriesKt                                                      : loaded 2 times (x 71B)
Class com.google.common.reflect.TypeParameter                                         : loaded 2 times (x 72B)
Class com.google.common.cache.LocalCache$AbstractReferenceEntry                       : loaded 2 times (x 107B)
Class org.gradle.internal.IoActions                                                   : loaded 2 times (x 71B)
Class kotlin.reflect.jvm.internal.ReflectProperties$Val                               : loaded 2 times (x 74B)
Class org.jetbrains.kotlin.utils.KotlinExceptionWithAttachments                       : loaded 2 times (x 94B)
Class [Lkotlin.reflect.jvm.internal.impl.name.ClassId;                                : loaded 2 times (x 69B)
Class kotlin.jvm.functions.Function10                                                 : loaded 2 times (x 70B)
Class kotlin.jvm.functions.Function9                                                  : loaded 2 times (x 70B)
Class kotlin.reflect.jvm.internal.KClassImpl$Data$$Lambda$17                          : loaded 2 times (x 76B)
Class kotlin.reflect.jvm.internal.KCallableImpl$$Lambda$0                             : loaded 2 times (x 76B)
Class [Lkotlin.reflect.KClassifier;                                                   : loaded 2 times (x 69B)
Class kotlin.reflect.jvm.internal.EmptyContainerForLocal                              : loaded 2 times (x 84B)
Class it.unimi.dsi.fastutil.objects.AbstractObjectSet                                 : loaded 2 times (x 179B)
Class org.gradle.api.internal.classpath.ManifestUtil                                  : loaded 2 times (x 71B)
Class [Lkotlin.LazyThreadSafetyMode;                                                  : loaded 2 times (x 69B)
Class com.google.common.collect.ImmutableRangeSet$ComplementRanges                    : loaded 2 times (x 207B)
Class com.google.common.cache.CacheLoader$InvalidCacheLoadException                   : loaded 2 times (x 82B)
Class org.gradle.internal.classloader.SystemClassLoaderSpec                           : loaded 2 times (x 71B)
Class kotlin.jvm.internal.PropertyReference0Impl                                      : loaded 2 times (x 127B)
Class kotlin.jvm.internal.markers.KMutableCollection                                  : loaded 2 times (x 70B)
Class kotlin.jvm.functions.Function11                                                 : loaded 2 times (x 70B)
Class kotlin.reflect.jvm.internal.KClassImpl$Data$$Lambda$18                          : loaded 2 times (x 76B)
Class kotlin.reflect.jvm.internal.KCallableImpl$$Lambda$1                             : loaded 2 times (x 76B)
Class kotlin.coroutines.intrinsics.IntrinsicsKt                                       : loaded 2 times (x 71B)
Class kotlin.ranges.IntRange$Companion                                                : loaded 2 times (x 71B)
Class kotlin.collections.EmptyMap                                                     : loaded 2 times (x 108B)
Class kotlin.text.MatcherMatchResult$groups$1                                         : loaded 2 times (x 151B)
Class kotlin.reflect.KAnnotatedElement                                                : loaded 2 times (x 70B)
Class kotlin.jvm.internal.Intrinsics                                                  : loaded 2 times (x 71B)
Class com.google.common.cache.LocalCache$StrongEntry                                  : loaded 2 times (x 108B)
Class com.google.common.util.concurrent.AbstractFuture$TrustedFuture                  : loaded 2 times (x 114B)
Class com.google.common.cache.LoadingCache                                            : loaded 2 times (x 70B)
Class com.google.common.util.concurrent.ExecutionError                                : loaded 2 times (x 82B)
Class com.android.tools.lint.model.DefaultLintModelVariant$mainArtifact$2             : loaded 2 times (x 79B)
Class it.unimi.dsi.fastutil.BidirectionalIterator                                     : loaded 2 times (x 70B)
Class kotlin.jvm.functions.Function12                                                 : loaded 2 times (x 70B)
Class kotlin.reflect.jvm.internal.KCallableImpl$$Lambda$2                             : loaded 2 times (x 76B)
Class kotlin.coroutines.intrinsics.CoroutineSingletons                                : loaded 2 times (x 79B)
Class it.unimi.dsi.fastutil.objects.ObjectCollection                                  : loaded 2 times (x 70B)
Class kotlin.collections.MapsKt                                                       : loaded 2 times (x 71B)
Class com.android.tools.lint.model.DefaultLintModelModule                             : loaded 2 times (x 95B)
Class kotlin.collections.CollectionsKt__IterablesKt                                   : loaded 2 times (x 71B)
Class com.google.common.io.ByteStreams$LimitedInputStream                             : loaded 2 times (x 92B)
Class com.google.common.base.Suppliers$NonSerializableMemoizingSupplier               : loaded 2 times (x 79B)
Class [Lcom.google.common.cache.Weigher;                                              : loaded 2 times (x 69B)
Class com.google.common.collect.AbstractMapBasedMultimap$RandomAccessWrappedList      : loaded 2 times (x 205B)
Class kotlin.sequences.SequenceBuilderIterator                                        : loaded 2 times (x 85B)
Class kotlin.jvm.functions.Function13                                                 : loaded 2 times (x 70B)
Class kotlin.reflect.jvm.internal.KCallableImpl$$Lambda$3                             : loaded 2 times (x 76B)
Class com.android.ide.common.gradle.Version$Companion$ParseState$EMPTY                : loaded 2 times (x 74B)
Class kotlin.ranges.OpenEndRange                                                      : loaded 2 times (x 70B)
Class kotlin.text.Charsets                                                            : loaded 2 times (x 71B)
Class kotlin.KotlinNullPointerException                                               : loaded 2 times (x 83B)
Class com.google.common.collect.ImmutableMultimap$1                                   : loaded 2 times (x 82B)
Class com.android.sdklib.IAndroidTarget                                               : loaded 2 times (x 70B)
Class kotlin.jvm.functions.Function14                                                 : loaded 2 times (x 70B)
Class kotlin.reflect.jvm.internal.KCallableImpl$$Lambda$4                             : loaded 2 times (x 76B)
Class kotlin.ranges.RangesKt___RangesKt                                               : loaded 2 times (x 71B)
Class com.android.ide.common.repository.AgpVersion$Companion$WhenMappings             : loaded 2 times (x 71B)
Class kotlin.SafePublicationLazyImpl$Companion                                        : loaded 2 times (x 71B)
Class kotlin.jvm.internal.MutablePropertyReference1                                   : loaded 2 times (x 137B)
Class com.google.common.collect.ImmutableMultimap$2                                   : loaded 2 times (x 81B)
Class com.google.common.cache.LocalCache$ValueReference                               : loaded 2 times (x 70B)
Class kotlin.collections.ArrayDeque$Companion                                         : loaded 2 times (x 71B)
Class kotlin.jvm.internal.PropertyReference1Impl                                      : loaded 2 times (x 127B)
Class kotlin.reflect.jvm.internal.KProperty0Impl$$Lambda$1                            : loaded 2 times (x 76B)
Class com.android.ide.common.blame.SourcePosition                                     : loaded 2 times (x 71B)
Class it.unimi.dsi.fastutil.ints.IntArrays$Segment                                    : loaded 2 times (x 71B)
Class it.unimi.dsi.fastutil.ints.IntBidirectionalIterator                             : loaded 2 times (x 70B)
Class kotlin.jvm.functions.Function15                                                 : loaded 2 times (x 70B)
Class kotlin.reflect.jvm.internal.KCallableImpl$$Lambda$5                             : loaded 2 times (x 76B)
Class com.google.common.collect.AbstractMapBasedMultimap$WrappedCollection            : loaded 2 times (x 124B)
Class com.android.tools.lint.model.LintModelAndroidLibrary                            : loaded 2 times (x 70B)
Class kotlin.text.CharsKt__CharKt                                                     : loaded 2 times (x 71B)
Class kotlin.collections.ArraysKt                                                     : loaded 2 times (x 71B)
Class org.gradle.internal.classloader.ClassLoaderHierarchy                            : loaded 2 times (x 70B)
Class com.google.common.util.concurrent.AbstractFuture$Failure                        : loaded 2 times (x 72B)
Class [Lcom.google.common.base.AbstractIterator$State;                                : loaded 2 times (x 69B)
Class kotlin.sequences.SequencesKt__SequenceBuilderKt                                 : loaded 2 times (x 71B)
Class kotlin.collections.CollectionsKt__ReversedViewsKt                               : loaded 2 times (x 71B)
Class kotlin.sequences.FilteringSequence$iterator$1                                   : loaded 2 times (x 79B)
Class kotlin.io.FilesKt__FileTreeWalkKt                                               : loaded 2 times (x 71B)
Class kotlin.reflect.jvm.internal.KProperty0Impl                                      : loaded 2 times (x 128B)
Class kotlin.jvm.functions.Function16                                                 : loaded 2 times (x 70B)
Class kotlin.reflect.jvm.internal.CacheByClassKt                                      : loaded 2 times (x 71B)
Class kotlin.coroutines.EmptyCoroutineContext                                         : loaded 2 times (x 77B)
Class kotlin.LazyKt                                                                   : loaded 2 times (x 71B)
Class kotlin.collections.SetsKt__SetsKt                                               : loaded 2 times (x 71B)
Class kotlin.jvm.internal.CollectionToArray                                           : loaded 2 times (x 71B)
Class com.google.common.collect.ImmutableSetMultimap                                  : loaded 2 times (x 180B)
Class kotlin.InitializedLazyImpl                                                      : loaded 2 times (x 76B)
Class com.google.common.collect.MapMakerInternalMap$InternalEntryHelper               : loaded 2 times (x 70B)
Class com.google.common.collect.Table                                                 : loaded 2 times (x 70B)
Class kotlin.jvm.internal.MutablePropertyReference0                                   : loaded 2 times (x 137B)
Class kotlin.reflect.jvm.internal.impl.builtins.CompanionObjectMapping                : loaded 2 times (x 71B)
Class kotlin.reflect.jvm.internal.KProperty0Impl$$Lambda$0                            : loaded 2 times (x 76B)
Class com.google.common.hash.HashCode$LongHashCode                                    : loaded 2 times (x 80B)
Class it.unimi.dsi.fastutil.Stack                                                     : loaded 2 times (x 70B)
Class kotlin.jvm.functions.Function17                                                 : loaded 2 times (x 70B)
Class com.android.ide.common.gradle.Version$Companion$ParseState$NUMERIC              : loaded 2 times (x 74B)
Class com.android.ide.common.repository.AgpVersion$PreviewKind                        : loaded 2 times (x 79B)
Class [Lcom.android.tools.lint.model.LintModelModuleType;                             : loaded 2 times (x 69B)
Class com.android.tools.lint.model.LintModelSerialization$LintModelSerializationFileAdapter$WhenMappings: loaded 2 times (x 71B)
Class kotlin.collections.ArraysKt__ArraysJVMKt                                        : loaded 2 times (x 71B)
Class [Lcom.google.common.collect.MapMakerInternalMap$Segment;                        : loaded 2 times (x 69B)
Class org.gradle.internal.classloader.FilteringClassLoader                            : loaded 2 times (x 105B)
Class com.google.common.collect.RangeGwtSerializationDependencies                     : loaded 2 times (x 71B)
Class com.google.common.io.ByteSource$AsCharSource                                    : loaded 2 times (x 86B)
Class com.google.common.cache.LocalCache$EntryFactory$1                               : loaded 2 times (x 83B)
Class [Lcom.google.common.cache.RemovalListener;                                      : loaded 2 times (x 69B)
Class kotlin.jvm.functions.Function18                                                 : loaded 2 times (x 70B)
Class kotlin.reflect.jvm.internal.CachesKt                                            : loaded 2 times (x 71B)
Class kotlin.jvm.internal.CallableReference$NoReceiver                                : loaded 2 times (x 71B)
Class kotlin.text.StringsKt__StringBuilderKt                                          : loaded 2 times (x 71B)
Class com.google.common.collect.RangeSet                                              : loaded 2 times (x 70B)
Class com.google.common.cache.LocalCache$EntryFactory$2                               : loaded 2 times (x 83B)
Class org.gradle.api.internal.classpath.GlobalCacheRootsProvider                      : loaded 2 times (x 70B)
Class kotlin.NotImplementedError                                                      : loaded 2 times (x 82B)
Class kotlin.reflect.KMutableProperty$Setter                                          : loaded 2 times (x 70B)
Class kotlin.text.StringsKt__StringsKt                                                : loaded 2 times (x 71B)
Class it.unimi.dsi.fastutil.ints.IntArrays$ForkJoinQuickSort                          : loaded 2 times (x 96B)
Class kotlin.jvm.functions.Function19                                                 : loaded 2 times (x 70B)
Class kotlin.reflect.jvm.internal.impl.resolve.jvm.JvmClassName                       : loaded 2 times (x 75B)
Class kotlin.Lazy                                                                     : loaded 2 times (x 70B)
Class com.android.prefs.Global                                                        : loaded 2 times (x 80B)
Class kotlin.NoWhenBranchMatchedException                                             : loaded 2 times (x 82B)
Class com.android.prefs.AndroidPathLocator                                            : loaded 2 times (x 73B)
Class com.google.common.collect.CollectCollectors                                     : loaded 2 times (x 71B)
Class com.google.common.cache.LocalCache$EntryFactory$3                               : loaded 2 times (x 83B)
Class com.google.common.base.Ticker$1                                                 : loaded 2 times (x 72B)
Class androidx.lifecycle.lint.NonNullableMutableLiveDataDetector$Companion            : loaded 2 times (x 71B)
Class [Lkotlin.jvm.functions.Function1;                                               : loaded 2 times (x 69B)
Class kotlin.sequences.FlatteningSequence                                             : loaded 2 times (x 75B)
Class com.google.common.collect.SetMultimap                                           : loaded 2 times (x 70B)
Class com.google.common.collect.ImmutableSet$Builder                                  : loaded 2 times (x 85B)
Class com.google.common.cache.LocalCache$EntryFactory$4                               : loaded 2 times (x 83B)
Class com.google.common.io.ByteStreams$1                                              : loaded 2 times (x 85B)
Class com.google.common.cache.LocalCache$EntryFactory$5                               : loaded 2 times (x 83B)
Class kotlin.time.Duration                                                            : loaded 2 times (x 74B)
Class [Lkotlin.reflect.KProperty;                                                     : loaded 2 times (x 69B)
Class kotlin.jvm.internal.markers.KMappedMarker                                       : loaded 2 times (x 70B)
Class kotlin.text.MatcherMatchResult                                                  : loaded 2 times (x 80B)
Class com.google.common.cache.LocalCache$EntryFactory$6                               : loaded 2 times (x 83B)
Class org.gradle.internal.installation.CurrentGradleInstallationLocator               : loaded 2 times (x 71B)
Class org.objectweb.asm.ClassReader                                                   : loaded 2 times (x 94B)
Class kotlin.coroutines.jvm.internal.SpillingKt                                       : loaded 2 times (x 71B)
Class com.android.tools.lint.model.DefaultLintModelDependencyGraph                    : loaded 2 times (x 78B)
Class com.android.tools.lint.model.DefaultLintModelLintOptions                        : loaded 2 times (x 103B)
Class kotlin.text.MatchGroupCollection                                                : loaded 2 times (x 70B)
Class com.google.common.io.ByteSource$SlicedByteSource                                : loaded 2 times (x 85B)
Class com.google.common.collect.ImmutableMultimap$Builder                             : loaded 2 times (x 86B)
Class com.google.common.collect.Maps$KeySet                                           : loaded 2 times (x 137B)
Class com.google.common.collect.ImmutableSet$EmptySetBuilderImpl                      : loaded 2 times (x 76B)
Class com.google.common.cache.LocalCache$EntryFactory$7                               : loaded 2 times (x 83B)
Class org.gradle.internal.service.DefaultServiceLocator                               : loaded 2 times (x 83B)
Class org.jetbrains.kotlin.util.capitalizeDecapitalize.CapitalizeDecapitalizeKt       : loaded 2 times (x 71B)
Class kotlin.reflect.KMutableProperty0                                                : loaded 2 times (x 70B)
Class kotlin.reflect.KClassifier                                                      : loaded 2 times (x 70B)
Class kotlin.coroutines.jvm.internal.SuspendFunction                                  : loaded 2 times (x 70B)
Class com.android.tools.lint.model.LintModelJavaLibrary                               : loaded 2 times (x 70B)
Class com.google.common.collect.ImmutableMultimap$EntryCollection                     : loaded 2 times (x 128B)
Class com.google.common.cache.LocalCache$EntryFactory$8                               : loaded 2 times (x 83B)
Class org.gradle.internal.installation.CurrentGradleInstallation                      : loaded 2 times (x 73B)
Class kotlin.jvm.internal.Ref$BooleanRef                                              : loaded 2 times (x 71B)
Class kotlin.sequences.DropTakeSequence                                               : loaded 2 times (x 70B)
Class org.objectweb.asm.Opcodes                                                       : loaded 2 times (x 70B)
Class kotlin.reflect.KMutableProperty1                                                : loaded 2 times (x 70B)
Class kotlin.coroutines.intrinsics.IntrinsicsKt__IntrinsicsJvmKt                      : loaded 2 times (x 71B)
Class kotlin.coroutines.jvm.internal.CoroutineStackFrame                              : loaded 2 times (x 70B)
Class com.android.tools.lint.model.DefaultLintModelVariant                            : loaded 2 times (x 101B)
Class com.android.tools.lint.model.LintModelArtifact                                  : loaded 2 times (x 70B)
Class com.google.common.cache.CacheLoader$1                                           : loaded 2 times (x 75B)
Class com.google.common.collect.ForwardingObject                                      : loaded 2 times (x 72B)
Class org.gradle.util.internal.GUtil                                                  : loaded 2 times (x 71B)
Class com.android.resources.ResourceEnum                                              : loaded 2 times (x 70B)
Class it.unimi.dsi.fastutil.ints.AbstractIntCollection                                : loaded 2 times (x 185B)
Class kotlin.io.TextStreamsKt                                                         : loaded 2 times (x 71B)
Class kotlin.reflect.KMutableProperty2                                                : loaded 2 times (x 70B)
Class kotlin.collections.CollectionsKt                                                : loaded 2 times (x 71B)
Class com.android.prefs.PathLocator$WhenMappings                                      : loaded 2 times (x 71B)
Class com.google.common.cache.AbstractCache$StatsCounter                              : loaded 2 times (x 70B)
Class com.google.common.collect.MapMakerInternalMap$1                                 : loaded 2 times (x 83B)
Class kotlin.time.DurationUnitKt                                                      : loaded 2 times (x 71B)
Class kotlin.coroutines.jvm.internal.CompletedContinuation                            : loaded 2 times (x 75B)
Class org.objectweb.asm.Context                                                       : loaded 2 times (x 72B)
Class kotlin.ranges.IntProgressionIterator                                            : loaded 2 times (x 82B)
Class kotlin.reflect.jvm.internal.RuntimeTypeMapper                                   : loaded 2 times (x 71B)
Class kotlin.coroutines.jvm.internal.DebugProbesKt                                    : loaded 2 times (x 71B)
Class kotlin.coroutines.CoroutineContext                                              : loaded 2 times (x 70B)
Class org.gradle.internal.service.ServiceLookupException                              : loaded 2 times (x 82B)
Class com.android.tools.lint.model.DefaultLintModelDependency                         : loaded 2 times (x 86B)
Class com.android.tools.lint.model.DefaultLintModelLibrary                            : loaded 2 times (x 86B)
Class com.android.tools.lint.model.DefaultLintModelBuildFeatures                      : loaded 2 times (x 75B)
Class org.gradle.internal.installation.GradleInstallation                             : loaded 2 times (x 75B)
Class kotlin.reflect.jvm.internal.impl.builtins.PrimitiveType$$Lambda$0               : loaded 2 times (x 76B)
Class com.android.prefs.AndroidLocationsException                                     : loaded 2 times (x 82B)
Class com.google.common.base.Splitter$Strategy                                        : loaded 2 times (x 70B)
Class com.google.common.collect.Iterables                                             : loaded 2 times (x 71B)
Class com.android.utils.XmlUtils                                                      : loaded 2 times (x 71B)
Class kotlin.reflect.jvm.internal.impl.builtins.PrimitiveType$$Lambda$1               : loaded 2 times (x 76B)
Class com.android.ide.common.gradle.Part                                              : loaded 2 times (x 77B)
Class kotlin.ranges.IntProgression                                                    : loaded 2 times (x 81B)
Class kotlin.jvm.KotlinReflectionNotSupportedError                                    : loaded 2 times (x 82B)

---------------  S Y S T E M  ---------------

OS:
 Windows 11 , 64 bit Build 26100 (10.0.26100.7920)
OS uptime: 0 days 2:27 hours
Hyper-V role detected

CPU: total 16 (initial active 16) (16 cores per cpu, 2 threads per core) family 25 model 33 stepping 2 microcode 0xa201210, cx8, cmov, fxsr, ht, mmx, 3dnowpref, sse, sse2, sse3, ssse3, sse4a, sse4.1, sse4.2, popcnt, lzcnt, tsc, tscinvbit, avx, avx2, aes, erms, clmul, bmi1, bmi2, adx, sha, fma, vzeroupper, clflush, clflushopt, hv, rdtscp, rdpid, fsrm, f16c, cet_ss
Processor Information for the first 16 processors :
  Max Mhz: 3801, Current Mhz: 3801, Mhz Limit: 3801

Memory: 4k page, system-wide physical 32675M (18145M free)
TotalPageFile size 34723M (AvailPageFile size 13974M)
current process WorkingSet (physical memory assigned to process): 1786M, peak: 1789M
current process commit charge ("private bytes"): 2340M, peak: 2343M

vm_info: OpenJDK 64-Bit Server VM (21.0.9+-14787801-b1163.94) for windows-amd64 JRE (21.0.9+-14787801-b1163.94), built on 2026-01-27T21:15:44Z by "builder" with MS VC++ 16.10 / 16.11 (VS2019)

END.
